-- t_pet_race --
insert into t_pet_race (uuid, name, create_user_id, update_user_id) values('1aa38af8-efd0-4fbb-8c78-d12d17cc9605','小型犬','fc5db3b3-4063-4a12-a511-880ba19e4b58','fc5db3b3-4063-4a12-a511-880ba19e4b58');
insert into t_pet_race (uuid, name, create_user_id, update_user_id) values('34ff5c2e-6625-4d6d-ad39-d1745755b3a8','中型犬','fc5db3b3-4063-4a12-a511-880ba19e4b58','fc5db3b3-4063-4a12-a511-880ba19e4b58');
insert into t_pet_race (uuid, name, create_user_id, update_user_id) values('aa00b4e5-4668-494a-9799-b2ec542a7205','大型犬','fc5db3b3-4063-4a12-a511-880ba19e4b58','fc5db3b3-4063-4a12-a511-880ba19e4b58');
insert into t_pet_race (uuid, name, create_user_id, update_user_id) values('326209c2-59aa-474a-b714-49f3cba8675f','猫','fc5db3b3-4063-4a12-a511-880ba19e4b58','fc5db3b3-4063-4a12-a511-880ba19e4b58');
insert into t_pet_race (uuid, name, create_user_id, update_user_id) values('41fa0032-2400-4ffc-8e16-ed4ec2e6d1c5','兔','fc5db3b3-4063-4a12-a511-880ba19e4b58','fc5db3b3-4063-4a12-a511-880ba19e4b58');
-- t_pet_race --

-- t_pet_small_race --
insert into t_pet_small_race (uuid, type,pet_race_id, create_user_id, update_user_id) values('1aa38af8-efd0-4fbb-8c78-d12d17cc9605','吉娃娃','1aa38af8-efd0-4fbb-8c78-d12d17cc9605','fc5db3b3-4063-4a12-a511-880ba19e4b58','fc5db3b3-4063-4a12-a511-880ba19e4b58');
insert into t_pet_small_race (uuid, type,pet_race_id, create_user_id, update_user_id) values('1aa38af8-efd0-4fbb-8c78-d12d17cc9606','博美犬','1aa38af8-efd0-4fbb-8c78-d12d17cc9605','fc5db3b3-4063-4a12-a511-880ba19e4b58','fc5db3b3-4063-4a12-a511-880ba19e4b58');
insert into t_pet_small_race (uuid, type,pet_race_id, create_user_id, update_user_id) values('1aa38af8-efd0-4fbb-8c78-d12d17cc9607','马尔济斯犬','1aa38af8-efd0-4fbb-8c78-d12d17cc9605','fc5db3b3-4063-4a12-a511-880ba19e4b58','fc5db3b3-4063-4a12-a511-880ba19e4b58');
insert into t_pet_small_race (uuid, type,pet_race_id, create_user_id, update_user_id) values('1aa38af8-efd0-4fbb-8c78-d12d17cc9608','约克夏梗','1aa38af8-efd0-4fbb-8c78-d12d17cc9605','fc5db3b3-4063-4a12-a511-880ba19e4b58','fc5db3b3-4063-4a12-a511-880ba19e4b58');
insert into t_pet_small_race (uuid, type,pet_race_id, create_user_id, update_user_id) values('1aa38af8-efd0-4fbb-8c78-d12d17cc9609','贵宾犬','1aa38af8-efd0-4fbb-8c78-d12d17cc9605','fc5db3b3-4063-4a12-a511-880ba19e4b58','fc5db3b3-4063-4a12-a511-880ba19e4b58');
insert into t_pet_small_race (uuid, type,pet_race_id, create_user_id, update_user_id) values('1aa38af8-efd0-4fbb-8c78-d12d17cc9610','京巴犬','1aa38af8-efd0-4fbb-8c78-d12d17cc9605','fc5db3b3-4063-4a12-a511-880ba19e4b58','fc5db3b3-4063-4a12-a511-880ba19e4b58');
insert into t_pet_small_race (uuid, type,pet_race_id, create_user_id, update_user_id) values('1aa38af8-efd0-4fbb-8c78-d12d17cc9611','蝴蝶犬','1aa38af8-efd0-4fbb-8c78-d12d17cc9605','fc5db3b3-4063-4a12-a511-880ba19e4b58','fc5db3b3-4063-4a12-a511-880ba19e4b58');
insert into t_pet_small_race (uuid, type,pet_race_id, create_user_id, update_user_id) values('1aa38af8-efd0-4fbb-8c78-d12d17cc9612','巴哥犬','1aa38af8-efd0-4fbb-8c78-d12d17cc9605','fc5db3b3-4063-4a12-a511-880ba19e4b58','fc5db3b3-4063-4a12-a511-880ba19e4b58');
insert into t_pet_small_race (uuid, type,pet_race_id, create_user_id, update_user_id) values('1aa38af8-efd0-4fbb-8c78-d12d17cc9613','比格犬','1aa38af8-efd0-4fbb-8c78-d12d17cc9605','fc5db3b3-4063-4a12-a511-880ba19e4b58','fc5db3b3-4063-4a12-a511-880ba19e4b58');
insert into t_pet_small_race (uuid, type,pet_race_id, create_user_id, update_user_id) values('1aa38af8-efd0-4fbb-8c78-d12d17cc9614','哈士奇','34ff5c2e-6625-4d6d-ad39-d1745755b3a8','fc5db3b3-4063-4a12-a511-880ba19e4b58','fc5db3b3-4063-4a12-a511-880ba19e4b58');
insert into t_pet_small_race (uuid, type,pet_race_id, create_user_id, update_user_id) values('1aa38af8-efd0-4fbb-8c78-d12d17cc9615','松狮','34ff5c2e-6625-4d6d-ad39-d1745755b3a8','fc5db3b3-4063-4a12-a511-880ba19e4b58','fc5db3b3-4063-4a12-a511-880ba19e4b58');
insert into t_pet_small_race (uuid, type,pet_race_id, create_user_id, update_user_id) values('1aa38af8-efd0-4fbb-8c78-d12d17cc9616','萨摩耶','34ff5c2e-6625-4d6d-ad39-d1745755b3a8','fc5db3b3-4063-4a12-a511-880ba19e4b58','fc5db3b3-4063-4a12-a511-880ba19e4b58');
insert into t_pet_small_race (uuid, type,pet_race_id, create_user_id, update_user_id) values('1aa38af8-efd0-4fbb-8c78-d12d17cc9617','喜乐蒂','34ff5c2e-6625-4d6d-ad39-d1745755b3a8','fc5db3b3-4063-4a12-a511-880ba19e4b58','fc5db3b3-4063-4a12-a511-880ba19e4b58');
insert into t_pet_small_race (uuid, type,pet_race_id, create_user_id, update_user_id) values('1aa38af8-efd0-4fbb-8c78-d12d17cc9618','柴犬','34ff5c2e-6625-4d6d-ad39-d1745755b3a8','fc5db3b3-4063-4a12-a511-880ba19e4b58','fc5db3b3-4063-4a12-a511-880ba19e4b58');
insert into t_pet_small_race (uuid, type,pet_race_id, create_user_id, update_user_id) values('1aa38af8-efd0-4fbb-8c78-d12d17cc9619','腊肠犬','34ff5c2e-6625-4d6d-ad39-d1745755b3a8','fc5db3b3-4063-4a12-a511-880ba19e4b58','fc5db3b3-4063-4a12-a511-880ba19e4b58');
insert into t_pet_small_race (uuid, type,pet_race_id, create_user_id, update_user_id) values('1aa38af8-efd0-4fbb-8c78-d12d17cc9620','拉布拉多犬','34ff5c2e-6625-4d6d-ad39-d1745755b3a8','fc5db3b3-4063-4a12-a511-880ba19e4b58','fc5db3b3-4063-4a12-a511-880ba19e4b58');
insert into t_pet_small_race (uuid, type,pet_race_id, create_user_id, update_user_id) values('1aa38af8-efd0-4fbb-8c78-d12d17cc9621','中国沙皮犬','34ff5c2e-6625-4d6d-ad39-d1745755b3a8','fc5db3b3-4063-4a12-a511-880ba19e4b58','fc5db3b3-4063-4a12-a511-880ba19e4b58');
insert into t_pet_small_race (uuid, type,pet_race_id, create_user_id, update_user_id) values('1aa38af8-efd0-4fbb-8c78-d12d17cc9622','金毛寻回犬','aa00b4e5-4668-494a-9799-b2ec542a7205','fc5db3b3-4063-4a12-a511-880ba19e4b58','fc5db3b3-4063-4a12-a511-880ba19e4b58');
insert into t_pet_small_race (uuid, type,pet_race_id, create_user_id, update_user_id) values('1aa38af8-efd0-4fbb-8c78-d12d17cc9623','苏格兰牧羊犬','aa00b4e5-4668-494a-9799-b2ec542a7205','fc5db3b3-4063-4a12-a511-880ba19e4b58','fc5db3b3-4063-4a12-a511-880ba19e4b58');
insert into t_pet_small_race (uuid, type,pet_race_id, create_user_id, update_user_id) values('1aa38af8-efd0-4fbb-8c78-d12d17cc9624','美国短毛猫','326209c2-59aa-474a-b714-49f3cba8675f','fc5db3b3-4063-4a12-a511-880ba19e4b58','fc5db3b3-4063-4a12-a511-880ba19e4b58');
insert into t_pet_small_race (uuid, type,pet_race_id, create_user_id, update_user_id) values('1aa38af8-efd0-4fbb-8c78-d12d17cc9625','布偶猫','326209c2-59aa-474a-b714-49f3cba8675f','fc5db3b3-4063-4a12-a511-880ba19e4b58','fc5db3b3-4063-4a12-a511-880ba19e4b58');
insert into t_pet_small_race (uuid, type,pet_race_id, create_user_id, update_user_id) values('1aa38af8-efd0-4fbb-8c78-d12d17cc9626','古代牧羊犬','326209c2-59aa-474a-b714-49f3cba8675f','fc5db3b3-4063-4a12-a511-880ba19e4b58','fc5db3b3-4063-4a12-a511-880ba19e4b58');
insert into t_pet_small_race (uuid, type,pet_race_id, create_user_id, update_user_id) values('1aa38af8-efd0-4fbb-8c78-d12d17cc9627','雪纳瑞','326209c2-59aa-474a-b714-49f3cba8675f','fc5db3b3-4063-4a12-a511-880ba19e4b58','fc5db3b3-4063-4a12-a511-880ba19e4b58');
insert into t_pet_small_race (uuid, type,pet_race_id, create_user_id, update_user_id) values('1aa38af8-efd0-4fbb-8c78-d12d17cc9628','法牛','326209c2-59aa-474a-b714-49f3cba8675f','fc5db3b3-4063-4a12-a511-880ba19e4b58','fc5db3b3-4063-4a12-a511-880ba19e4b58');
insert into t_pet_small_race (uuid, type,pet_race_id, create_user_id, update_user_id) values('1aa38af8-efd0-4fbb-8c78-d12d17cc9629','波斯猫','326209c2-59aa-474a-b714-49f3cba8675f','fc5db3b3-4063-4a12-a511-880ba19e4b58','fc5db3b3-4063-4a12-a511-880ba19e4b58');
insert into t_pet_small_race (uuid, type,pet_race_id, create_user_id, update_user_id) values('1aa38af8-efd0-4fbb-8c78-d12d17cc9630','流氓兔','41fa0032-2400-4ffc-8e16-ed4ec2e6d1c5','fc5db3b3-4063-4a12-a511-880ba19e4b58','fc5db3b3-4063-4a12-a511-880ba19e4b58');
-- t_pet_small_race --

-- t_warehouse --
insert into t_warehouse (uuid, code, name,drug_store,sell_store,create_user_id, update_user_id) values(uuid(),'CK00003','后备仓库',false,false,'fc5db3b3-4063-4a12-a511-880ba19e4b58','fc5db3b3-4063-4a12-a511-880ba19e4b58');
insert into t_warehouse (uuid, code, name,drug_store,sell_store, create_user_id, update_user_id) values(uuid(),'CKBH0000001','医院药房',true,true,'fc5db3b3-4063-4a12-a511-880ba19e4b58','fc5db3b3-4063-4a12-a511-880ba19e4b58');
-- t_warehouse --

--t_item_cate---
INSERT into t_item_cate (uuid, cate_no, parent_id,cate_name,busi_type_id, single_profit, create_user_id,update_user_id)
            VALUES ('5a2ba3bf-37d2-4d18-ac49-09ab7823e40d','ICate01', NULL, '宠物药品', '0b02ebb8-e341-420b-9267-453610635ecd', NULL, '34ff5c2e-6625-4d6d-ad39-d1745755b3a8', '34ff5c2e-6625-4d6d-ad39-d1745755b3a8');
INSERT into t_item_cate (uuid, cate_no, parent_id,cate_name,busi_type_id, single_profit, create_user_id,update_user_id) VALUES ('1467f659-dbf8-4ede-89fd-396b08bbdc8c', 'ICate02', NULL, '宠物食品', '18644a6e-a004-4ce0-a11f-d100dfbc1caa', NULL, '34ff5c2e-6625-4d6d-ad39-d1745755b3a8', '34ff5c2e-6625-4d6d-ad39-d1745755b3a8');
INSERT into t_item_cate (uuid, cate_no, parent_id,cate_name,busi_type_id, single_profit, create_user_id,update_user_id) VALUES ('f99a04f7-61e3-4df6-9a3d-5e2a76ea90a5', 'ICate03', NULL, '宠物用品', '18644a6e-a004-4ce0-a11f-d100dfbc1caa', NULL, '34ff5c2e-6625-4d6d-ad39-d1745755b3a8', '34ff5c2e-6625-4d6d-ad39-d1745755b3a8');
INSERT into t_item_cate (uuid, cate_no, parent_id,cate_name,busi_type_id, single_profit, create_user_id,update_user_id) VALUES ('405e50ad-57ce-4db1-92cb-db9aa6dfb3fc', 'ICate04', NULL, '化验项目', 'b2af0b06-2d84-4d24-b62c-9e72db66ad70', NULL, '34ff5c2e-6625-4d6d-ad39-d1745755b3a8',  '34ff5c2e-6625-4d6d-ad39-d1745755b3a8');
INSERT into t_item_cate (uuid, cate_no, parent_id,cate_name,busi_type_id, single_profit, create_user_id,update_user_id) VALUES ('f5ca1dcb-41e4-4553-b41e-f3eeda6d56f1', 'ICate05', NULL, '影像项目', '34ff5c2e-6625-4d6d-ad39-d1745755b3a8', NULL, '34ff5c2e-6625-4d6d-ad39-d1745755b3a8',  '34ff5c2e-6625-4d6d-ad39-d1745755b3a8');
INSERT into t_item_cate (uuid, cate_no, parent_id,cate_name,busi_type_id, single_profit, create_user_id,update_user_id) VALUES ('7b3fe252-bddd-4ffe-9527-468aaa6629b7', 'ICate06', NULL, '住院项目', '97382cb9-3811-413d-91ea-d3696c5c9f18', NULL, '34ff5c2e-6625-4d6d-ad39-d1745755b3a8',  '34ff5c2e-6625-4d6d-ad39-d1745755b3a8');
INSERT into t_item_cate (uuid, cate_no, parent_id,cate_name,busi_type_id, single_profit, create_user_id,update_user_id) VALUES ('907a8571-f227-4669-bb98-a14a10f04ff4', 'ICate07', NULL, '宠物手术', 'd4cbb873-6e1b-49cd-8e09-82c39e932dfb', NULL, '34ff5c2e-6625-4d6d-ad39-d1745755b3a8',  '34ff5c2e-6625-4d6d-ad39-d1745755b3a8');
INSERT into t_item_cate (uuid, cate_no, parent_id,cate_name,busi_type_id, single_profit, create_user_id,update_user_id) VALUES ('ca3c0c8c-3132-49a2-b0f1-76d4e4dd1c6b', 'ICate08', NULL, '医疗处置', '3d2d574e-f3f0-4415-9472-fc01fd24ea27', NULL, '34ff5c2e-6625-4d6d-ad39-d1745755b3a8',  '34ff5c2e-6625-4d6d-ad39-d1745755b3a8');
INSERT into t_item_cate (uuid, cate_no, parent_id,cate_name,busi_type_id, single_profit, create_user_id,update_user_id) VALUES ('eb6ebe05-f623-47c1-8e2f-ef911756bb3c', 'ICate09', NULL, '驱虫疫苗', 'e1670d8a-f098-4963-9157-a8c234d9d8fb', NULL, '34ff5c2e-6625-4d6d-ad39-d1745755b3a8',  '34ff5c2e-6625-4d6d-ad39-d1745755b3a8');
INSERT into t_item_cate (uuid, cate_no, parent_id,cate_name,busi_type_id, single_profit, create_user_id,update_user_id) VALUES ('2d8d75d7-c7af-4ceb-901b-22a7141c87bc', 'ICate10', NULL, '挂号项目', '51469657-32f6-46be-913a-316acb90eedf', NULL, '34ff5c2e-6625-4d6d-ad39-d1745755b3a8',  '34ff5c2e-6625-4d6d-ad39-d1745755b3a8');
INSERT into t_item_cate (uuid, cate_no, parent_id,cate_name,busi_type_id, single_profit, create_user_id,update_user_id) VALUES ('d7079dde-f3b0-4db6-b693-a78ddb33d02d', 'ICate11', NULL, '寄养项目', '5a2ba3bf-37d2-4d18-ac49-09ab7823e40R', NULL, '34ff5c2e-6625-4d6d-ad39-d1745755b3a8',  '34ff5c2e-6625-4d6d-ad39-d1745755b3a8');
INSERT into t_item_cate (uuid, cate_no, parent_id,cate_name,busi_type_id, single_profit, create_user_id,update_user_id) VALUES ('625da585-89d6-4435-a5e7-a9e948585d1d', 'ICate12', NULL, '美容服务', '9fa7b1df-3f0d-48eb-82d3-f143e5cbb7b3', NULL, '34ff5c2e-6625-4d6d-ad39-d1745755b3a8',  '34ff5c2e-6625-4d6d-ad39-d1745755b3a8');
INSERT into t_item_cate (uuid, cate_no, parent_id,cate_name,busi_type_id, single_profit, create_user_id,update_user_id) VALUES ('f2d13040-8d4d-4244-9f4a-e788b50eee6e', 'FWLX00013', NULL, '测试', '18644a6e-a004-4ce0-a11f-d100dfbc1caa', NULL, '34ff5c2e-6625-4d6d-ad39-d1745755b3a8',  '34ff5c2e-6625-4d6d-ad39-d1745755b3a8');
INSERT into t_item_cate (uuid, cate_no, parent_id,cate_name,busi_type_id, single_profit, create_user_id,update_user_id) VALUES ('c16991a8-79b0-4d6f-bfa2-1cf10b0f984d', 'ICate0201', '1467f659-dbf8-4ede-89fd-396b08bbdc8c', '宠儿香家庭专用系列 美健膳食罐头', '18644a6e-a004-4ce0-a11f-d100dfbc1caa', 12.00,'34ff5c2e-6625-4d6d-ad39-d1745755b3a8','34ff5c2e-6625-4d6d-ad39-d1745755b3a8');
INSERT into t_item_cate (uuid, cate_no, parent_id,cate_name,busi_type_id, single_profit, create_user_id,update_user_id) VALUES ('578d88da-a3bb-43a3-886e-6844e9ea9e49', 'ICate0202', '1467f659-dbf8-4ede-89fd-396b08bbdc8c', '海鲜类', '18644a6e-a004-4ce0-a11f-d100dfbc1caa', 20.00, '34ff5c2e-6625-4d6d-ad39-d1745755b3a8','34ff5c2e-6625-4d6d-ad39-d1745755b3a8');
--t_item_cate---
--t_busines_cate--
INSERT into t_busines_cate(uuid,cate_name,create_user_id,update_user_id) VALUES ('ff969be2-a25b-451e-8fe1-e434b21a94f2', '宠物食品','34ff5c2e-6625-4d6d-ad39-d1745755b3a8','34ff5c2e-6625-4d6d-ad39-d1745755b3a8');
INSERT into t_busines_cate(uuid,cate_name,create_user_id,update_user_id)  VALUES ('18644a6e-a004-4ce0-a11f-d100dfbc1caa', '宠物用品','34ff5c2e-6625-4d6d-ad39-d1745755b3a8','34ff5c2e-6625-4d6d-ad39-d1745755b3a8');
INSERT into t_busines_cate(uuid,cate_name,create_user_id,update_user_id)  VALUES ('0b02ebb8-e341-420b-9267-453610635ecd', '宠物药品','34ff5c2e-6625-4d6d-ad39-d1745755b3a8','34ff5c2e-6625-4d6d-ad39-d1745755b3a8');
INSERT into t_busines_cate(uuid,cate_name,create_user_id,update_user_id)  VALUES ('b2af0b06-2d84-4d24-b62c-9e72db66ad70', '化验项目','34ff5c2e-6625-4d6d-ad39-d1745755b3a8','34ff5c2e-6625-4d6d-ad39-d1745755b3a8');
INSERT into t_busines_cate(uuid,cate_name,create_user_id,update_user_id)  VALUES ('abcfd990-246e-4921-a843-cca968a95e0e', '影像项目','34ff5c2e-6625-4d6d-ad39-d1745755b3a8','34ff5c2e-6625-4d6d-ad39-d1745755b3a8');
INSERT into t_busines_cate(uuid,cate_name,create_user_id,update_user_id)  VALUES ('97382cb9-3811-413d-91ea-d3696c5c9f18', '住院项目','34ff5c2e-6625-4d6d-ad39-d1745755b3a8','34ff5c2e-6625-4d6d-ad39-d1745755b3a8');
INSERT into t_busines_cate(uuid,cate_name,create_user_id,update_user_id)  VALUES ('d4cbb873-6e1b-49cd-8e09-82c39e932dfb', '宠物手术','34ff5c2e-6625-4d6d-ad39-d1745755b3a8','34ff5c2e-6625-4d6d-ad39-d1745755b3a8');
INSERT into t_busines_cate(uuid,cate_name,create_user_id,update_user_id)  VALUES ('3d2d574e-f3f0-4415-9472-fc01fd24ea27', '医疗处置','34ff5c2e-6625-4d6d-ad39-d1745755b3a8','34ff5c2e-6625-4d6d-ad39-d1745755b3a8');
INSERT into t_busines_cate(uuid,cate_name,create_user_id,update_user_id)  VALUES ('e1670d8a-f098-4963-9157-a8c234d9d8fb', '驱虫疫苗','34ff5c2e-6625-4d6d-ad39-d1745755b3a8','34ff5c2e-6625-4d6d-ad39-d1745755b3a8');
INSERT into t_busines_cate(uuid,cate_name,create_user_id,update_user_id)  VALUES ('51469657-32f6-46be-913a-316acb90eedf', '挂号费用','34ff5c2e-6625-4d6d-ad39-d1745755b3a8','34ff5c2e-6625-4d6d-ad39-d1745755b3a8');
INSERT into t_busines_cate(uuid,cate_name,create_user_id,update_user_id)  VALUES ('5a2ba3bf-37d2-4d18-ac49-09ab7823e40R', '寄养项目','34ff5c2e-6625-4d6d-ad39-d1745755b3a8','34ff5c2e-6625-4d6d-ad39-d1745755b3a8');
INSERT into t_busines_cate(uuid,cate_name,create_user_id,update_user_id)  VALUES ('9fa7b1df-3f0d-48eb-82d3-f143e5cbb7b3', '美容服务','34ff5c2e-6625-4d6d-ad39-d1745755b3a8','34ff5c2e-6625-4d6d-ad39-d1745755b3a8');
---t_busines_cate--