-- t_pet_race --
insert into t_pet_race (uuid, name, create_user_id, update_user_id) values('1aa38af8-efd0-4fbb-8c78-d12d17cc9605','小型犬','fc5db3b3-4063-4a12-a511-880ba19e4b58','fc5db3b3-4063-4a12-a511-880ba19e4b58');
insert into t_pet_race (uuid, name, create_user_id, update_user_id) values('34ff5c2e-6625-4d6d-ad39-d1745755b3a8','中型犬','fc5db3b3-4063-4a12-a511-880ba19e4b58','fc5db3b3-4063-4a12-a511-880ba19e4b58');
insert into t_pet_race (uuid, name, create_user_id, update_user_id) values('aa00b4e5-4668-494a-9799-b2ec542a7205','大型犬','fc5db3b3-4063-4a12-a511-880ba19e4b58','fc5db3b3-4063-4a12-a511-880ba19e4b58');
insert into t_pet_race (uuid, name, create_user_id, update_user_id) values('326209c2-59aa-474a-b714-49f3cba8675f','猫','fc5db3b3-4063-4a12-a511-880ba19e4b58','fc5db3b3-4063-4a12-a511-880ba19e4b58');
insert into t_pet_race (uuid, name, create_user_id, update_user_id) values('41fa0032-2400-4ffc-8e16-ed4ec2e6d1c5','兔','fc5db3b3-4063-4a12-a511-880ba19e4b58','fc5db3b3-4063-4a12-a511-880ba19e4b58');
-- t_pet_race --

-- t_pet_small_race --
insert into t_pet_small_race (uuid, type,pet_race_id, create_user_id, update_user_id) values('1aa38af8-efd0-4fbb-8c78-d12d17cc9605','吉娃娃','1aa38af8-efd0-4fbb-8c78-d12d17cc9605','fc5db3b3-4063-4a12-a511-880ba19e4b58','fc5db3b3-4063-4a12-a511-880ba19e4b58');
insert into t_pet_small_race (uuid, type,pet_race_id, create_user_id, update_user_id) values('1aa38af8-efd0-4fbb-8c78-d12d17cc9606','博美犬','1aa38af8-efd0-4fbb-8c78-d12d17cc9605','fc5db3b3-4063-4a12-a511-880ba19e4b58','fc5db3b3-4063-4a12-a511-880ba19e4b58');
insert into t_pet_small_race (uuid, type,pet_race_id, create_user_id, update_user_id) values('1aa38af8-efd0-4fbb-8c78-d12d17cc9607','马尔济斯犬','1aa38af8-efd0-4fbb-8c78-d12d17cc9605','fc5db3b3-4063-4a12-a511-880ba19e4b58','fc5db3b3-4063-4a12-a511-880ba19e4b58');
insert into t_pet_small_race (uuid, type,pet_race_id, create_user_id, update_user_id) values('1aa38af8-efd0-4fbb-8c78-d12d17cc9608','约克夏梗','1aa38af8-efd0-4fbb-8c78-d12d17cc9605','fc5db3b3-4063-4a12-a511-880ba19e4b58','fc5db3b3-4063-4a12-a511-880ba19e4b58');
insert into t_pet_small_race (uuid, type,pet_race_id, create_user_id, update_user_id) values('1aa38af8-efd0-4fbb-8c78-d12d17cc9609','贵宾犬','1aa38af8-efd0-4fbb-8c78-d12d17cc9605','fc5db3b3-4063-4a12-a511-880ba19e4b58','fc5db3b3-4063-4a12-a511-880ba19e4b58');
insert into t_pet_small_race (uuid, type,pet_race_id, create_user_id, update_user_id) values('1aa38af8-efd0-4fbb-8c78-d12d17cc9610','京巴犬','1aa38af8-efd0-4fbb-8c78-d12d17cc9605','fc5db3b3-4063-4a12-a511-880ba19e4b58','fc5db3b3-4063-4a12-a511-880ba19e4b58');
insert into t_pet_small_race (uuid, type,pet_race_id, create_user_id, update_user_id) values('1aa38af8-efd0-4fbb-8c78-d12d17cc9611','蝴蝶犬','1aa38af8-efd0-4fbb-8c78-d12d17cc9605','fc5db3b3-4063-4a12-a511-880ba19e4b58','fc5db3b3-4063-4a12-a511-880ba19e4b58');
insert into t_pet_small_race (uuid, type,pet_race_id, create_user_id, update_user_id) values('1aa38af8-efd0-4fbb-8c78-d12d17cc9612','巴哥犬','1aa38af8-efd0-4fbb-8c78-d12d17cc9605','fc5db3b3-4063-4a12-a511-880ba19e4b58','fc5db3b3-4063-4a12-a511-880ba19e4b58');
insert into t_pet_small_race (uuid, type,pet_race_id, create_user_id, update_user_id) values('1aa38af8-efd0-4fbb-8c78-d12d17cc9613','比格犬','1aa38af8-efd0-4fbb-8c78-d12d17cc9605','fc5db3b3-4063-4a12-a511-880ba19e4b58','fc5db3b3-4063-4a12-a511-880ba19e4b58');
insert into t_pet_small_race (uuid, type,pet_race_id, create_user_id, update_user_id) values('1aa38af8-efd0-4fbb-8c78-d12d17cc9614','哈士奇','34ff5c2e-6625-4d6d-ad39-d1745755b3a8','fc5db3b3-4063-4a12-a511-880ba19e4b58','fc5db3b3-4063-4a12-a511-880ba19e4b58');
insert into t_pet_small_race (uuid, type,pet_race_id, create_user_id, update_user_id) values('1aa38af8-efd0-4fbb-8c78-d12d17cc9615','松狮','34ff5c2e-6625-4d6d-ad39-d1745755b3a8','fc5db3b3-4063-4a12-a511-880ba19e4b58','fc5db3b3-4063-4a12-a511-880ba19e4b58');
insert into t_pet_small_race (uuid, type,pet_race_id, create_user_id, update_user_id) values('1aa38af8-efd0-4fbb-8c78-d12d17cc9616','萨摩耶','34ff5c2e-6625-4d6d-ad39-d1745755b3a8','fc5db3b3-4063-4a12-a511-880ba19e4b58','fc5db3b3-4063-4a12-a511-880ba19e4b58');
insert into t_pet_small_race (uuid, type,pet_race_id, create_user_id, update_user_id) values('1aa38af8-efd0-4fbb-8c78-d12d17cc9617','喜乐蒂','34ff5c2e-6625-4d6d-ad39-d1745755b3a8','fc5db3b3-4063-4a12-a511-880ba19e4b58','fc5db3b3-4063-4a12-a511-880ba19e4b58');
insert into t_pet_small_race (uuid, type,pet_race_id, create_user_id, update_user_id) values('1aa38af8-efd0-4fbb-8c78-d12d17cc9618','柴犬','34ff5c2e-6625-4d6d-ad39-d1745755b3a8','fc5db3b3-4063-4a12-a511-880ba19e4b58','fc5db3b3-4063-4a12-a511-880ba19e4b58');
insert into t_pet_small_race (uuid, type,pet_race_id, create_user_id, update_user_id) values('1aa38af8-efd0-4fbb-8c78-d12d17cc9619','腊肠犬','34ff5c2e-6625-4d6d-ad39-d1745755b3a8','fc5db3b3-4063-4a12-a511-880ba19e4b58','fc5db3b3-4063-4a12-a511-880ba19e4b58');
insert into t_pet_small_race (uuid, type,pet_race_id, create_user_id, update_user_id) values('1aa38af8-efd0-4fbb-8c78-d12d17cc9620','拉布拉多犬','34ff5c2e-6625-4d6d-ad39-d1745755b3a8','fc5db3b3-4063-4a12-a511-880ba19e4b58','fc5db3b3-4063-4a12-a511-880ba19e4b58');
insert into t_pet_small_race (uuid, type,pet_race_id, create_user_id, update_user_id) values('1aa38af8-efd0-4fbb-8c78-d12d17cc9621','中国沙皮犬','34ff5c2e-6625-4d6d-ad39-d1745755b3a8','fc5db3b3-4063-4a12-a511-880ba19e4b58','fc5db3b3-4063-4a12-a511-880ba19e4b58');
insert into t_pet_small_race (uuid, type,pet_race_id, create_user_id, update_user_id) values('1aa38af8-efd0-4fbb-8c78-d12d17cc9622','金毛寻回犬','aa00b4e5-4668-494a-9799-b2ec542a7205','fc5db3b3-4063-4a12-a511-880ba19e4b58','fc5db3b3-4063-4a12-a511-880ba19e4b58');
insert into t_pet_small_race (uuid, type,pet_race_id, create_user_id, update_user_id) values('1aa38af8-efd0-4fbb-8c78-d12d17cc9623','苏格兰牧羊犬','aa00b4e5-4668-494a-9799-b2ec542a7205','fc5db3b3-4063-4a12-a511-880ba19e4b58','fc5db3b3-4063-4a12-a511-880ba19e4b58');
insert into t_pet_small_race (uuid, type,pet_race_id, create_user_id, update_user_id) values('1aa38af8-efd0-4fbb-8c78-d12d17cc9624','美国短毛猫','326209c2-59aa-474a-b714-49f3cba8675f','fc5db3b3-4063-4a12-a511-880ba19e4b58','fc5db3b3-4063-4a12-a511-880ba19e4b58');
insert into t_pet_small_race (uuid, type,pet_race_id, create_user_id, update_user_id) values('1aa38af8-efd0-4fbb-8c78-d12d17cc9625','布偶猫','326209c2-59aa-474a-b714-49f3cba8675f','fc5db3b3-4063-4a12-a511-880ba19e4b58','fc5db3b3-4063-4a12-a511-880ba19e4b58');
insert into t_pet_small_race (uuid, type,pet_race_id, create_user_id, update_user_id) values('1aa38af8-efd0-4fbb-8c78-d12d17cc9626','古代牧羊犬','326209c2-59aa-474a-b714-49f3cba8675f','fc5db3b3-4063-4a12-a511-880ba19e4b58','fc5db3b3-4063-4a12-a511-880ba19e4b58');
insert into t_pet_small_race (uuid, type,pet_race_id, create_user_id, update_user_id) values('1aa38af8-efd0-4fbb-8c78-d12d17cc9627','雪纳瑞','326209c2-59aa-474a-b714-49f3cba8675f','fc5db3b3-4063-4a12-a511-880ba19e4b58','fc5db3b3-4063-4a12-a511-880ba19e4b58');
insert into t_pet_small_race (uuid, type,pet_race_id, create_user_id, update_user_id) values('1aa38af8-efd0-4fbb-8c78-d12d17cc9628','法牛','326209c2-59aa-474a-b714-49f3cba8675f','fc5db3b3-4063-4a12-a511-880ba19e4b58','fc5db3b3-4063-4a12-a511-880ba19e4b58');
insert into t_pet_small_race (uuid, type,pet_race_id, create_user_id, update_user_id) values('1aa38af8-efd0-4fbb-8c78-d12d17cc9629','波斯猫','326209c2-59aa-474a-b714-49f3cba8675f','fc5db3b3-4063-4a12-a511-880ba19e4b58','fc5db3b3-4063-4a12-a511-880ba19e4b58');
insert into t_pet_small_race (uuid, type,pet_race_id, create_user_id, update_user_id) values('1aa38af8-efd0-4fbb-8c78-d12d17cc9630','流氓兔','41fa0032-2400-4ffc-8e16-ed4ec2e6d1c5','fc5db3b3-4063-4a12-a511-880ba19e4b58','fc5db3b3-4063-4a12-a511-880ba19e4b58');
-- t_pet_small_race --

-- t_warehouse --
insert into t_warehouse (uuid, code, name,drug_store,sell_store,create_user_id, update_user_id) values(uuid(),'CK00003','后备仓库',false,false,'fc5db3b3-4063-4a12-a511-880ba19e4b58','fc5db3b3-4063-4a12-a511-880ba19e4b58');
insert into t_warehouse (uuid, code, name,drug_store,sell_store, create_user_id, update_user_id) values(uuid(),'CKBH0000001','医院药房',true,true,'fc5db3b3-4063-4a12-a511-880ba19e4b58','fc5db3b3-4063-4a12-a511-880ba19e4b58');
-- t_warehouse --