-- t_pet_race --
insert into t_pet_race (uuid, name, create_user_id, update_user_id) values('1aa38af8-efd0-4fbb-8c78-d12d17cc9605','小型犬','fc5db3b3-4063-4a12-a511-880ba19e4b58','fc5db3b3-4063-4a12-a511-880ba19e4b58');
insert into t_pet_race (uuid, name, create_user_id, update_user_id) values('34ff5c2e-6625-4d6d-ad39-d1745755b3a8','中型犬','fc5db3b3-4063-4a12-a511-880ba19e4b58','fc5db3b3-4063-4a12-a511-880ba19e4b58');
insert into t_pet_race (uuid, name, create_user_id, update_user_id) values('aa00b4e5-4668-494a-9799-b2ec542a7205','大型犬','fc5db3b3-4063-4a12-a511-880ba19e4b58','fc5db3b3-4063-4a12-a511-880ba19e4b58');
insert into t_pet_race (uuid, name, create_user_id, update_user_id) values('326209c2-59aa-474a-b714-49f3cba8675f','猫','fc5db3b3-4063-4a12-a511-880ba19e4b58','fc5db3b3-4063-4a12-a511-880ba19e4b58');
insert into t_pet_race (uuid, name, create_user_id, update_user_id) values('41fa0032-2400-4ffc-8e16-ed4ec2e6d1c5','兔','fc5db3b3-4063-4a12-a511-880ba19e4b58','fc5db3b3-4063-4a12-a511-880ba19e4b58');
-- t_pet_race --

-- t_pet_small_race --
insert into t_pet_small_race (uuid, type,pet_race_id, create_user_id, update_user_id) values('1aa38af8-efd0-4fbb-8c78-d12d17cc9605','吉娃娃','1aa38af8-efd0-4fbb-8c78-d12d17cc9605','fc5db3b3-4063-4a12-a511-880ba19e4b58','fc5db3b3-4063-4a12-a511-880ba19e4b58');
insert into t_pet_small_race (uuid, type,pet_race_id, create_user_id, update_user_id) values('1aa38af8-efd0-4fbb-8c78-d12d17cc9606','博美犬','1aa38af8-efd0-4fbb-8c78-d12d17cc9605','fc5db3b3-4063-4a12-a511-880ba19e4b58','fc5db3b3-4063-4a12-a511-880ba19e4b58');
insert into t_pet_small_race (uuid, type,pet_race_id, create_user_id, update_user_id) values('1aa38af8-efd0-4fbb-8c78-d12d17cc9607','马尔济斯犬','1aa38af8-efd0-4fbb-8c78-d12d17cc9605','fc5db3b3-4063-4a12-a511-880ba19e4b58','fc5db3b3-4063-4a12-a511-880ba19e4b58');
insert into t_pet_small_race (uuid, type,pet_race_id, create_user_id, update_user_id) values('1aa38af8-efd0-4fbb-8c78-d12d17cc9608','约克夏梗','1aa38af8-efd0-4fbb-8c78-d12d17cc9605','fc5db3b3-4063-4a12-a511-880ba19e4b58','fc5db3b3-4063-4a12-a511-880ba19e4b58');
insert into t_pet_small_race (uuid, type,pet_race_id, create_user_id, update_user_id) values('1aa38af8-efd0-4fbb-8c78-d12d17cc9609','贵宾犬','1aa38af8-efd0-4fbb-8c78-d12d17cc9605','fc5db3b3-4063-4a12-a511-880ba19e4b58','fc5db3b3-4063-4a12-a511-880ba19e4b58');
insert into t_pet_small_race (uuid, type,pet_race_id, create_user_id, update_user_id) values('1aa38af8-efd0-4fbb-8c78-d12d17cc9610','京巴犬','1aa38af8-efd0-4fbb-8c78-d12d17cc9605','fc5db3b3-4063-4a12-a511-880ba19e4b58','fc5db3b3-4063-4a12-a511-880ba19e4b58');
insert into t_pet_small_race (uuid, type,pet_race_id, create_user_id, update_user_id) values('1aa38af8-efd0-4fbb-8c78-d12d17cc9611','蝴蝶犬','1aa38af8-efd0-4fbb-8c78-d12d17cc9605','fc5db3b3-4063-4a12-a511-880ba19e4b58','fc5db3b3-4063-4a12-a511-880ba19e4b58');
insert into t_pet_small_race (uuid, type,pet_race_id, create_user_id, update_user_id) values('1aa38af8-efd0-4fbb-8c78-d12d17cc9612','巴哥犬','1aa38af8-efd0-4fbb-8c78-d12d17cc9605','fc5db3b3-4063-4a12-a511-880ba19e4b58','fc5db3b3-4063-4a12-a511-880ba19e4b58');
insert into t_pet_small_race (uuid, type,pet_race_id, create_user_id, update_user_id) values('1aa38af8-efd0-4fbb-8c78-d12d17cc9613','比格犬','1aa38af8-efd0-4fbb-8c78-d12d17cc9605','fc5db3b3-4063-4a12-a511-880ba19e4b58','fc5db3b3-4063-4a12-a511-880ba19e4b58');
insert into t_pet_small_race (uuid, type,pet_race_id, create_user_id, update_user_id) values('1aa38af8-efd0-4fbb-8c78-d12d17cc9614','哈士奇','34ff5c2e-6625-4d6d-ad39-d1745755b3a8','fc5db3b3-4063-4a12-a511-880ba19e4b58','fc5db3b3-4063-4a12-a511-880ba19e4b58');
insert into t_pet_small_race (uuid, type,pet_race_id, create_user_id, update_user_id) values('1aa38af8-efd0-4fbb-8c78-d12d17cc9615','松狮','34ff5c2e-6625-4d6d-ad39-d1745755b3a8','fc5db3b3-4063-4a12-a511-880ba19e4b58','fc5db3b3-4063-4a12-a511-880ba19e4b58');
insert into t_pet_small_race (uuid, type,pet_race_id, create_user_id, update_user_id) values('1aa38af8-efd0-4fbb-8c78-d12d17cc9616','萨摩耶','34ff5c2e-6625-4d6d-ad39-d1745755b3a8','fc5db3b3-4063-4a12-a511-880ba19e4b58','fc5db3b3-4063-4a12-a511-880ba19e4b58');
insert into t_pet_small_race (uuid, type,pet_race_id, create_user_id, update_user_id) values('1aa38af8-efd0-4fbb-8c78-d12d17cc9617','喜乐蒂','34ff5c2e-6625-4d6d-ad39-d1745755b3a8','fc5db3b3-4063-4a12-a511-880ba19e4b58','fc5db3b3-4063-4a12-a511-880ba19e4b58');
insert into t_pet_small_race (uuid, type,pet_race_id, create_user_id, update_user_id) values('1aa38af8-efd0-4fbb-8c78-d12d17cc9618','柴犬','34ff5c2e-6625-4d6d-ad39-d1745755b3a8','fc5db3b3-4063-4a12-a511-880ba19e4b58','fc5db3b3-4063-4a12-a511-880ba19e4b58');
insert into t_pet_small_race (uuid, type,pet_race_id, create_user_id, update_user_id) values('1aa38af8-efd0-4fbb-8c78-d12d17cc9619','腊肠犬','34ff5c2e-6625-4d6d-ad39-d1745755b3a8','fc5db3b3-4063-4a12-a511-880ba19e4b58','fc5db3b3-4063-4a12-a511-880ba19e4b58');
insert into t_pet_small_race (uuid, type,pet_race_id, create_user_id, update_user_id) values('1aa38af8-efd0-4fbb-8c78-d12d17cc9620','拉布拉多犬','34ff5c2e-6625-4d6d-ad39-d1745755b3a8','fc5db3b3-4063-4a12-a511-880ba19e4b58','fc5db3b3-4063-4a12-a511-880ba19e4b58');
insert into t_pet_small_race (uuid, type,pet_race_id, create_user_id, update_user_id) values('1aa38af8-efd0-4fbb-8c78-d12d17cc9621','中国沙皮犬','34ff5c2e-6625-4d6d-ad39-d1745755b3a8','fc5db3b3-4063-4a12-a511-880ba19e4b58','fc5db3b3-4063-4a12-a511-880ba19e4b58');
insert into t_pet_small_race (uuid, type,pet_race_id, create_user_id, update_user_id) values('1aa38af8-efd0-4fbb-8c78-d12d17cc9622','金毛寻回犬','aa00b4e5-4668-494a-9799-b2ec542a7205','fc5db3b3-4063-4a12-a511-880ba19e4b58','fc5db3b3-4063-4a12-a511-880ba19e4b58');
insert into t_pet_small_race (uuid, type,pet_race_id, create_user_id, update_user_id) values('1aa38af8-efd0-4fbb-8c78-d12d17cc9623','苏格兰牧羊犬','aa00b4e5-4668-494a-9799-b2ec542a7205','fc5db3b3-4063-4a12-a511-880ba19e4b58','fc5db3b3-4063-4a12-a511-880ba19e4b58');
insert into t_pet_small_race (uuid, type,pet_race_id, create_user_id, update_user_id) values('1aa38af8-efd0-4fbb-8c78-d12d17cc9624','美国短毛猫','326209c2-59aa-474a-b714-49f3cba8675f','fc5db3b3-4063-4a12-a511-880ba19e4b58','fc5db3b3-4063-4a12-a511-880ba19e4b58');
insert into t_pet_small_race (uuid, type,pet_race_id, create_user_id, update_user_id) values('1aa38af8-efd0-4fbb-8c78-d12d17cc9625','布偶猫','326209c2-59aa-474a-b714-49f3cba8675f','fc5db3b3-4063-4a12-a511-880ba19e4b58','fc5db3b3-4063-4a12-a511-880ba19e4b58');
insert into t_pet_small_race (uuid, type,pet_race_id, create_user_id, update_user_id) values('1aa38af8-efd0-4fbb-8c78-d12d17cc9626','古代牧羊犬','326209c2-59aa-474a-b714-49f3cba8675f','fc5db3b3-4063-4a12-a511-880ba19e4b58','fc5db3b3-4063-4a12-a511-880ba19e4b58');
insert into t_pet_small_race (uuid, type,pet_race_id, create_user_id, update_user_id) values('1aa38af8-efd0-4fbb-8c78-d12d17cc9627','雪纳瑞','326209c2-59aa-474a-b714-49f3cba8675f','fc5db3b3-4063-4a12-a511-880ba19e4b58','fc5db3b3-4063-4a12-a511-880ba19e4b58');
insert into t_pet_small_race (uuid, type,pet_race_id, create_user_id, update_user_id) values('1aa38af8-efd0-4fbb-8c78-d12d17cc9628','法牛','326209c2-59aa-474a-b714-49f3cba8675f','fc5db3b3-4063-4a12-a511-880ba19e4b58','fc5db3b3-4063-4a12-a511-880ba19e4b58');
insert into t_pet_small_race (uuid, type,pet_race_id, create_user_id, update_user_id) values('1aa38af8-efd0-4fbb-8c78-d12d17cc9629','波斯猫','326209c2-59aa-474a-b714-49f3cba8675f','fc5db3b3-4063-4a12-a511-880ba19e4b58','fc5db3b3-4063-4a12-a511-880ba19e4b58');
insert into t_pet_small_race (uuid, type,pet_race_id, create_user_id, update_user_id) values('1aa38af8-efd0-4fbb-8c78-d12d17cc9630','流氓兔','41fa0032-2400-4ffc-8e16-ed4ec2e6d1c5','fc5db3b3-4063-4a12-a511-880ba19e4b58','fc5db3b3-4063-4a12-a511-880ba19e4b58');
-- t_pet_small_race --

-- t_warehouse --
insert into t_warehouse (uuid, code, name,drug_store,sell_store,create_user_id, update_user_id) values(uuid(),'CK00003','后备仓库',false,false,'fc5db3b3-4063-4a12-a511-880ba19e4b58','fc5db3b3-4063-4a12-a511-880ba19e4b58');
insert into t_warehouse (uuid, code, name,drug_store,sell_store, create_user_id, update_user_id) values(uuid(),'CKBH0000001','医院药房',true,true,'fc5db3b3-4063-4a12-a511-880ba19e4b58','fc5db3b3-4063-4a12-a511-880ba19e4b58');
-- t_warehouse --

--t_item_cate---
INSERT into t_item_cate (uuid, cate_no, parent_id,cate_name,busi_type_id, single_profit, create_user_id,update_user_id)
            VALUES ('5a2ba3bf-37d2-4d18-ac49-09ab7823e40d','ICate01', NULL, '宠物药品', '0b02ebb8-e341-420b-9267-453610635ecd', NULL, '34ff5c2e-6625-4d6d-ad39-d1745755b3a8', '34ff5c2e-6625-4d6d-ad39-d1745755b3a8');
INSERT into t_item_cate (uuid, cate_no, parent_id,cate_name,busi_type_id, single_profit, create_user_id,update_user_id) VALUES ('1467f659-dbf8-4ede-89fd-396b08bbdc8c', 'ICate02', NULL, '宠物食品', '18644a6e-a004-4ce0-a11f-d100dfbc1caa', NULL, '34ff5c2e-6625-4d6d-ad39-d1745755b3a8', '34ff5c2e-6625-4d6d-ad39-d1745755b3a8');
INSERT into t_item_cate (uuid, cate_no, parent_id,cate_name,busi_type_id, single_profit, create_user_id,update_user_id) VALUES ('f99a04f7-61e3-4df6-9a3d-5e2a76ea90a5', 'ICate03', NULL, '宠物用品', '18644a6e-a004-4ce0-a11f-d100dfbc1caa', NULL, '34ff5c2e-6625-4d6d-ad39-d1745755b3a8', '34ff5c2e-6625-4d6d-ad39-d1745755b3a8');
INSERT into t_item_cate (uuid, cate_no, parent_id,cate_name,busi_type_id, single_profit, create_user_id,update_user_id) VALUES ('405e50ad-57ce-4db1-92cb-db9aa6dfb3fc', 'ICate04', NULL, '化验项目', 'b2af0b06-2d84-4d24-b62c-9e72db66ad70', NULL, '34ff5c2e-6625-4d6d-ad39-d1745755b3a8',  '34ff5c2e-6625-4d6d-ad39-d1745755b3a8');
INSERT into t_item_cate (uuid, cate_no, parent_id,cate_name,busi_type_id, single_profit, create_user_id,update_user_id) VALUES ('f5ca1dcb-41e4-4553-b41e-f3eeda6d56f1', 'ICate05', NULL, '影像项目', '34ff5c2e-6625-4d6d-ad39-d1745755b3a8', NULL, '34ff5c2e-6625-4d6d-ad39-d1745755b3a8',  '34ff5c2e-6625-4d6d-ad39-d1745755b3a8');
INSERT into t_item_cate (uuid, cate_no, parent_id,cate_name,busi_type_id, single_profit, create_user_id,update_user_id) VALUES ('7b3fe252-bddd-4ffe-9527-468aaa6629b7', 'ICate06', NULL, '住院项目', '97382cb9-3811-413d-91ea-d3696c5c9f18', NULL, '34ff5c2e-6625-4d6d-ad39-d1745755b3a8',  '34ff5c2e-6625-4d6d-ad39-d1745755b3a8');
INSERT into t_item_cate (uuid, cate_no, parent_id,cate_name,busi_type_id, single_profit, create_user_id,update_user_id) VALUES ('907a8571-f227-4669-bb98-a14a10f04ff4', 'ICate07', NULL, '宠物手术', 'd4cbb873-6e1b-49cd-8e09-82c39e932dfb', NULL, '34ff5c2e-6625-4d6d-ad39-d1745755b3a8',  '34ff5c2e-6625-4d6d-ad39-d1745755b3a8');
INSERT into t_item_cate (uuid, cate_no, parent_id,cate_name,busi_type_id, single_profit, create_user_id,update_user_id) VALUES ('ca3c0c8c-3132-49a2-b0f1-76d4e4dd1c6b', 'ICate08', NULL, '医疗处置', '3d2d574e-f3f0-4415-9472-fc01fd24ea27', NULL, '34ff5c2e-6625-4d6d-ad39-d1745755b3a8',  '34ff5c2e-6625-4d6d-ad39-d1745755b3a8');
INSERT into t_item_cate (uuid, cate_no, parent_id,cate_name,busi_type_id, single_profit, create_user_id,update_user_id) VALUES ('eb6ebe05-f623-47c1-8e2f-ef911756bb3c', 'ICate09', NULL, '驱虫疫苗', 'e1670d8a-f098-4963-9157-a8c234d9d8fb', NULL, '34ff5c2e-6625-4d6d-ad39-d1745755b3a8',  '34ff5c2e-6625-4d6d-ad39-d1745755b3a8');
INSERT into t_item_cate (uuid, cate_no, parent_id,cate_name,busi_type_id, single_profit, create_user_id,update_user_id) VALUES ('2d8d75d7-c7af-4ceb-901b-22a7141c87bc', 'ICate10', NULL, '挂号项目', '51469657-32f6-46be-913a-316acb90eedf', NULL, '34ff5c2e-6625-4d6d-ad39-d1745755b3a8',  '34ff5c2e-6625-4d6d-ad39-d1745755b3a8');
INSERT into t_item_cate (uuid, cate_no, parent_id,cate_name,busi_type_id, single_profit, create_user_id,update_user_id) VALUES ('d7079dde-f3b0-4db6-b693-a78ddb33d02d', 'ICate11', NULL, '寄养项目', '5a2ba3bf-37d2-4d18-ac49-09ab7823e40R', NULL, '34ff5c2e-6625-4d6d-ad39-d1745755b3a8',  '34ff5c2e-6625-4d6d-ad39-d1745755b3a8');
INSERT into t_item_cate (uuid, cate_no, parent_id,cate_name,busi_type_id, single_profit, create_user_id,update_user_id) VALUES ('625da585-89d6-4435-a5e7-a9e948585d1d', 'ICate12', NULL, '美容服务', '9fa7b1df-3f0d-48eb-82d3-f143e5cbb7b3', NULL, '34ff5c2e-6625-4d6d-ad39-d1745755b3a8',  '34ff5c2e-6625-4d6d-ad39-d1745755b3a8');
INSERT into t_item_cate (uuid, cate_no, parent_id,cate_name,busi_type_id, single_profit, create_user_id,update_user_id) VALUES ('f2d13040-8d4d-4244-9f4a-e788b50eee6e', 'FWLX00013', NULL, '测试', '18644a6e-a004-4ce0-a11f-d100dfbc1caa', NULL, '34ff5c2e-6625-4d6d-ad39-d1745755b3a8',  '34ff5c2e-6625-4d6d-ad39-d1745755b3a8');
INSERT into t_item_cate (uuid, cate_no, parent_id,cate_name,busi_type_id, single_profit, create_user_id,update_user_id) VALUES ('c16991a8-79b0-4d6f-bfa2-1cf10b0f984d', 'ICate0201', '1467f659-dbf8-4ede-89fd-396b08bbdc8c', '宠儿香家庭专用系列 美健膳食罐头', '18644a6e-a004-4ce0-a11f-d100dfbc1caa', 12.00,'34ff5c2e-6625-4d6d-ad39-d1745755b3a8','34ff5c2e-6625-4d6d-ad39-d1745755b3a8');
INSERT into t_item_cate (uuid, cate_no, parent_id,cate_name,busi_type_id, single_profit, create_user_id,update_user_id) VALUES ('578d88da-a3bb-43a3-886e-6844e9ea9e49', 'ICate0202', '1467f659-dbf8-4ede-89fd-396b08bbdc8c', '海鲜类', '18644a6e-a004-4ce0-a11f-d100dfbc1caa', 20.00, '34ff5c2e-6625-4d6d-ad39-d1745755b3a8','34ff5c2e-6625-4d6d-ad39-d1745755b3a8');
--t_item_cate---
--t_busines_cate--
INSERT into t_busines_cate(uuid,cate_name,create_user_id,update_user_id) VALUES ('ff969be2-a25b-451e-8fe1-e434b21a94f2', '宠物食品','34ff5c2e-6625-4d6d-ad39-d1745755b3a8','34ff5c2e-6625-4d6d-ad39-d1745755b3a8');
INSERT into t_busines_cate(uuid,cate_name,create_user_id,update_user_id)  VALUES ('18644a6e-a004-4ce0-a11f-d100dfbc1caa', '宠物用品','34ff5c2e-6625-4d6d-ad39-d1745755b3a8','34ff5c2e-6625-4d6d-ad39-d1745755b3a8');
INSERT into t_busines_cate(uuid,cate_name,create_user_id,update_user_id)  VALUES ('0b02ebb8-e341-420b-9267-453610635ecd', '宠物药品','34ff5c2e-6625-4d6d-ad39-d1745755b3a8','34ff5c2e-6625-4d6d-ad39-d1745755b3a8');
INSERT into t_busines_cate(uuid,cate_name,create_user_id,update_user_id)  VALUES ('b2af0b06-2d84-4d24-b62c-9e72db66ad70', '化验项目','34ff5c2e-6625-4d6d-ad39-d1745755b3a8','34ff5c2e-6625-4d6d-ad39-d1745755b3a8');
INSERT into t_busines_cate(uuid,cate_name,create_user_id,update_user_id)  VALUES ('abcfd990-246e-4921-a843-cca968a95e0e', '影像项目','34ff5c2e-6625-4d6d-ad39-d1745755b3a8','34ff5c2e-6625-4d6d-ad39-d1745755b3a8');
INSERT into t_busines_cate(uuid,cate_name,create_user_id,update_user_id)  VALUES ('97382cb9-3811-413d-91ea-d3696c5c9f18', '住院项目','34ff5c2e-6625-4d6d-ad39-d1745755b3a8','34ff5c2e-6625-4d6d-ad39-d1745755b3a8');
INSERT into t_busines_cate(uuid,cate_name,create_user_id,update_user_id)  VALUES ('d4cbb873-6e1b-49cd-8e09-82c39e932dfb', '宠物手术','34ff5c2e-6625-4d6d-ad39-d1745755b3a8','34ff5c2e-6625-4d6d-ad39-d1745755b3a8');
INSERT into t_busines_cate(uuid,cate_name,create_user_id,update_user_id)  VALUES ('3d2d574e-f3f0-4415-9472-fc01fd24ea27', '医疗处置','34ff5c2e-6625-4d6d-ad39-d1745755b3a8','34ff5c2e-6625-4d6d-ad39-d1745755b3a8');
INSERT into t_busines_cate(uuid,cate_name,create_user_id,update_user_id)  VALUES ('e1670d8a-f098-4963-9157-a8c234d9d8fb', '驱虫疫苗','34ff5c2e-6625-4d6d-ad39-d1745755b3a8','34ff5c2e-6625-4d6d-ad39-d1745755b3a8');
INSERT into t_busines_cate(uuid,cate_name,create_user_id,update_user_id)  VALUES ('51469657-32f6-46be-913a-316acb90eedf', '挂号费用','34ff5c2e-6625-4d6d-ad39-d1745755b3a8','34ff5c2e-6625-4d6d-ad39-d1745755b3a8');
INSERT into t_busines_cate(uuid,cate_name,create_user_id,update_user_id)  VALUES ('5a2ba3bf-37d2-4d18-ac49-09ab7823e40R', '寄养项目','34ff5c2e-6625-4d6d-ad39-d1745755b3a8','34ff5c2e-6625-4d6d-ad39-d1745755b3a8');
INSERT into t_busines_cate(uuid,cate_name,create_user_id,update_user_id)  VALUES ('9fa7b1df-3f0d-48eb-82d3-f143e5cbb7b3', '美容服务','34ff5c2e-6625-4d6d-ad39-d1745755b3a8','34ff5c2e-6625-4d6d-ad39-d1745755b3a8');
---t_busines_cate--
---t_item_type---
INSERT into t_item_type(uuid,item_code,item_name,cate_no,package_unit,recipe_unit,item_standard,item_style,bar_code,busi_type_id,item_bulk,input_price,dealer_code,dealer_name,sell_price,is_vip_discount, is_sell,is_count,vip_sell_price,recipe_price,drug_form, ware_up_limit,ware_down_limit,safe_day,use_way,group_name,remark,input_code, is_scattered, location, is_can_exchange,exchange_reward_point,create_user_id,update_user_id)
VALUES (uuid(), 'WF000000001', 'X光', 'f5ca1dcb-41e4-4553-b41e-f3eeda6d56f1', 'DM00011', 'DM00011', '1', '影像项目', 'WF000000001', 'abcfd990-246e-4921-a843-cca968a95e0e', 1, 0.00, '', '', 0.00, '否', '是', '否',0.00, 0.00, 'DM00008', 999, 0, 365, '', '', '', '院长', 0.00, '院长', NULL, 0,'34ff5c2e-6625-4d6d-ad39-d1745755b3a8','34ff5c2e-6625-4d6d-ad39-d1745755b3a8');
INSERT into t_item_type(uuid,item_code,item_name,cate_no,package_unit,recipe_unit,item_standard,item_style,bar_code,busi_type_id,item_bulk,input_price,dealer_code,dealer_name,sell_price,is_vip_discount, is_sell,is_count,vip_sell_price,recipe_price,drug_form, ware_up_limit,ware_down_limit,safe_day,use_way,group_name,remark,input_code, is_scattered, location, is_can_exchange,exchange_reward_point,create_user_id,update_user_id)
VALUES (uuid(), 'WF000000002', 'B超', 'f5ca1dcb-41e4-4553-b41e-f3eeda6d56f1', 'DM00011', 'DM00011', '1', '影像项目', 'WF000000002', 'abcfd990-246e-4921-a843-cca968a95e0e', 1, 0.00, '', '', 0.00, '是', '是', '否', 0.00, 0.00, 'DM00008', 999, 0, 365, '', '', '', '院长', 0.00, '院长', NULL, 0, '34ff5c2e-6625-4d6d-ad39-d1745755b3a8','34ff5c2e-6625-4d6d-ad39-d1745755b3a8');
INSERT into t_item_type(uuid,item_code,item_name,cate_no,package_unit,recipe_unit,item_standard,item_style,bar_code,busi_type_id,item_bulk,input_price,dealer_code,dealer_name,sell_price,is_vip_discount, is_sell,is_count,vip_sell_price,recipe_price,drug_form, ware_up_limit,ware_down_limit,safe_day,use_way,group_name,remark,input_code, is_scattered, location, is_can_exchange,exchange_reward_point,create_user_id,update_user_id)
VALUES (uuid(), 'WF000000003', '血常规', '405e50ad-57ce-4db1-92cb-db9aa6dfb3fc', 'DM00011', 'DM00011', '1', '化验项目', 'WF000000003', 'b2af0b06-2d84-4d24-b62c-9e72db66ad70', 1, 0.00, '', '', 0.00, '否', '是', '否', 0.00, 0.00, 'DM00008', 999, 0, 365, '', '', '', '院长', 0.00, '院长', NULL, 0,'34ff5c2e-6625-4d6d-ad39-d1745755b3a8','34ff5c2e-6625-4d6d-ad39-d1745755b3a8');
INSERT    into t_item_type(uuid,item_code,item_name,cate_no,package_unit,recipe_unit,item_standard,item_style,bar_code,busi_type_id,item_bulk,input_price,dealer_code,dealer_name,sell_price,is_vip_discount, is_sell,is_count,vip_sell_price,recipe_price,drug_form, ware_up_limit,ware_down_limit,safe_day,use_way,group_name,remark,input_code, is_scattered, location, is_can_exchange,exchange_reward_point,create_user_id,update_user_id)
VALUES (uuid(), 'WF000000004', '血生化', '405e50ad-57ce-4db1-92cb-db9aa6dfb3fc', 'DM00011', 'DM00011', '1', '化验项目', 'WF000000004', 'b2af0b06-2d84-4d24-b62c-9e72db66ad70', 1, 0.00, '', '', 0.00, '否', '是', '否', 0.00, 0.00, 'DM00008', 999, 0, 365, '', '', '', '院长', 0.00, '院长', NULL, 0,'34ff5c2e-6625-4d6d-ad39-d1745755b3a8','34ff5c2e-6625-4d6d-ad39-d1745755b3a8');
INSERT    into t_item_type(uuid,item_code,item_name,cate_no,package_unit,recipe_unit,item_standard,item_style,bar_code,busi_type_id,item_bulk,input_price,dealer_code,dealer_name,sell_price,is_vip_discount, is_sell,is_count,vip_sell_price,recipe_price,drug_form, ware_up_limit,ware_down_limit,safe_day,use_way,group_name,remark,input_code, is_scattered, location, is_can_exchange,exchange_reward_point,create_user_id,update_user_id)
VALUES (uuid(), 'WF000000005', '阿莫西林', '5a2ba3bf-37d2-4d18-ac49-09ab7823e40d', 'DM00038', 'DM00015', '14', '宠物药品', 'WF000000005', '0b02ebb8-e341-420b-9267-453610635ecd', 10, 35.00, 'JXS0000000001', '北京龙科生物制药有限公司', 100.00, '是', '是', '是', 0.00, 10.0, 'DM00008', 999, 0, 0, NULL, NULL, NULL, '院长', 0.00, '院长', NULL , 0, '34ff5c2e-6625-4d6d-ad39-d1745755b3a8','34ff5c2e-6625-4d6d-ad39-d1745755b3a8');
INSERT    into t_item_type(uuid,item_code,item_name,cate_no,package_unit,recipe_unit,item_standard,item_style,bar_code,busi_type_id,item_bulk,input_price,dealer_code,dealer_name,sell_price,is_vip_discount, is_sell,is_count,vip_sell_price,recipe_price,drug_form, ware_up_limit,ware_down_limit,safe_day,use_way,group_name,remark,input_code, is_scattered, location, is_can_exchange,exchange_reward_point,create_user_id,update_user_id)
VALUES (uuid(), 'WF000000007', '住院服务', '7b3fe252-bddd-4ffe-9527-468aaa6629b7', 'DM00018', 'DM00018', '', '住院项目', 'WF000000007', '97382cb9-3811-413d-91ea-d3696c5c9f18', 1, 0.00, '', '', 200.00, '是', '是', '否', 0.00, 200.00, 'DM00008', 999, 0, 365, '', '', '', '院长', 0.00, '院长', NULL, 0,'34ff5c2e-6625-4d6d-ad39-d1745755b3a8','34ff5c2e-6625-4d6d-ad39-d1745755b3a8');
INSERT    into t_item_type(uuid,item_code,item_name,cate_no,package_unit,recipe_unit,item_standard,item_style,bar_code,busi_type_id,item_bulk,input_price,dealer_code,dealer_name,sell_price,is_vip_discount, is_sell,is_count,vip_sell_price,recipe_price,drug_form, ware_up_limit,ware_down_limit,safe_day,use_way,group_name,remark,input_code, is_scattered, location, is_can_exchange,exchange_reward_point,create_user_id,update_user_id)
VALUES (uuid(), 'WF000000008', '手术', '907a8571-f227-4669-bb98-a14a10f04ff4', 'DM00013', 'DM00013', '', '宠物手术', 'WF000000008', 'd4cbb873-6e1b-49cd-8e09-82c39e932dfb', 1, 0.00, '', '', 350.00, '是', '是', '否', 0.00, 350.00, 'DM00008', 999, 0, 365, '', '', '', '院长', 0.00, '院长', NULL, 0, '34ff5c2e-6625-4d6d-ad39-d1745755b3a8','34ff5c2e-6625-4d6d-ad39-d1745755b3a8');
INSERT    into t_item_type(uuid,item_code,item_name,cate_no,package_unit,recipe_unit,item_standard,item_style,bar_code,busi_type_id,item_bulk,input_price,dealer_code,dealer_name,sell_price,is_vip_discount, is_sell,is_count,vip_sell_price,recipe_price,drug_form, ware_up_limit,ware_down_limit,safe_day,use_way,group_name,remark,input_code, is_scattered, location, is_can_exchange,exchange_reward_point,create_user_id,update_user_id)
VALUES (uuid(), 'WF000000009', '犬五联弱毒疫苗', 'eb6ebe05-f623-47c1-8e2f-ef911756bb3c', 'DM00030', 'DM00030', '', '宠物疫苗', 'WF000000009', 'e1670d8a-f098-4963-9157-a8c234d9d8fb', 1, 200.00, 'JXS0000000001', '北京龙科生物制药有限公司', 1000.00, '是', '是', '是', 0.00, 1000.00, 'DM00008', 999, 2, 0, '', '', '', '院长', 0.00, '院长', NULL, 0, '34ff5c2e-6625-4d6d-ad39-d1745755b3a8','34ff5c2e-6625-4d6d-ad39-d1745755b3a8');
INSERT    into t_item_type(uuid,item_code,item_name,cate_no,package_unit,recipe_unit,item_standard,item_style,bar_code,busi_type_id,item_bulk,input_price,dealer_code,dealer_name,sell_price,is_vip_discount, is_sell,is_count,vip_sell_price,recipe_price,drug_form, ware_up_limit,ware_down_limit,safe_day,use_way,group_name,remark,input_code, is_scattered, location, is_can_exchange,exchange_reward_point,create_user_id,update_user_id)
VALUES (uuid(), 'WF000000010', '挂号服务', '2d8d75d7-c7af-4ceb-901b-22a7141c87bc', 'DM00013', 'DM00013', NULL, '挂号项目', 'WF000000010', '51469657-32f6-46be-913a-316acb90eedf', 1, 20.00, NULL, NULL, 20.00, '否', '是', '否', 0.00, 20.00, 'DM00008', 999, 0, 365, NULL, NULL, NULL, '院长', 0.00, '院长', null, 0, '34ff5c2e-6625-4d6d-ad39-d1745755b3a8','34ff5c2e-6625-4d6d-ad39-d1745755b3a8');
INSERT    into t_item_type(uuid,item_code,item_name,cate_no,package_unit,recipe_unit,item_standard,item_style,bar_code,busi_type_id,item_bulk,input_price,dealer_code,dealer_name,sell_price,is_vip_discount, is_sell,is_count,vip_sell_price,recipe_price,drug_form, ware_up_limit,ware_down_limit,safe_day,use_way,group_name,remark,input_code, is_scattered, location, is_can_exchange,exchange_reward_point,create_user_id,update_user_id)
VALUES (uuid(), 'WF000000011', '寄养服务', 'd7079dde-f3b0-4db6-b693-a78ddb33d02d', 'DM00018', 'DM00018', '', '寄养项目', 'WF000000011', '5a2ba3bf-37d2-4d18-ac49-09ab7823e40R', 1, 300.00, '', '', 500.00, '是', '是', '否', 0.00, 500.00, 'DM00008', 999, 0, 365, '', '', '', '院长', 0.00, '院长', NULL, 0, '34ff5c2e-6625-4d6d-ad39-d1745755b3a8','34ff5c2e-6625-4d6d-ad39-d1745755b3a8');
INSERT    into t_item_type(uuid,item_code,item_name,cate_no,package_unit,recipe_unit,item_standard,item_style,bar_code,busi_type_id,item_bulk,input_price,dealer_code,dealer_name,sell_price,is_vip_discount, is_sell,is_count,vip_sell_price,recipe_price,drug_form, ware_up_limit,ware_down_limit,safe_day,use_way,group_name,remark,input_code, is_scattered, location, is_can_exchange,exchange_reward_point,create_user_id,update_user_id)
VALUES (uuid(), 'WF000000013', '头孢拉定', '5a2ba3bf-37d2-4d18-ac49-09ab7823e40d', 'DM00038', 'DM00038', '', '宠物药品', 'WF000000013', '0b02ebb8-e341-420b-9267-453610635ecd', 10, 0.00, 'JXS0000000001', '北京龙科生物制药有限公司', 100.00, '是', '是', '是', 0.00, 10.00, 'DM00009', 999, 0, 0, '', '', '', '院长', 0.00, '院长', NULL, 0,'34ff5c2e-6625-4d6d-ad39-d1745755b3a8','34ff5c2e-6625-4d6d-ad39-d1745755b3a8');
INSERT    into t_item_type(uuid,item_code,item_name,cate_no,package_unit,recipe_unit,item_standard,item_style,bar_code,busi_type_id,item_bulk,input_price,dealer_code,dealer_name,sell_price,is_vip_discount, is_sell,is_count,vip_sell_price,recipe_price,drug_form, ware_up_limit,ware_down_limit,safe_day,use_way,group_name,remark,input_code, is_scattered, location, is_can_exchange,exchange_reward_point,create_user_id,update_user_id)
VALUES (uuid(), 'WF0000000023', '雪莲美', '5a2ba3bf-37d2-4d18-ac49-09ab7823e40d', 'DM00038', 'DM00050', '10ml X 10支', '宠物药品', 'WF0000000023', '0b02ebb8-e341-420b-9267-453610635ecd', 10, 45.00, 'JXS0000000002', '湖南丹维生物科技有限公司', 120.00, '是', '是', '是', 0.00, 12.00, 'DM00008', 300, 10, 999, '肌内或皮下注射 每次每1kg体重 马、牛0.05ml 羊、猪、犬、猫0.05-0.1ml 家禽0.5ml 1次/日 连用2～3日 重症性疾患、久治不愈者或首次使用时 可2次/日', '', '', '院长', 0.00, '院长', NULL, 0, '34ff5c2e-6625-4d6d-ad39-d1745755b3a8','34ff5c2e-6625-4d6d-ad39-d1745755b3a8');
INSERT    into t_item_type(uuid,item_code,item_name,cate_no,package_unit,recipe_unit,item_standard,item_style,bar_code,busi_type_id,item_bulk,input_price,dealer_code,dealer_name,sell_price,is_vip_discount, is_sell,is_count,vip_sell_price,recipe_price,drug_form, ware_up_limit,ware_down_limit,safe_day,use_way,group_name,remark,input_code, is_scattered, location, is_can_exchange,exchange_reward_point,create_user_id,update_user_id)
VALUES (uuid(), 'WF0000000024', '双黄连口服液', '5a2ba3bf-37d2-4d18-ac49-09ab7823e40d', 'DM00014', 'DM00014', '200ml：黄芩苷不少于1.60g', '宠物药品', 'WF0000000024', '0b02ebb8-e341-420b-9267-453610635ecd', 1, 20.00, 'JXS0000000002', '湖南丹维生物科技有限公司', 35.00, '是', '是', '是', 0.00, 35.00, 'DM00008', 300, 30, 999, '内服 一次量，犬、猫1～5ml；鸡0.5～1ml。一日1次，连用3～5日。混饮 禽，本品500ml兑水250kg，一日1次，连用3～5日。', '', '', '院长', 0.00, '院长', NULL, 0, '34ff5c2e-6625-4d6d-ad39-d1745755b3a8','34ff5c2e-6625-4d6d-ad39-d1745755b3a8');
INSERT    into t_item_type(uuid,item_code,item_name,cate_no,package_unit,recipe_unit,item_standard,item_style,bar_code,busi_type_id,item_bulk,input_price,dealer_code,dealer_name,sell_price,is_vip_discount, is_sell,is_count,vip_sell_price,recipe_price,drug_form, ware_up_limit,ware_down_limit,safe_day,use_way,group_name,remark,input_code, is_scattered, location, is_can_exchange,exchange_reward_point,create_user_id,update_user_id)
VALUES (uuid(), 'WF0000000025', '口炎速食核黄素注射液', '5a2ba3bf-37d2-4d18-ac49-09ab7823e40d', 'DM00038', 'DM00050', '10ml X 10支', '宠物药品', 'WF0000000025', '0b02ebb8-e341-420b-9267-453610635ecd', 10, 50.00, 'JXS0000000002', '湖南丹维生物科技有限公司', 100.00, '是', '是', '是', 0.00, 10.00, 'DM00022', 300, 30, 999, '皮下、肌内注射或口服：一次量，马、牛20ml～30ml；羊、猪5ml；犬、兔、狐、猫等2ml～4ml。一天一次，连用2-3天。', '', '', '院长', 0.00, '院长', NULL, 0, '34ff5c2e-6625-4d6d-ad39-d1745755b3a8','34ff5c2e-6625-4d6d-ad39-d1745755b3a8');
INSERT    into t_item_type(uuid,item_code,item_name,cate_no,package_unit,recipe_unit,item_standard,item_style,bar_code,busi_type_id,item_bulk,input_price,dealer_code,dealer_name,sell_price,is_vip_discount, is_sell,is_count,vip_sell_price,recipe_price,drug_form, ware_up_limit,ware_down_limit,safe_day,use_way,group_name,remark,input_code, is_scattered, location, is_can_exchange,exchange_reward_point,create_user_id,update_user_id)
VALUES (uuid(), 'WF0000000026', '肽诺康(犬白介素冻干粉）', '5a2ba3bf-37d2-4d18-ac49-09ab7823e40d', 'DM00038', 'DM00014', '200mg/瓶×10瓶/盒', '宠物药品', 'WF0000000026', '0b02ebb8-e341-420b-9267-453610635ecd', 10, 100.00, 'JXS0000000002', '湖南丹维生物科技有限公司', 200.00, '是', '是', '是', 0.00, 20.00, 'DM00008', 400, 20, 999, '肌肉注射每瓶可供20公斤体重使用，每天一次，连用2-3日。', '', '', '院长', 0.00, '院长', NULL, 0, '34ff5c2e-6625-4d6d-ad39-d1745755b3a8','34ff5c2e-6625-4d6d-ad39-d1745755b3a8');
INSERT    into t_item_type(uuid,item_code,item_name,cate_no,package_unit,recipe_unit,item_standard,item_style,bar_code,busi_type_id,item_bulk,input_price,dealer_code,dealer_name,sell_price,is_vip_discount, is_sell,is_count,vip_sell_price,recipe_price,drug_form, ware_up_limit,ware_down_limit,safe_day,use_way,group_name,remark,input_code, is_scattered, location, is_can_exchange,exchange_reward_point,create_user_id,update_user_id)
VALUES (uuid(), 'WF0000000027', '混感炎毒清', '5a2ba3bf-37d2-4d18-ac49-09ab7823e40d', 'DM00038', 'DM00014', '10ml X 10支', '宠物药品', 'WF0000000027', '0b02ebb8-e341-420b-9267-453610635ecd', 10, 20.00, 'JXS0000000002', '湖南丹维生物科技有限公司', 50.00, '是', '是', '是', 0.00, 5.00, 'DM00008', 300, 30, 999, '[INVALID_DATA]', '', '', '院长', 0.00, '院长', NULL, 0, '34ff5c2e-6625-4d6d-ad39-d1745755b3a8','34ff5c2e-6625-4d6d-ad39-d1745755b3a8');
INSERT    into t_item_type(uuid,item_code,item_name,cate_no,package_unit,recipe_unit,item_standard,item_style,bar_code,busi_type_id,item_bulk,input_price,dealer_code,dealer_name,sell_price,is_vip_discount, is_sell,is_count,vip_sell_price,recipe_price,drug_form, ware_up_limit,ware_down_limit,safe_day,use_way,group_name,remark,input_code, is_scattered, location, is_can_exchange,exchange_reward_point,create_user_id,update_user_id)
VALUES (uuid(), 'WF0000000028', '益生菌', '5a2ba3bf-37d2-4d18-ac49-09ab7823e40d', 'DM00038', 'DM00047', '5克/包，10包/盒', '宠物药品', 'WF0000000028', '0b02ebb8-e341-420b-9267-453610635ecd', 10, 50.00, 'JXS0000000002', '湖南丹维生物科技有限公司', 80.00, '是', '是', '是', 0.00, 8.00, 'DM00008', 100, 10, 999, '[INVALID_DATA]', '', '', '院长', 0.00, '院长', NULL, 0, '34ff5c2e-6625-4d6d-ad39-d1745755b3a8','34ff5c2e-6625-4d6d-ad39-d1745755b3a8');
INSERT    into t_item_type(uuid,item_code,item_name,cate_no,package_unit,recipe_unit,item_standard,item_style,bar_code,busi_type_id,item_bulk,input_price,dealer_code,dealer_name,sell_price,is_vip_discount, is_sell,is_count,vip_sell_price,recipe_price,drug_form, ware_up_limit,ware_down_limit,safe_day,use_way,group_name,remark,input_code, is_scattered, location, is_can_exchange,exchange_reward_point,create_user_id,update_user_id)
VALUES (uuid(), 'WF0000000029', '肤立康', '5a2ba3bf-37d2-4d18-ac49-09ab7823e40d', 'DM00038', 'DM00038', '60ml/盒', '宠物药品', 'WF0000000029', '0b02ebb8-e341-420b-9267-453610635ecd', 1, 20.00, 'JXS0000000002', '湖南丹维生物科技有限公司', 50.00, '是', '是', '是', 0.00, 50.00, 'DM00008', 100, 10, 999, '直接喷于宠物表皮患部，一次2～3喷，每日3～5次。', '', '', '院长', 0.00, '院长', NULL, 0, '34ff5c2e-6625-4d6d-ad39-d1745755b3a8','34ff5c2e-6625-4d6d-ad39-d1745755b3a8');
INSERT    into t_item_type(uuid,item_code,item_name,cate_no,package_unit,recipe_unit,item_standard,item_style,bar_code,busi_type_id,item_bulk,input_price,dealer_code,dealer_name,sell_price,is_vip_discount, is_sell,is_count,vip_sell_price,recipe_price,drug_form, ware_up_limit,ware_down_limit,safe_day,use_way,group_name,remark,input_code, is_scattered, location, is_can_exchange,exchange_reward_point,create_user_id,update_user_id)
VALUES (uuid(), 'WF0000000030', '复合维生素', '5a2ba3bf-37d2-4d18-ac49-09ab7823e40d', 'DM00038', 'DM00015', '30片/盒', '宠物药品', 'WF0000000030', '0b02ebb8-e341-420b-9267-453610635ecd', 30, 10.00, 'JXS0000000002', '湖南丹维生物科技有限公司', 30.00, '是', '是', '是', 0.00, 1.00, 'DM00008', 100, 10, 999, '可混合在食物中。', '', '', '院长', 0.00, '院长', NULL, 0, '34ff5c2e-6625-4d6d-ad39-d1745755b3a8','34ff5c2e-6625-4d6d-ad39-d1745755b3a8');
INSERT    into t_item_type(uuid,item_code,item_name,cate_no,package_unit,recipe_unit,item_standard,item_style,bar_code,busi_type_id,item_bulk,input_price,dealer_code,dealer_name,sell_price,is_vip_discount, is_sell,is_count,vip_sell_price,recipe_price,drug_form, ware_up_limit,ware_down_limit,safe_day,use_way,group_name,remark,input_code, is_scattered, location, is_can_exchange,exchange_reward_point,create_user_id,update_user_id)
VALUES (uuid(), 'WF0000000031', '犬细小病毒克隆抗体冻干粉', '5a2ba3bf-37d2-4d18-ac49-09ab7823e40d', 'DM00038', 'DM00050', '10ml X 10支', '宠物药品', 'WF0000000031', '0b02ebb8-e341-420b-9267-453610635ecd', 10, 20.00, 'JXS0000000002', '湖南丹维生物科技有限公司', 40.00, '是', '是', '是', 0.00, 4.00, 'DM00008', 100, 10, 999, '每10公斤体重肌肉注射一瓶，连续3日为一疗程。重症倍量。配合疫苗紧急接种效果良好', '', '', '院长', 0.00, '院长', NULL, 0, '34ff5c2e-6625-4d6d-ad39-d1745755b3a8','34ff5c2e-6625-4d6d-ad39-d1745755b3a8');
INSERT    into t_item_type(uuid,item_code,item_name,cate_no,package_unit,recipe_unit,item_standard,item_style,bar_code,busi_type_id,item_bulk,input_price,dealer_code,dealer_name,sell_price,is_vip_discount, is_sell,is_count,vip_sell_price,recipe_price,drug_form, ware_up_limit,ware_down_limit,safe_day,use_way,group_name,remark,input_code, is_scattered, location, is_can_exchange,exchange_reward_point,create_user_id,update_user_id)
VALUES (uuid(), 'WF0000000032', '泄痢停', '5a2ba3bf-37d2-4d18-ac49-09ab7823e40d', 'DM00038', 'DM00050', '10ml/支×10支/盒×40盒/箱', '宠物药品', 'WF0000000032', '0b02ebb8-e341-420b-9267-453610635ecd', 10, 40.00, 'JXS0000000002', '湖南丹维生物科技有限公司', 60.00, '是', '是', '是', 0.00, 6.00, 'DM00008', 800, 120, 999, '肌肉或静脉滴注：一次量，每1Kg体重，马、牛0.1ml；猪、羊0.15ml；犬、猫等其他动物0.2ml；每日一次，连用3-5日。', '', '', '院长', 0.00, '院长', NULL, 0,'34ff5c2e-6625-4d6d-ad39-d1745755b3a8','34ff5c2e-6625-4d6d-ad39-d1745755b3a8');
INSERT    into t_item_type(uuid,item_code,item_name,cate_no,package_unit,recipe_unit,item_standard,item_style,bar_code,busi_type_id,item_bulk,input_price,dealer_code,dealer_name,sell_price,is_vip_discount, is_sell,is_count,vip_sell_price,recipe_price,drug_form, ware_up_limit,ware_down_limit,safe_day,use_way,group_name,remark,input_code, is_scattered, location, is_can_exchange,exchange_reward_point,create_user_id,update_user_id)
VALUES (uuid(), 'WF0000000033', '万能头孢', '5a2ba3bf-37d2-4d18-ac49-09ab7823e40d', 'DM00038', 'DM00015', '5g/片×20片/盒', '宠物药品', 'WF0000000033', '0b02ebb8-e341-420b-9267-453610635ecd', 20, 50.00, 'JXS0000000002', '湖南丹维生物科技有限公司', 100.00, '是', '是', '是', 0.00, 5.00, 'DM00008', 100, 10, 999, '5g含头孢噻呋钠1.5g、头孢拉啶1g等', '', '', '院长', 0.00, '院长', NULL, 0, '34ff5c2e-6625-4d6d-ad39-d1745755b3a8','34ff5c2e-6625-4d6d-ad39-d1745755b3a8');
INSERT    into t_item_type(uuid,item_code,item_name,cate_no,package_unit,recipe_unit,item_standard,item_style,bar_code,busi_type_id,item_bulk,input_price,dealer_code,dealer_name,sell_price,is_vip_discount, is_sell,is_count,vip_sell_price,recipe_price,drug_form, ware_up_limit,ware_down_limit,safe_day,use_way,group_name,remark,input_code, is_scattered, location, is_can_exchange,exchange_reward_point,create_user_id,update_user_id)
VALUES (uuid(), 'WF0000000034', '白细胞干扰素（犬猫用）', '5a2ba3bf-37d2-4d18-ac49-09ab7823e40d', 'DM00038', 'DM00014', '10瓶/盒', '宠物药品', 'WF0000000034', '0b02ebb8-e341-420b-9267-453610635ecd', 10, 50.00, 'JXS0000000002', '湖南丹维生物科技有限公司', 150.00, '是', '是', '是', 0.00, 15.00, 'DM00008', 100, 10, 999, '白细胞干扰素—冻干型（犬、猫用）用5ml注射用水稀释，溶解摇匀后肌肉注射。各种类型的宠物犬、猫5ml/只.次，一日一次，1-3天为一疗程。病重者用量略加大。在治疗同群犬、猫时，应迅速隔离未发病犬、猫，并按治疗量对未发病犬、猫进行紧急预防。', '', '', '院长', 0.00, '院长', NULL, 0,'34ff5c2e-6625-4d6d-ad39-d1745755b3a8','34ff5c2e-6625-4d6d-ad39-d1745755b3a8');
INSERT    into t_item_type(uuid,item_code,item_name,cate_no,package_unit,recipe_unit,item_standard,item_style,bar_code,busi_type_id,item_bulk,input_price,dealer_code,dealer_name,sell_price,is_vip_discount, is_sell,is_count,vip_sell_price,recipe_price,drug_form, ware_up_limit,ware_down_limit,safe_day,use_way,group_name,remark,input_code, is_scattered, location, is_can_exchange,exchange_reward_point,create_user_id,update_user_id)
VALUES (uuid(), 'WF0000000035', '驱虫净', '5a2ba3bf-37d2-4d18-ac49-09ab7823e40d', 'DM0000000055', 'DM00041', '100g/袋×10袋/桶', '宠物药品', 'WF0000000035', '0b02ebb8-e341-420b-9267-453610635ecd', 10, 50.00, 'JXS0000000003', '美国瑞普斯生物药品集团有限公司', 100.00, '是', '是', '是', 0.00, 10.00, 'DM00008', 100, 10, 999, '混饲，预防按本品每100g拌料200kg；治疗量按每100g拌料100kg，全群饲喂，连用5-7天。', '', '', '院长', 0.00, '院长', NULL, 0,'34ff5c2e-6625-4d6d-ad39-d1745755b3a8','34ff5c2e-6625-4d6d-ad39-d1745755b3a8');
INSERT    into t_item_type(uuid,item_code,item_name,cate_no,package_unit,recipe_unit,item_standard,item_style,bar_code,busi_type_id,item_bulk,input_price,dealer_code,dealer_name,sell_price,is_vip_discount, is_sell,is_count,vip_sell_price,recipe_price,drug_form, ware_up_limit,ware_down_limit,safe_day,use_way,group_name,remark,input_code, is_scattered, location, is_can_exchange,exchange_reward_point,create_user_id,update_user_id)
VALUES (uuid(), 'WF0000000036', '健胃增食针', '5a2ba3bf-37d2-4d18-ac49-09ab7823e40d', 'DM00038', 'DM00050', '10ml/支×10支/盒', '宠物药品', 'WF0000000036', '0b02ebb8-e341-420b-9267-453610635ecd', 10, 50.00, 'JXS0000000003', '美国瑞普斯生物药品集团有限公司', 150.00, '是', '是', '是', 0.00, 15.00, 'DM00008', 800, 40, 999, '肌注：每公斤体重猪、羊0.1-0.2ml、牛0.05-0.1ml；不易加量，每日一次，连用3天。', '', '', '院长', 0.00, '院长', NULL, 0,'34ff5c2e-6625-4d6d-ad39-d1745755b3a8','34ff5c2e-6625-4d6d-ad39-d1745755b3a8');
INSERT    into t_item_type(uuid,item_code,item_name,cate_no,package_unit,recipe_unit,item_standard,item_style,bar_code,busi_type_id,item_bulk,input_price,dealer_code,dealer_name,sell_price,is_vip_discount, is_sell,is_count,vip_sell_price,recipe_price,drug_form, ware_up_limit,ware_down_limit,safe_day,use_way,group_name,remark,input_code, is_scattered, location, is_can_exchange,exchange_reward_point,create_user_id,update_user_id)
VALUES (uuid(), 'WF0000000037', '普通犬粮', '1467f659-dbf8-4ede-89fd-396b08bbdc8c', 'DM00041', 'DM00041', '200g/袋', '宠物食品', 'WF0000000037', 'ff969be2-a25b-451e-8fe1-e434b21a94f2', 1, 10.00, 'JXS0000000002', '湖南丹维生物科技有限公司', 50.00, '是', '是', '是', 0.00, 50.00, 'DM00008', 100, 10, 999, '可混合在食物中。', '', '', '院长', 0.00, '院长', NULL, 0,'34ff5c2e-6625-4d6d-ad39-d1745755b3a8','34ff5c2e-6625-4d6d-ad39-d1745755b3a8');
INSERT    into t_item_type(uuid,item_code,item_name,cate_no,package_unit,recipe_unit,item_standard,item_style,bar_code,busi_type_id,item_bulk,input_price,dealer_code,dealer_name,sell_price,is_vip_discount, is_sell,is_count,vip_sell_price,recipe_price,drug_form, ware_up_limit,ware_down_limit,safe_day,use_way,group_name,remark,input_code, is_scattered, location, is_can_exchange,exchange_reward_point,create_user_id,update_user_id)
VALUES (uuid(), 'WF0000000038', '金犬五联', 'eb6ebe05-f623-47c1-8e2f-ef911756bb3c', 'DM00038', 'DM00014', '10瓶/盒', '宠物疫苗', 'WF0000000038', 'e1670d8a-f098-4963-9157-a8c234d9d8fb', 10, 50.00, 'JXS0000000003', '美国瑞普斯生物药品集团有限公司', 150.00, '是', '是', '是', 0.00, 15.00, 'DM00008', 100, 10, 999, '肌肉注射：0.1ml/kg体重，1次/天，连用2天。预防剂量减半或遵医嘱。', '', '', '院长', 0.00, '院长', NULL, 0, '34ff5c2e-6625-4d6d-ad39-d1745755b3a8','34ff5c2e-6625-4d6d-ad39-d1745755b3a8');
INSERT    into t_item_type(uuid,item_code,item_name,cate_no,package_unit,recipe_unit,item_standard,item_style,bar_code,busi_type_id,item_bulk,input_price,dealer_code,dealer_name,sell_price,is_vip_discount, is_sell,is_count,vip_sell_price,recipe_price,drug_form, ware_up_limit,ware_down_limit,safe_day,use_way,group_name,remark,input_code, is_scattered, location, is_can_exchange,exchange_reward_point,create_user_id,update_user_id)
VALUES (uuid(), 'WF0000000039', '英特威狂犬', 'eb6ebe05-f623-47c1-8e2f-ef911756bb3c', 'DM00038', 'DM00050', '', '宠物疫苗', 'WF0000000039', 'e1670d8a-f098-4963-9157-a8c234d9d8fb', 10, 50.00, 'JXS0000000004', '五湖', 150.00, '是', '是', '是', 0.00, 15.00, 'DM00008', 900, 100, 999, '肌注：每公斤体重猪、羊0.1-0.2ml、牛0.05-0.1ml；不易加量，每日一次，连用3天。', '', '', '院长', 0.00, '院长', NULL, 0, '34ff5c2e-6625-4d6d-ad39-d1745755b3a8','34ff5c2e-6625-4d6d-ad39-d1745755b3a8');
INSERT    into t_item_type(uuid,item_code,item_name,cate_no,package_unit,recipe_unit,item_standard,item_style,bar_code,busi_type_id,item_bulk,input_price,dealer_code,dealer_name,sell_price,is_vip_discount, is_sell,is_count,vip_sell_price,recipe_price,drug_form, ware_up_limit,ware_down_limit,safe_day,use_way,group_name,remark,input_code, is_scattered, location, is_can_exchange,exchange_reward_point,create_user_id,update_user_id)
VALUES (uuid(), 'WF0000000040', '抗病毒1号注射液', 'eb6ebe05-f623-47c1-8e2f-ef911756bb3c', 'DM00014', 'DM00014', '100ml/瓶', '宠物疫苗', 'WF0000000040', 'e1670d8a-f098-4963-9157-a8c234d9d8fb', 1, 100.00, 'JXS0000000002', '湖南丹维生物科技有限公司', 200.00, '是', '是', '是', 0.00, 200.00, 'DM00008', 100, 10, 999, '[INVALID_DATA]', '', '', '院长', 0.00, '院长', NULL, 0,'34ff5c2e-6625-4d6d-ad39-d1745755b3a8','34ff5c2e-6625-4d6d-ad39-d1745755b3a8');
INSERT    into t_item_type(uuid,item_code,item_name,cate_no,package_unit,recipe_unit,item_standard,item_style,bar_code,busi_type_id,item_bulk,input_price,dealer_code,dealer_name,sell_price,is_vip_discount, is_sell,is_count,vip_sell_price,recipe_price,drug_form, ware_up_limit,ware_down_limit,safe_day,use_way,group_name,remark,input_code, is_scattered, location, is_can_exchange,exchange_reward_point,create_user_id,update_user_id)
VALUES (uuid(), 'WF0000000042', '急诊挂号', '2d8d75d7-c7af-4ceb-901b-22a7141c87bc', 'DM00013', 'DM00013', '', '挂号项目', 'WF0000000042', '51469657-32f6-46be-913a-316acb90eedf', 1, 0.00, '', '', 10.00, '否', '是', '否', 0.00, 10.00, 'DM00008', 999, 0, 999, '', '', '', '院长', 0.00, '院长', NULL, 0, '34ff5c2e-6625-4d6d-ad39-d1745755b3a8','34ff5c2e-6625-4d6d-ad39-d1745755b3a8');
INSERT    into t_item_type(uuid,item_code,item_name,cate_no,package_unit,recipe_unit,item_standard,item_style,bar_code,busi_type_id,item_bulk,input_price,dealer_code,dealer_name,sell_price,is_vip_discount, is_sell,is_count,vip_sell_price,recipe_price,drug_form, ware_up_limit,ware_down_limit,safe_day,use_way,group_name,remark,input_code, is_scattered, location, is_can_exchange,exchange_reward_point,create_user_id,update_user_id)
VALUES (uuid(), 'WF0000000043', '普通挂号', '2d8d75d7-c7af-4ceb-901b-22a7141c87bc', 'DM00013', 'DM00013', '', '挂号项目', 'WF0000000043', '51469657-32f6-46be-913a-316acb90eedf', 1, 0.00, '', '', 5.00, '否', '是', '否', 0.00, 5.00, 'DM00008', 999, 0, 999, '', '', '', '院长', 0.00, '院长', NULL, 0, '34ff5c2e-6625-4d6d-ad39-d1745755b3a8','34ff5c2e-6625-4d6d-ad39-d1745755b3a8');
INSERT    into t_item_type(uuid,item_code,item_name,cate_no,package_unit,recipe_unit,item_standard,item_style,bar_code,busi_type_id,item_bulk,input_price,dealer_code,dealer_name,sell_price,is_vip_discount, is_sell,is_count,vip_sell_price,recipe_price,drug_form, ware_up_limit,ware_down_limit,safe_day,use_way,group_name,remark,input_code, is_scattered, location, is_can_exchange,exchange_reward_point,create_user_id,update_user_id)
VALUES (uuid(), 'WF0000000045', '大中型', 'd7079dde-f3b0-4db6-b693-a78ddb33d02d', 'DM00018', 'DM00018', '', '寄养项目', 'WF0000000045', '5a2ba3bf-37d2-4d18-ac49-09ab7823e40R', 1, 0.00, '', '', 30.00, '否', '是', '否', 0.00, 30.00, 'DM00008', 999, 0, 999, '', '', '', '院长', 0.00, '院长', NULL, 0,'34ff5c2e-6625-4d6d-ad39-d1745755b3a8','34ff5c2e-6625-4d6d-ad39-d1745755b3a8');
INSERT    into t_item_type(uuid,item_code,item_name,cate_no,package_unit,recipe_unit,item_standard,item_style,bar_code,busi_type_id,item_bulk,input_price,dealer_code,dealer_name,sell_price,is_vip_discount, is_sell,is_count,vip_sell_price,recipe_price,drug_form, ware_up_limit,ware_down_limit,safe_day,use_way,group_name,remark,input_code, is_scattered, location, is_can_exchange,exchange_reward_point,create_user_id,update_user_id)
VALUES (uuid(), 'WF0000000046', '小型', 'd7079dde-f3b0-4db6-b693-a78ddb33d02d', 'DM00018', 'DM00018', '', '寄养项目', 'WF0000000046', '5a2ba3bf-37d2-4d18-ac49-09ab7823e40R', 1, 0.00, '', '', 20.00, '否', '是', '否', 0.00, 20.00, 'DM00008', 999, 0, 999, '', '', '', '院长', 0.00, '院长', NULL, 0, '34ff5c2e-6625-4d6d-ad39-d1745755b3a8','34ff5c2e-6625-4d6d-ad39-d1745755b3a8');
INSERT    into t_item_type(uuid,item_code,item_name,cate_no,package_unit,recipe_unit,item_standard,item_style,bar_code,busi_type_id,item_bulk,input_price,dealer_code,dealer_name,sell_price,is_vip_discount, is_sell,is_count,vip_sell_price,recipe_price,drug_form, ware_up_limit,ware_down_limit,safe_day,use_way,group_name,remark,input_code, is_scattered, location, is_can_exchange,exchange_reward_point,create_user_id,update_user_id)
VALUES (uuid(), 'WF0000000048', '公猫去势', 'ca3c0c8c-3132-49a2-b0f1-76d4e4dd1c6b', 'DM00013', 'DM0000000056', '', '医疗处置', 'WF0000000048', '3d2d574e-f3f0-4415-9472-fc01fd24ea27', 1, 0.00, '', '', 200.00, '否', '是', '否', 0.00, 200.00, 'DM00008', 999, 0, 999, '', '', '', '院长', 0.00, '院长', NULL, 0,'34ff5c2e-6625-4d6d-ad39-d1745755b3a8','34ff5c2e-6625-4d6d-ad39-d1745755b3a8');
INSERT    into t_item_type(uuid,item_code,item_name,cate_no,package_unit,recipe_unit,item_standard,item_style,bar_code,busi_type_id,item_bulk,input_price,dealer_code,dealer_name,sell_price,is_vip_discount, is_sell,is_count,vip_sell_price,recipe_price,drug_form, ware_up_limit,ware_down_limit,safe_day,use_way,group_name,remark,input_code, is_scattered, location, is_can_exchange,exchange_reward_point,create_user_id,update_user_id)
VALUES (uuid(), 'WF0000000049', '公犬去势', 'ca3c0c8c-3132-49a2-b0f1-76d4e4dd1c6b', 'DM00013', 'DM0000000056', '', '医疗处置', 'WF0000000049', '3d2d574e-f3f0-4415-9472-fc01fd24ea27', 1, 0.00, '', '', 200.00, '否', '是', '否', 0.00, 200.00, 'DM00008', 999, 0, 999, '', '', '', '院长', 0.00, '院长', NULL, 0,'34ff5c2e-6625-4d6d-ad39-d1745755b3a8','34ff5c2e-6625-4d6d-ad39-d1745755b3a8');
INSERT    into t_item_type(uuid,item_code,item_name,cate_no,package_unit,recipe_unit,item_standard,item_style,bar_code,busi_type_id,item_bulk,input_price,dealer_code,dealer_name,sell_price,is_vip_discount, is_sell,is_count,vip_sell_price,recipe_price,drug_form, ware_up_limit,ware_down_limit,safe_day,use_way,group_name,remark,input_code, is_scattered, location, is_can_exchange,exchange_reward_point,create_user_id,update_user_id)
VALUES (uuid(), 'WF0000000050', '幼犬断尾', 'ca3c0c8c-3132-49a2-b0f1-76d4e4dd1c6b', 'DM00013', 'DM0000000056', '', '医疗处置', 'WF0000000050', '3d2d574e-f3f0-4415-9472-fc01fd24ea27', 1, 0.00, '', '', 20.00, '否', '是', '否', 0.00, 100.00, 'DM00008', 999, 0, 999, '', '', '', '院长', 0.00, '院长', NULL, 0, '34ff5c2e-6625-4d6d-ad39-d1745755b3a8','34ff5c2e-6625-4d6d-ad39-d1745755b3a8');
INSERT    into t_item_type(uuid,item_code,item_name,cate_no,package_unit,recipe_unit,item_standard,item_style,bar_code,busi_type_id,item_bulk,input_price,dealer_code,dealer_name,sell_price,is_vip_discount, is_sell,is_count,vip_sell_price,recipe_price,drug_form, ware_up_limit,ware_down_limit,safe_day,use_way,group_name,remark,input_code, is_scattered, location, is_can_exchange,exchange_reward_point,create_user_id,update_user_id)
VALUES (uuid(), 'WF0000000051', '成仔断尾', 'ca3c0c8c-3132-49a2-b0f1-76d4e4dd1c6b', 'DM00013', 'DM0000000056', '', '医疗处置', 'WF0000000051', '3d2d574e-f3f0-4415-9472-fc01fd24ea27', 1, 0.00, '', '', 10.00, '否', '是', '否', 0.00, 10.00, 'DM00008', 999, 0, 999, '', '', '', '院长', 0.00, '院长', NULL, 0, '34ff5c2e-6625-4d6d-ad39-d1745755b3a8','34ff5c2e-6625-4d6d-ad39-d1745755b3a8');
INSERT    into t_item_type(uuid,item_code,item_name,cate_no,package_unit,recipe_unit,item_standard,item_style,bar_code,busi_type_id,item_bulk,input_price,dealer_code,dealer_name,sell_price,is_vip_discount, is_sell,is_count,vip_sell_price,recipe_price,drug_form, ware_up_limit,ware_down_limit,safe_day,use_way,group_name,remark,input_code, is_scattered, location, is_can_exchange,exchange_reward_point,create_user_id,update_user_id)
VALUES (uuid(), 'WF0000000052', '公犬隐睾摘除', '907a8571-f227-4669-bb98-a14a10f04ff4', 'DM00013', 'DM0000000056', '', '宠物手术', 'WF0000000052', 'd4cbb873-6e1b-49cd-8e09-82c39e932dfb', 1, 0.00, '', '', 300.00, '否', '是', '否', 0.00, 300.00, 'DM00008', 999, 0, 999, '', '', '', '院长', 0.00, '院长', NULL, 0, '34ff5c2e-6625-4d6d-ad39-d1745755b3a8','34ff5c2e-6625-4d6d-ad39-d1745755b3a8');
INSERT    into t_item_type(uuid,item_code,item_name,cate_no,package_unit,recipe_unit,item_standard,item_style,bar_code,busi_type_id,item_bulk,input_price,dealer_code,dealer_name,sell_price,is_vip_discount, is_sell,is_count,vip_sell_price,recipe_price,drug_form, ware_up_limit,ware_down_limit,safe_day,use_way,group_name,remark,input_code, is_scattered, location, is_can_exchange,exchange_reward_point,create_user_id,update_user_id)
VALUES (uuid(), 'WF0000000053', '助产', '907a8571-f227-4669-bb98-a14a10f04ff4', 'DM00013', 'DM0000000056', '', '宠物手术', 'WF0000000053', 'd4cbb873-6e1b-49cd-8e09-82c39e932dfb', 1, 0.00, '', '', 100.00, '否', '是', '否', 0.00, 100.00, 'DM00008', 999, 0, 999, '', '', '', '院长', 0.00, '院长', NULL, 0, '34ff5c2e-6625-4d6d-ad39-d1745755b3a8','34ff5c2e-6625-4d6d-ad39-d1745755b3a8');
INSERT    into t_item_type(uuid,item_code,item_name,cate_no,package_unit,recipe_unit,item_standard,item_style,bar_code,busi_type_id,item_bulk,input_price,dealer_code,dealer_name,sell_price,is_vip_discount, is_sell,is_count,vip_sell_price,recipe_price,drug_form, ware_up_limit,ware_down_limit,safe_day,use_way,group_name,remark,input_code, is_scattered, location, is_can_exchange,exchange_reward_point,create_user_id,update_user_id)
VALUES (uuid(), 'WF0000000054', '母猫绝育', '907a8571-f227-4669-bb98-a14a10f04ff4', 'DM00013', 'DM0000000056', '', '宠物手术', 'WF0000000054', 'd4cbb873-6e1b-49cd-8e09-82c39e932dfb', 1, 0.00, '', '', 300.00, '否', '是', '否', 0.00, 300.00, 'DM00008', 999, 0, 999, '', '', '', '院长', 0.00, '院长', NULL, 0, '34ff5c2e-6625-4d6d-ad39-d1745755b3a8','34ff5c2e-6625-4d6d-ad39-d1745755b3a8');
INSERT    into t_item_type(uuid,item_code,item_name,cate_no,package_unit,recipe_unit,item_standard,item_style,bar_code,busi_type_id,item_bulk,input_price,dealer_code,dealer_name,sell_price,is_vip_discount, is_sell,is_count,vip_sell_price,recipe_price,drug_form, ware_up_limit,ware_down_limit,safe_day,use_way,group_name,remark,input_code, is_scattered, location, is_can_exchange,exchange_reward_point,create_user_id,update_user_id)
VALUES (uuid(), 'WF0000000055', '母犬子宫蓄脓', '907a8571-f227-4669-bb98-a14a10f04ff4', 'DM00013', 'DM0000000056', '', '宠物手术', 'WF0000000055', 'd4cbb873-6e1b-49cd-8e09-82c39e932dfb', 1, 0.00, '', '', 400.00, '否', '是', '否', 0.00, 400.00, 'DM00008', 999, 0, 999, '', '', '', '院长', 0.00, '院长', NULL, 0, '34ff5c2e-6625-4d6d-ad39-d1745755b3a8','34ff5c2e-6625-4d6d-ad39-d1745755b3a8');
INSERT    into t_item_type(uuid,item_code,item_name,cate_no,package_unit,recipe_unit,item_standard,item_style,bar_code,busi_type_id,item_bulk,input_price,dealer_code,dealer_name,sell_price,is_vip_discount, is_sell,is_count,vip_sell_price,recipe_price,drug_form, ware_up_limit,ware_down_limit,safe_day,use_way,group_name,remark,input_code, is_scattered, location, is_can_exchange,exchange_reward_point,create_user_id,update_user_id)
VALUES (uuid(), 'WF0000000056', '母犬绝育', '907a8571-f227-4669-bb98-a14a10f04ff4', 'DM00013', 'DM0000000056', '', '宠物手术', 'WF0000000056', 'd4cbb873-6e1b-49cd-8e09-82c39e932dfb', 1, 0.00, '', '', 300.00, '否', '是', '否', 0.00, 300.00, 'DM00008', 999, 0, 999, '', '', '', '院长', 0.00, '院长', NULL, 0, '34ff5c2e-6625-4d6d-ad39-d1745755b3a8','34ff5c2e-6625-4d6d-ad39-d1745755b3a8');
INSERT    into t_item_type(uuid,item_code,item_name,cate_no,package_unit,recipe_unit,item_standard,item_style,bar_code,busi_type_id,item_bulk,input_price,dealer_code,dealer_name,sell_price,is_vip_discount, is_sell,is_count,vip_sell_price,recipe_price,drug_form, ware_up_limit,ware_down_limit,safe_day,use_way,group_name,remark,input_code, is_scattered, location, is_can_exchange,exchange_reward_point,create_user_id,update_user_id)
VALUES (uuid(), 'WF0000000057', '导尿（公）', '907a8571-f227-4669-bb98-a14a10f04ff4', 'DM00013', 'DM0000000056', '', '宠物手术', 'WF0000000057', 'd4cbb873-6e1b-49cd-8e09-82c39e932dfb', 1, 0.00, '', '', 50.00, '否', '是', '否', 0.00, 50.00, 'DM00008', 999, 0, 999, '', '', '', '院长', 0.00, '院长', NULL, 0, '34ff5c2e-6625-4d6d-ad39-d1745755b3a8','34ff5c2e-6625-4d6d-ad39-d1745755b3a8');
INSERT    into t_item_type(uuid,item_code,item_name,cate_no,package_unit,recipe_unit,item_standard,item_style,bar_code,busi_type_id,item_bulk,input_price,dealer_code,dealer_name,sell_price,is_vip_discount, is_sell,is_count,vip_sell_price,recipe_price,drug_form, ware_up_limit,ware_down_limit,safe_day,use_way,group_name,remark,input_code, is_scattered, location, is_can_exchange,exchange_reward_point,create_user_id,update_user_id)
VALUES (uuid(), 'WF0000000058', '大中型猫', '7b3fe252-bddd-4ffe-9527-468aaa6629b7', 'DM00011', 'DM00011', '', '住院项目', 'WF0000000058', '97382cb9-3811-413d-91ea-d3696c5c9f18', 1, 0.00, '', '', 35.00, '否', '是', '否', 0.00, 35.00, 'DM00008', 999, 0, 999, '', '', '', '院长', 0.00, '院长', NULL, 0,'34ff5c2e-6625-4d6d-ad39-d1745755b3a8','34ff5c2e-6625-4d6d-ad39-d1745755b3a8');
INSERT    into t_item_type(uuid,item_code,item_name,cate_no,package_unit,recipe_unit,item_standard,item_style,bar_code,busi_type_id,item_bulk,input_price,dealer_code,dealer_name,sell_price,is_vip_discount, is_sell,is_count,vip_sell_price,recipe_price,drug_form, ware_up_limit,ware_down_limit,safe_day,use_way,group_name,remark,input_code, is_scattered, location, is_can_exchange,exchange_reward_point,create_user_id,update_user_id)
VALUES (uuid(), 'WF0000000059', '小型猫', '7b3fe252-bddd-4ffe-9527-468aaa6629b7', 'DM00018', 'DM00018', '', '住院项目', 'WF0000000059', '97382cb9-3811-413d-91ea-d3696c5c9f18', 1, 0.00, '', '', 25.00, '否', '是', '否', 0.00, 25.00, 'DM00008', 999, 0, 999, '', '', '', '院长', 0.00, '院长', NULL, 0, '34ff5c2e-6625-4d6d-ad39-d1745755b3a8','34ff5c2e-6625-4d6d-ad39-d1745755b3a8');
INSERT    into t_item_type(uuid,item_code,item_name,cate_no,package_unit,recipe_unit,item_standard,item_style,bar_code,busi_type_id,item_bulk,input_price,dealer_code,dealer_name,sell_price,is_vip_discount, is_sell,is_count,vip_sell_price,recipe_price,drug_form, ware_up_limit,ware_down_limit,safe_day,use_way,group_name,remark,input_code, is_scattered, location, is_can_exchange,exchange_reward_point,create_user_id,update_user_id)
VALUES (uuid(), 'WF0000000060', '特危监护', '7b3fe252-bddd-4ffe-9527-468aaa6629b7', 'DM00018', 'DM00018', '', '住院项目', 'WF0000000060', '97382cb9-3811-413d-91ea-d3696c5c9f18', 1, 0.00, '', '', 50.00, '否', '是', '否', 0.00, 50.00, 'DM00008', 999, 0, 999, '', '', '', '院长', 0.00, '院长', NULL, 0,'34ff5c2e-6625-4d6d-ad39-d1745755b3a8','34ff5c2e-6625-4d6d-ad39-d1745755b3a8');
INSERT    into t_item_type(uuid,item_code,item_name,cate_no,package_unit,recipe_unit,item_standard,item_style,bar_code,busi_type_id,item_bulk,input_price,dealer_code,dealer_name,sell_price,is_vip_discount, is_sell,is_count,vip_sell_price,recipe_price,drug_form, ware_up_limit,ware_down_limit,safe_day,use_way,group_name,remark,input_code, is_scattered, location, is_can_exchange,exchange_reward_point,create_user_id,update_user_id)
VALUES (uuid(), 'WF0000000061', '大中型犬', '7b3fe252-bddd-4ffe-9527-468aaa6629b7', 'DM00018', 'DM00018', '', '住院项目', 'WF0000000061', '97382cb9-3811-413d-91ea-d3696c5c9f18', 1, 0.00, '', '', 30.00, '否', '是', '否', 0.00, 30.00, 'DM00008', 999, 0, 999, '', '', '', '院长', 0.00, '院长', NULL, 0,'34ff5c2e-6625-4d6d-ad39-d1745755b3a8','34ff5c2e-6625-4d6d-ad39-d1745755b3a8');
INSERT    into t_item_type(uuid,item_code,item_name,cate_no,package_unit,recipe_unit,item_standard,item_style,bar_code,busi_type_id,item_bulk,input_price,dealer_code,dealer_name,sell_price,is_vip_discount, is_sell,is_count,vip_sell_price,recipe_price,drug_form, ware_up_limit,ware_down_limit,safe_day,use_way,group_name,remark,input_code, is_scattered, location, is_can_exchange,exchange_reward_point,create_user_id,update_user_id)
VALUES (uuid(), 'WF0000000062', '小型犬', '7b3fe252-bddd-4ffe-9527-468aaa6629b7', 'DM00018', 'DM00011', '', '住院项目', 'WF0000000062', '97382cb9-3811-413d-91ea-d3696c5c9f18', 1, 0.00, '', '', 20.00, '否', '是', '否', 0.00, 20.00, 'DM00008', 999, 0, 999, '', '', '', '院长', 0.00, '院长', NULL, 0,'34ff5c2e-6625-4d6d-ad39-d1745755b3a8','34ff5c2e-6625-4d6d-ad39-d1745755b3a8');
INSERT    into t_item_type(uuid,item_code,item_name,cate_no,package_unit,recipe_unit,item_standard,item_style,bar_code,busi_type_id,item_bulk,input_price,dealer_code,dealer_name,sell_price,is_vip_discount, is_sell,is_count,vip_sell_price,recipe_price,drug_form, ware_up_limit,ware_down_limit,safe_day,use_way,group_name,remark,input_code, is_scattered, location, is_can_exchange,exchange_reward_point,create_user_id,update_user_id)
VALUES (uuid(), 'WF0000000063', '美容香波', 'f99a04f7-61e3-4df6-9a3d-5e2a76ea90a5', 'DM00014', 'DM00014', '', '宠物用品', 'WF0000000063', '18644a6e-a004-4ce0-a11f-d100dfbc1caa', 1, 50.00, 'JXS0000000004', '五湖', 145.00, '是', '是', '是', 0.00, 145.00, 'DM00008', 999, 5, 0, '', '', '', '院长', 0.00, '院长', NULL, 0, '34ff5c2e-6625-4d6d-ad39-d1745755b3a8','34ff5c2e-6625-4d6d-ad39-d1745755b3a8');
INSERT    into t_item_type(uuid,item_code,item_name,cate_no,package_unit,recipe_unit,item_standard,item_style,bar_code,busi_type_id,item_bulk,input_price,dealer_code,dealer_name,sell_price,is_vip_discount, is_sell,is_count,vip_sell_price,recipe_price,drug_form, ware_up_limit,ware_down_limit,safe_day,use_way,group_name,remark,input_code, is_scattered, location, is_can_exchange,exchange_reward_point,create_user_id,update_user_id)
VALUES (uuid(), 'WF0000000064', '全身洗护', '625da585-89d6-4435-a5e7-a9e948585d1d', 'DM00013', 'DM00013', '', '美容服务', 'WF0000000064', '9fa7b1df-3f0d-48eb-82d3-f143e5cbb7b3', 1, 0.00, '', '', 100.00, '否', '是', '否', 0.00, 100.00, 'DM00008', 999, 0, 365, '', '', '', '院长', 0.00, '院长', NULL, 0, '34ff5c2e-6625-4d6d-ad39-d1745755b3a8','34ff5c2e-6625-4d6d-ad39-d1745755b3a8');
INSERT    into t_item_type(uuid,item_code,item_name,cate_no,package_unit,recipe_unit,item_standard,item_style,bar_code,busi_type_id,item_bulk,input_price,dealer_code,dealer_name,sell_price,is_vip_discount, is_sell,is_count,vip_sell_price,recipe_price,drug_form, ware_up_limit,ware_down_limit,safe_day,use_way,group_name,remark,input_code, is_scattered, location, is_can_exchange,exchange_reward_point,create_user_id,update_user_id)
VALUES (uuid(), 'WF0000000065', '犬干扰素', '5a2ba3bf-37d2-4d18-ac49-09ab7823e40d', 'DM00038', 'DM00050', '5ml X 10', '宠物药品', 'WF0000000065', '0b02ebb8-e341-420b-9267-453610635ecd', 10, 60.00, 'JXS0000000001', '北京龙科生物制药有限公司', 240.00, '是', '是', '是', 0.00, 24.00, 'DM00022', 999, 10, 0, '每支用1ml灭菌注射用水溶解，肌肉或皮下注射。', '', '', '院长', 0.00, '院长', NULL, 0, '34ff5c2e-6625-4d6d-ad39-d1745755b3a8','34ff5c2e-6625-4d6d-ad39-d1745755b3a8');
INSERT    into t_item_type(uuid,item_code,item_name,cate_no,package_unit,recipe_unit,item_standard,item_style,bar_code,busi_type_id,item_bulk,input_price,dealer_code,dealer_name,sell_price,is_vip_discount, is_sell,is_count,vip_sell_price,recipe_price,drug_form, ware_up_limit,ware_down_limit,safe_day,use_way,group_name,remark,input_code, is_scattered, location, is_can_exchange,exchange_reward_point,create_user_id,update_user_id)
VALUES (uuid(), 'WF0000000066', '奥美拉唑', '5a2ba3bf-37d2-4d18-ac49-09ab7823e40d', 'DM0000000057', 'DM00015', '', '宠物药品', 'WF0000000066', '0b02ebb8-e341-420b-9267-453610635ecd', 8, 0.00, 'JXS0000000003', '美国瑞普斯生物药品集团有限公司', 40.00, '是', '是', '是', 0.00, 5.00, 'DM00009', 999, 20, 0, '', '', '', '院长', 0.00, '院长', NULL , 0, '34ff5c2e-6625-4d6d-ad39-d1745755b3a8','34ff5c2e-6625-4d6d-ad39-d1745755b3a8');
INSERT    into t_item_type(uuid,item_code,item_name,cate_no,package_unit,recipe_unit,item_standard,item_style,bar_code,busi_type_id,item_bulk,input_price,dealer_code,dealer_name,sell_price,is_vip_discount, is_sell,is_count,vip_sell_price,recipe_price,drug_form, ware_up_limit,ware_down_limit,safe_day,use_way,group_name,remark,input_code, is_scattered, location, is_can_exchange,exchange_reward_point,create_user_id,update_user_id)
VALUES (uuid(), 'WF0000000067', '舒一宁', '5a2ba3bf-37d2-4d18-ac49-09ab7823e40d', 'DM00041', 'DM00047', NULL, '宠物药品', 'WF0000000067', '0b02ebb8-e341-420b-9267-453610635ecd', 20, 20.46, 'JXS0000000001', '北京龙科生物制药有限公司', 80.46, '是', '是', '是', 0.00, 4.02, 'DM00010', 999, 0, 0, NULL, NULL, NULL, '院长', 0.00, '院长', NULL , 0,'34ff5c2e-6625-4d6d-ad39-d1745755b3a8','34ff5c2e-6625-4d6d-ad39-d1745755b3a8');
INSERT    into t_item_type(uuid,item_code,item_name,cate_no,package_unit,recipe_unit,item_standard,item_style,bar_code,busi_type_id,item_bulk,input_price,dealer_code,dealer_name,sell_price,is_vip_discount, is_sell,is_count,vip_sell_price,recipe_price,drug_form, ware_up_limit,ware_down_limit,safe_day,use_way,group_name,remark,input_code, is_scattered, location, is_can_exchange,exchange_reward_point,create_user_id,update_user_id)
VALUES (uuid(), 'WF0000000068', '清热颗粒', '5a2ba3bf-37d2-4d18-ac49-09ab7823e40d', 'DM00041', 'DM00047', '', '宠物药品', 'WF0000000068', '0b02ebb8-e341-420b-9267-453610635ecd', 20, 0.00, 'JXS0000000004', '五湖', 40.00, '是', '是', '是', 0.00, 2.00, 'DM00008', 999, 20, 0, '', '', '', '院长', 0.00, '院长', NULL, 0, '34ff5c2e-6625-4d6d-ad39-d1745755b3a8','34ff5c2e-6625-4d6d-ad39-d1745755b3a8');
INSERT    into t_item_type(uuid,item_code,item_name,cate_no,package_unit,recipe_unit,item_standard,item_style,bar_code,busi_type_id,item_bulk,input_price,dealer_code,dealer_name,sell_price,is_vip_discount, is_sell,is_count,vip_sell_price,recipe_price,drug_form, ware_up_limit,ware_down_limit,safe_day,use_way,group_name,remark,input_code, is_scattered, location, is_can_exchange,exchange_reward_point,create_user_id,update_user_id)
VALUES (uuid(), 'WF0000000069', '英特威狂犬疫苗', 'eb6ebe05-f623-47c1-8e2f-ef911756bb3c', 'DM00050', 'DM00050', '', '宠物疫苗', 'WF0000000069', 'e1670d8a-f098-4963-9157-a8c234d9d8fb', 1, 0.00, 'JXS0000000003', '美国瑞普斯生物药品集团有限公司', 200.00, '是', '是', '是', 0.00, 200.00, 'DM00022', 999, 10, 0, '', '', '', '院长', 0.00, '院长', NULL, 0, '34ff5c2e-6625-4d6d-ad39-d1745755b3a8','34ff5c2e-6625-4d6d-ad39-d1745755b3a8');
INSERT    into t_item_type(uuid,item_code,item_name,cate_no,package_unit,recipe_unit,item_standard,item_style,bar_code,busi_type_id,item_bulk,input_price,dealer_code,dealer_name,sell_price,is_vip_discount, is_sell,is_count,vip_sell_price,recipe_price,drug_form, ware_up_limit,ware_down_limit,safe_day,use_way,group_name,remark,input_code, is_scattered, location, is_can_exchange,exchange_reward_point,create_user_id,update_user_id)
VALUES (uuid(), 'WF0000000070', '四联疫苗', 'eb6ebe05-f623-47c1-8e2f-ef911756bb3c', 'DM00050', 'DM00050', '', '宠物疫苗', 'WF0000000070', 'e1670d8a-f098-4963-9157-a8c234d9d8fb', 1, 0.00, 'JXS0000000003', '美国瑞普斯生物药品集团有限公司', 150.00, '是', '是', '是', 0.00, 150.00, 'DM00008', 999, 10, 0, '', '', '', '院长', 0.00, '院长', NULL, 0,'34ff5c2e-6625-4d6d-ad39-d1745755b3a8','34ff5c2e-6625-4d6d-ad39-d1745755b3a8');
INSERT    into t_item_type(uuid,item_code,item_name,cate_no,package_unit,recipe_unit,item_standard,item_style,bar_code,busi_type_id,item_bulk,input_price,dealer_code,dealer_name,sell_price,is_vip_discount, is_sell,is_count,vip_sell_price,recipe_price,drug_form, ware_up_limit,ware_down_limit,safe_day,use_way,group_name,remark,input_code, is_scattered, location, is_can_exchange,exchange_reward_point,create_user_id,update_user_id)
VALUES (uuid(), 'WF0000000071', '荷兰英特威', 'eb6ebe05-f623-47c1-8e2f-ef911756bb3c', 'DM00050', 'DM00050', '', '宠物疫苗', 'WF0000000071', 'e1670d8a-f098-4963-9157-a8c234d9d8fb', 1, 0.00, 'JXS0000000003', '美国瑞普斯生物药品集团有限公司', 120.00, '是', '是', '是', 0.00, 120.00, 'DM00008', 999, 10, 0, '', '', '', '院长', 0.00, '院长', NULL, 0,'34ff5c2e-6625-4d6d-ad39-d1745755b3a8','34ff5c2e-6625-4d6d-ad39-d1745755b3a8');
INSERT    into t_item_type(uuid,item_code,item_name,cate_no,package_unit,recipe_unit,item_standard,item_style,bar_code,busi_type_id,item_bulk,input_price,dealer_code,dealer_name,sell_price,is_vip_discount, is_sell,is_count,vip_sell_price,recipe_price,drug_form, ware_up_limit,ware_down_limit,safe_day,use_way,group_name,remark,input_code, is_scattered, location, is_can_exchange,exchange_reward_point,create_user_id,update_user_id)
VALUES (uuid(), 'WF0000000072', '青霉素', '5a2ba3bf-37d2-4d18-ac49-09ab7823e40d', 'DM00050', 'DM00050', '', '宠物药品', 'WF0000000072', '0b02ebb8-e341-420b-9267-453610635ecd', 1, 0.00, 'JXS0000000001', '北京龙科生物制药有限公司', 20.00, '是', '是', '是', 0.00, 20.00, 'DM00008', 999, 0, 0, '八万至二十万单位肌肉注射，每日2次', '', '', '院长', 0.00, '院长', NULL, 0,'34ff5c2e-6625-4d6d-ad39-d1745755b3a8','34ff5c2e-6625-4d6d-ad39-d1745755b3a8');
INSERT    into t_item_type(uuid,item_code,item_name,cate_no,package_unit,recipe_unit,item_standard,item_style,bar_code,busi_type_id,item_bulk,input_price,dealer_code,dealer_name,sell_price,is_vip_discount, is_sell,is_count,vip_sell_price,recipe_price,drug_form, ware_up_limit,ware_down_limit,safe_day,use_way,group_name,remark,input_code, is_scattered, location, is_can_exchange,exchange_reward_point,create_user_id,update_user_id)
VALUES (uuid(), 'WF0000000073', '聚维酮典药膏', '5a2ba3bf-37d2-4d18-ac49-09ab7823e40d', 'DM00050', 'DM00050', '', '宠物药品', 'WF0000000073', '0b02ebb8-e341-420b-9267-453610635ecd', 1, 0.00, 'JXS0000000001', '北京龙科生物制药有限公司', 100.00, '是', '是', '是', 0.00, 100.00, 'DM00008', 999, 0, 0, '2次/日', '', '', '院长', 0.00, '院长', NULL, 0,'34ff5c2e-6625-4d6d-ad39-d1745755b3a8','34ff5c2e-6625-4d6d-ad39-d1745755b3a8');
INSERT    into t_item_type(uuid,item_code,item_name,cate_no,package_unit,recipe_unit,item_standard,item_style,bar_code,busi_type_id,item_bulk,input_price,dealer_code,dealer_name,sell_price,is_vip_discount, is_sell,is_count,vip_sell_price,recipe_price,drug_form, ware_up_limit,ware_down_limit,safe_day,use_way,group_name,remark,input_code, is_scattered, location, is_can_exchange,exchange_reward_point,create_user_id,update_user_id)
VALUES (uuid(), 'WF0000000074', '伊维菌素', '5a2ba3bf-37d2-4d18-ac49-09ab7823e40d', 'DM00050', 'DM00050', '', '宠物药品', 'WF0000000074', '0b02ebb8-e341-420b-9267-453610635ecd', 1, 0.00, 'JXS0000000003', '美国瑞普斯生物药品集团有限公司', 50.00, '是', '是', '是', 0.00, 50.00, 'DM00008', 999, 0, 0, '02ml，每周一次', '', '', '院长', 0.00, '院长', NULL, 0, '34ff5c2e-6625-4d6d-ad39-d1745755b3a8','34ff5c2e-6625-4d6d-ad39-d1745755b3a8');
INSERT    into t_item_type(uuid,item_code,item_name,cate_no,package_unit,recipe_unit,item_standard,item_style,bar_code,busi_type_id,item_bulk,input_price,dealer_code,dealer_name,sell_price,is_vip_discount, is_sell,is_count,vip_sell_price,recipe_price,drug_form, ware_up_limit,ware_down_limit,safe_day,use_way,group_name,remark,input_code, is_scattered, location, is_can_exchange,exchange_reward_point,create_user_id,update_user_id)
VALUES (uuid(), 'WF0000000075', '药浴', '5a2ba3bf-37d2-4d18-ac49-09ab7823e40d', 'DM00014', 'DM00014', '', '宠物药品', 'WF0000000075', '0b02ebb8-e341-420b-9267-453610635ecd', 1, 0.00, 'JXS0000000003', '美国瑞普斯生物药品集团有限公司', 100.00, '是', '是', '是', 0.00, 100.00, 'DM00008', 999, 0, 0, '每周一次', '', '', '院长', 0.00, '院长', NULL, 0, '34ff5c2e-6625-4d6d-ad39-d1745755b3a8','34ff5c2e-6625-4d6d-ad39-d1745755b3a8');
INSERT    into t_item_type(uuid,item_code,item_name,cate_no,package_unit,recipe_unit,item_standard,item_style,bar_code,busi_type_id,item_bulk,input_price,dealer_code,dealer_name,sell_price,is_vip_discount, is_sell,is_count,vip_sell_price,recipe_price,drug_form, ware_up_limit,ware_down_limit,safe_day,use_way,group_name,remark,input_code, is_scattered, location, is_can_exchange,exchange_reward_point,create_user_id,update_user_id)
VALUES (uuid(), 'CEX00093', '康源益生菌', '5a2ba3bf-37d2-4d18-ac49-09ab7823e40d', 'DM00038', 'DM00041', '5g*5袋/盒', '宠物药品', 'CEX00093', '0b02ebb8-e341-420b-9267-453610635ecd', 5, 0.00, 'CBU000000001', '宠儿香', 40.00, '是', '是', '是', 0.00, 8.00, 'DM00008', 999, 0, 0,
'使用方法(用法）：1、细菌性或肠功能紊乱引起的腹泻、便秘等急慢性肠道症状，可以直接使用本品；2、病毒、寄生虫等引起的肠道症状，使用本品做配合治疗，可以缓解症状；3、胃功能弱、食欲不振、厌食、积食，直接使用本品可促进胃功能，缓解症状；4、环境变化、断奶、手术、疫苗接种等情况使用本品，防止应激反应的发生；5、营养不良、体弱多病，口臭、粪便恶臭等情况使用本品，可以有效缓解症状；6、抗生素治疗后使用本品，可以调节肠道菌群平衡，恢复肠道功能；产品用法：宠物自行舔食或溶于约50-100毫升40℃以下水中饮用，也可拌入食物饲喂。产品用量：每天服用1次，5天为1个周期，体重2kg以下的宠物每次半袋，体重2-10kg的宠物每次1袋，体重10kg以上的宠物每次2袋。或遵医嘱。保健量：每周2次。', NULL, '产品特点：1.专利优势菌种组合2.促进胃消化功能3.控制腹泻、缓解便秘、除臭4.提高消化吸收率，缓解应激反应', '院长', 0.00 , '院长', NULL, 0,'34ff5c2e-6625-4d6d-ad39-d1745755b3a8','34ff5c2e-6625-4d6d-ad39-d1745755b3a8');
INSERT    into t_item_type(uuid,item_code,item_name,cate_no,package_unit,recipe_unit,item_standard,item_style,bar_code,busi_type_id,item_bulk,input_price,dealer_code,dealer_name,sell_price,is_vip_discount, is_sell,is_count,vip_sell_price,recipe_price,drug_form, ware_up_limit,ware_down_limit,safe_day,use_way,group_name,remark,input_code, is_scattered, location, is_can_exchange,exchange_reward_point,create_user_id,update_user_id)
VALUES (uuid(), 'CEX00094', '肠乐宝', '5a2ba3bf-37d2-4d18-ac49-09ab7823e40d', 'DM00038', 'DM00041', '5g*5袋/盒', '宠物药品', 'CEX00094', '0b02ebb8-e341-420b-9267-453610635ecd', 5, 0.00, 'CBU000000001', '宠儿香', 55.00, '是', '是', '是', 0.00, 11.00, 'DM00008', 999, 0, 0,
'使用方法(用法）：1、细菌性或肠功能紊乱引起的腹泻、便秘等急慢性肠道症状，可以直接使用本品；2、病毒、寄生虫等引起的肠道症状，使用本品做配合治疗，可以缓解症状；3、肠黏膜损伤、黏膜功能弱等情况，使用本品可以促进黏膜的修复和再生；4、环境变化、断奶、手术、疫苗接种等情况使用本品，防止应激反应的发生；5、营养不良、体弱多病，口臭、粪便恶臭等情况使用本品，可以有效缓解症状；6、抗生素治疗后使用本品，可以调节肠道菌群平衡，恢复肠道功能；产品用法：宠物自行舔食或溶于约50-100毫升40℃以下水中饮用，也可拌入食物饲喂。产品用量：每天服用1次，5天为1个周期，体重2kg以下的宠物每次半袋，体重2～10kg的宠物每次1袋，体重10kg以上的宠物每次2袋；或遵医嘱。保健量：每周2次。', NULL, '产品特点：1、专利优势菌种组合2、修复、再生肠粘膜3、控制腹泻、缓解便秘、除臭4、提高消化吸收率，缓解应激反应', '院长', 0.00 , '院长', NULL , 0,'34ff5c2e-6625-4d6d-ad39-d1745755b3a8','34ff5c2e-6625-4d6d-ad39-d1745755b3a8');
INSERT    into t_item_type(uuid,item_code,item_name,cate_no,package_unit,recipe_unit,item_standard,item_style,bar_code,busi_type_id,item_bulk,input_price,dealer_code,dealer_name,sell_price,is_vip_discount, is_sell,is_count,vip_sell_price,recipe_price,drug_form, ware_up_limit,ware_down_limit,safe_day,use_way,group_name,remark,input_code, is_scattered, location, is_can_exchange,exchange_reward_point,create_user_id,update_user_id)
VALUES (uuid(), 'CEX00095', '敏舒平', '5a2ba3bf-37d2-4d18-ac49-09ab7823e40d', 'DM00038', 'DM00041', '5g*5袋/盒', '宠物药品', 'CEX00095', '0b02ebb8-e341-420b-9267-453610635ecd', 5, 0.00, 'CBU000000001', '宠儿香', 55.00, '是', '是', '是', 0.00, 11.00, 'DM00008', 999, 0, 0, '使用方法(用法）：1、发生过敏反应的宠物，直接使用本品可以缓解过敏症状；2、患皮肤病的宠物，使用本品配合治疗，可以缓解红肿、瘙痒的症状；3、常发性过敏及过敏体质的宠物，使用本品，可以调节机体免疫平衡，改善过敏体质，降低过敏的发生率；产品用法：宠物自行舔食或溶于约50-100毫升40℃以下水中饮用，也可拌入食物饲喂。产品用量：每天服用1次，5天为1个周期，体重2kg以下的宠物每次半袋，体重2～10kg的宠物每次1袋，体重10kg以上的宠物每次2袋。或遵医嘱。保健量：每周2次。', NULL,
'产品特点：1、专利优势菌种组合2、阻止致敏过程，缓解过敏症状3、调节免疫平衡，完善免疫功能4、可长期使用，安全无副作用', '院长', 0.00 , '院长', NULL , 0,'34ff5c2e-6625-4d6d-ad39-d1745755b3a8','34ff5c2e-6625-4d6d-ad39-d1745755b3a8');
INSERT    into t_item_type(uuid,item_code,item_name,cate_no,package_unit,recipe_unit,item_standard,item_style,bar_code,busi_type_id,item_bulk,input_price,dealer_code,dealer_name,sell_price,is_vip_discount, is_sell,is_count,vip_sell_price,recipe_price,drug_form, ware_up_limit,ware_down_limit,safe_day,use_way,group_name,remark,input_code, is_scattered, location, is_can_exchange,exchange_reward_point,create_user_id,update_user_id)
VALUES (uuid(), 'CEX00096', '防石灵', '5a2ba3bf-37d2-4d18-ac49-09ab7823e40d', 'DM00011', 'DM00041', '5g*5袋/盒', '宠物药品', 'CEX00096', '0b02ebb8-e341-420b-9267-453610635ecd', 5, 0.00, 'CBU000000001', '宠儿香', 55.00, '是', '是', '是', 0.00, 11.00, 'DM00008', 999, 0, 0,
'使用方法(用法）：1、草酸钙类型的结石可以直接使用本品，从根本上防治该类型结石的发生；2、含草酸钙的混合型结石，可以使用本品做配合治疗；3、泌尿道感染疾病，使用本品可防止草酸盐结晶的发生，防止感染反复复发；4、草酸钙类型的结石术后使用，降低结石复发率；产品用法：宠物自行舔食或溶于约50-100毫升40℃以下水中饮用，也可拌入食物饲喂。  产品用量：每天服用1次，5天为1个周期，体重2kg以下的宠物每次半袋，体重2～10kg的宠物每次1袋，体重10kg以上的宠物每次2袋。或遵医嘱。保健量：每周2次。', NULL,
'产品特点：1、专利优势菌种组合2、分解草酸3、降低草酸浓度4、防治草酸钙结石5、调节肠道功能', '院长', 0.00 , '院长', NULL , 0, '34ff5c2e-6625-4d6d-ad39-d1745755b3a8','34ff5c2e-6625-4d6d-ad39-d1745755b3a8');
INSERT    into t_item_type(uuid,item_code,item_name,cate_no,package_unit,recipe_unit,item_standard,item_style,bar_code,busi_type_id,item_bulk,input_price,dealer_code,dealer_name,sell_price,is_vip_discount, is_sell,is_count,vip_sell_price,recipe_price,drug_form, ware_up_limit,ware_down_limit,safe_day,use_way,group_name,remark,input_code, is_scattered, location, is_can_exchange,exchange_reward_point,create_user_id,update_user_id)
VALUES (uuid(), 'CEX00097', '强力多维', '5a2ba3bf-37d2-4d18-ac49-09ab7823e40d', 'DM0000000061', 'DM0000000061', '130g/支', '宠物药品', 'CEX00097', '0b02ebb8-e341-420b-9267-453610635ecd', 1, 0.00, 'CBU000000001', '宠儿香', 78.00, '是', '是', '是', 0.00, 78.00, 'DM00008', 999, 0, 0,
'使用方法(用法）：1、各个年龄阶段犬的营养快速补充；2、特殊时期（疾病、怀孕、哺乳等）犬的营养特殊补充；3、偏食、厌食、异食癖、饮食不规律的犬，有助于恢复其正常饮食习惯；4、体弱多病，神态不佳等犬，可以强化营养，增强体质；用法用量：直接涂于宠物的鼻或嘴处舔食，也可以混合在食物中。体重10Kg以下的宠物每日饲喂5g(约5cm）的膏体，体重10Kg以上的宠物用量加倍或遵医嘱。', NULL,
'产品特点：1、全营养配方，配比科学合理2、强化犬必需氨基酸，营养更丰富3、低油脂配方，易消化吸收', '院长', 0.00, '院长', null, 0, '34ff5c2e-6625-4d6d-ad39-d1745755b3a8','34ff5c2e-6625-4d6d-ad39-d1745755b3a8');
INSERT    into t_item_type(uuid,item_code,item_name,cate_no,package_unit,recipe_unit,item_standard,item_style,bar_code,busi_type_id,item_bulk,input_price,dealer_code,dealer_name,sell_price,is_vip_discount, is_sell,is_count,vip_sell_price,recipe_price,drug_form, ware_up_limit,ware_down_limit,safe_day,use_way,group_name,remark,input_code, is_scattered, location, is_can_exchange,exchange_reward_point,create_user_id,update_user_id)
VALUES (uuid(), 'CEX00098', '猫多维', '5a2ba3bf-37d2-4d18-ac49-09ab7823e40d', 'DM0000000061', 'DM0000000061', '80g/支', '宠物药品', 'CEX00098', '0b02ebb8-e341-420b-9267-453610635ecd', 1, 0.00, 'CBU000000001', '宠儿香', 69.00, '是', '是', '是', 0.00, 69.00, 'DM00008', 999, 0, 0,
'使用方法(用法）：1、各个年龄阶段缺钙症状的宠物，使用本品可以快速、高效补钙；2、特殊时期（怀孕、哺乳、疾病时期等）宠物的补钙；3、软骨病、骨质疏松、产后瘫痪、骨折等疾病的支持治疗；用法用量：直接涂于宠物的鼻或嘴处舔食，也可以混合在食物中。10Kg以下的宠物每日饲喂5g(约5cm）的膏体，10Kg以上的宠物用量加倍或遵医嘱。', NULL,
'产品特点：1、专为猫设计，适口性好2、强化猫必需氨基酸、不饱和脂肪酸3、高效补充体能，提高免疫力4、低脂配方，易消化', '院长', 0.00 , '院长', NULL , 0,'34ff5c2e-6625-4d6d-ad39-d1745755b3a8','34ff5c2e-6625-4d6d-ad39-d1745755b3a8');
INSERT    into t_item_type(uuid,item_code,item_name,cate_no,package_unit,recipe_unit,item_standard,item_style,bar_code,busi_type_id,item_bulk,input_price,dealer_code,dealer_name,sell_price,is_vip_discount, is_sell,is_count,vip_sell_price,recipe_price,drug_form, ware_up_limit,ware_down_limit,safe_day,use_way,group_name,remark,input_code, is_scattered, location, is_can_exchange,exchange_reward_point,create_user_id,update_user_id)
VALUES (uuid(), 'CEX00099', '牛乳钙胶', '5a2ba3bf-37d2-4d18-ac49-09ab7823e40d', 'DM0000000061', 'DM0000000061', '145g/支', '宠物药品', 'CEX00099', '0b02ebb8-e341-420b-9267-453610635ecd', 1, 0.00, 'CBU000000001', '宠儿香', 99.00, '是', '是', '是', 0.00, 99.00, 'DM00008', 999, 0, 0,
'使用方法(用法）：1、各个年龄阶段缺钙症状的宠物，使用本品可以快速、高效补钙；2、特殊时期（怀孕、哺乳、疾病时期等）宠物的补钙；3、软骨病、骨质疏松、产后瘫痪、骨折等疾病的支持治疗；用法用量：直接涂于宠物的鼻或嘴处舔食，也可以混合在食物中。10Kg以下的宠物每日饲喂5g(约5cm）的膏体，10Kg以上的宠物用量加倍或遵医嘱。', NULL,
'产品特点：1、天然黄金钙源—牛乳钙2、生物利用率高3、含CPP、维生素D等，促进钙吸收4、钙磷同补，补钙效果更明显', '院长', 0.00 , '院长', NULL, 0,'34ff5c2e-6625-4d6d-ad39-d1745755b3a8','34ff5c2e-6625-4d6d-ad39-d1745755b3a8');
INSERT    into t_item_type(uuid,item_code,item_name,cate_no,package_unit,recipe_unit,item_standard,item_style,bar_code,busi_type_id,item_bulk,input_price,dealer_code,dealer_name,sell_price,is_vip_discount, is_sell,is_count,vip_sell_price,recipe_price,drug_form, ware_up_limit,ware_down_limit,safe_day,use_way,group_name,remark,input_code, is_scattered, location, is_can_exchange,exchange_reward_point,create_user_id,update_user_id)
VALUES (uuid(), 'CEX00100', '生血宝', '5a2ba3bf-37d2-4d18-ac49-09ab7823e40d', 'DM0000000061', 'DM0000000061', '80g/支', '宠物药品', 'CEX00100', '0b02ebb8-e341-420b-9267-453610635ecd', 1, 0.00, 'CBU000000001', '宠儿香', 78.00, '是', '是', '是', 0.00, 78.00, 'DM00008', 999, 0, 0,
'使用方法(用法）：1、营养性贫血或者铁吸收不良引起的贫血，可直接使用本品防治；2、其他类型的贫血（失血性贫血、溶血性贫血、造血功能障碍、肾性贫血等），可以使用本品做配合治疗；3、特殊情况（术后、妊娠、哺乳、幼年、老年等）引起的贫血症状；用法用量：直接涂于宠物的鼻或嘴处舔食，也可以混合在食物中。体重10Kg以下的宠物每日饲喂5g(约5cm）的膏体，10Kg以上的宠物用量加倍或遵医嘱。', '',
'产品特点：1、生物铁源—吸收率高，不刺激肠胃2、补铁、造血双重功能3、富含多种血液营养素', '院长', 0.00 , '院长', NULL , 0,'34ff5c2e-6625-4d6d-ad39-d1745755b3a8','34ff5c2e-6625-4d6d-ad39-d1745755b3a8');
INSERT    into t_item_type(uuid,item_code,item_name,cate_no,package_unit,recipe_unit,item_standard,item_style,bar_code,busi_type_id,item_bulk,input_price,dealer_code,dealer_name,sell_price,is_vip_discount, is_sell,is_count,vip_sell_price,recipe_price,drug_form, ware_up_limit,ware_down_limit,safe_day,use_way,group_name,remark,input_code, is_scattered, location, is_can_exchange,exchange_reward_point,create_user_id,update_user_id)
VALUES (uuid(), 'CEX00101', '生元康', '5a2ba3bf-37d2-4d18-ac49-09ab7823e40d', 'DM0000000061', 'DM0000000061', '80g/支', '宠物药品', 'CEX00101','0b02ebb8-e341-420b-9267-453610635ecd', 1, 0.00, 'CBU000000001', '宠儿香', 69.00, '是', '是', '是', 0.00, 69.00, 'DM00008', 999, 0, 0,
'使用方法(用法）：1、溃疡（皮肤黏膜、口腔等），术后伤口等，使用本品可以促进愈合；2、坏血病，氧化损伤疾病（退行性病变、脏器损伤等），使用本品可做配合治疗；3、比赛犬、大量运动的犬，使用本品可以迅速恢复体能；4、皮肤疾病的宠物，可保证皮肤黏膜的完整性，缓解红肿、瘙痒症状；5、铁吸收不良，免疫力低下，衰老的的宠物，可直接使用本产品；用法用量：直接涂于宠物的鼻或嘴处舔食，也可以混合在食物中饲喂。10Kg以下宠物每日饲喂5g(约5cm）的膏体，10Kg以上宠物用量加倍或遵医嘱，本品不含任何激素，长期服用无副作用。', NULL,
'产品特点：1、高效抗氧化组方，延缓衰老2、高稳定性维生素C抗氧化因子3、加速代谢，促进伤口愈合', '院长', 0.00 , '院长', NULL , 0,'34ff5c2e-6625-4d6d-ad39-d1745755b3a8','34ff5c2e-6625-4d6d-ad39-d1745755b3a8');
INSERT    into t_item_type(uuid,item_code,item_name,cate_no,package_unit,recipe_unit,item_standard,item_style,bar_code,busi_type_id,item_bulk,input_price,dealer_code,dealer_name,sell_price,is_vip_discount, is_sell,is_count,vip_sell_price,recipe_price,drug_form, ware_up_limit,ware_down_limit,safe_day,use_way,group_name,remark,input_code, is_scattered, location, is_can_exchange,exchange_reward_point,create_user_id,update_user_id)
VALUES (uuid(), 'CEX00102', '糖适康', '5a2ba3bf-37d2-4d18-ac49-09ab7823e40d', 'DM0000000061', 'DM0000000061', '80g/支', '宠物药品', 'CEX00102', '0b02ebb8-e341-420b-9267-453610635ecd', 1, 0.00, 'CBU000000001', '宠儿香', 69.00, '是', '是', '是', 0.00, 69.00, 'DM00008', 999, 0, 0,
'使用方法（用法）:1、Ⅰ型糖尿病的宠物，可以配合胰岛素使用，降低胰岛素使用量和频率；2、Ⅱ型糖尿病可以直接使用或者配合降糖药使用，抑制餐后血糖升高；3、应激性血糖升高的宠物，可以直接使用，预防皮肤伤口溃烂不易愈合；4、肥胖犬猫，可以直接使用，降低胆固醇、甘油三酯等，预防三高症；用法用量: 请于喂食前饲喂，可直接涂于宠物的鼻或嘴处供其舔食。10Kg以下宠物每日饲喂5g(约5cm）的膏体，10Kg以上宠物用量加倍。以上是推荐用量，具体可酌情使用或遵医嘱。', NULL,
'产品特点：1、抑制餐后血糖升高2、修复胰岛损伤3、调节血糖代谢4、控制血脂', '院长', 0.00 , '院长', NULL , 0,'34ff5c2e-6625-4d6d-ad39-d1745755b3a8','34ff5c2e-6625-4d6d-ad39-d1745755b3a8');
INSERT    into t_item_type(uuid,item_code,item_name,cate_no,package_unit,recipe_unit,item_standard,item_style,bar_code,busi_type_id,item_bulk,input_price,dealer_code,dealer_name,sell_price,is_vip_discount, is_sell,is_count,vip_sell_price,recipe_price,drug_form, ware_up_limit,ware_down_limit,safe_day,use_way,group_name,remark,input_code, is_scattered, location, is_can_exchange,exchange_reward_point,create_user_id,update_user_id)
VALUES (uuid(), 'CEX00103', '维生素AD', '5a2ba3bf-37d2-4d18-ac49-09ab7823e40d', 'DM0000000061', 'DM0000000061', '80g/支', '宠物药品', 'CEX00103', '0b02ebb8-e341-420b-9267-453610635ecd', 1, 0.00, 'CBU000000001', '宠儿香', 48.00, '是', '是', '是', 0.00, 48.00, 'DM00008', 999, 0, 0,
'使用方法（用法）:1、促进钙的吸收，防治佝偻病、骨质疏松症、软骨病等；2、促进软骨再生，促进骨骼更新，强骨健齿；3、配合补钙产品使用，可以增强补钙产品补钙效果；4、维生素A缺乏引起的视力减退，角膜软化、变厚等眼病；5、皮肤干燥、皮肤角化不全，呼吸道、消化道黏膜反复感染等症状； 用法用量：直接涂于宠物的鼻或嘴处供其舔食，也可混合在食物中。10Kg以下宠物每日饲喂5g(约5cm）的膏体，10Kg以上宠物用量加倍或遵医嘱。', NULL,
'产品特点：1、促进无机钙的吸收2、提高视觉功能3、保持黏膜的完整性', '院长',0.00 , '院长', NULL , 0,'34ff5c2e-6625-4d6d-ad39-d1745755b3a8','34ff5c2e-6625-4d6d-ad39-d1745755b3a8');
INSERT    into t_item_type(uuid,item_code,item_name,cate_no,package_unit,recipe_unit,item_standard,item_style,bar_code,busi_type_id,item_bulk,input_price,dealer_code,dealer_name,sell_price,is_vip_discount, is_sell,is_count,vip_sell_price,recipe_price,drug_form, ware_up_limit,ware_down_limit,safe_day,use_way,group_name,remark,input_code, is_scattered, location, is_can_exchange,exchange_reward_point,create_user_id,update_user_id)
VALUES (uuid(), 'CEX00104', '保肤康', '5a2ba3bf-37d2-4d18-ac49-09ab7823e40d', 'DM00014', 'DM00053', '800mg/粒 10粒/盒 60粒/瓶', '宠物药品', 'CEX00104', '0b02ebb8-e341-420b-9267-453610635ecd', 60, 0.00, 'CBU000000001', '宠儿香', 180.00, '是', '是', '是', 0.00, 3.00, 'DM00008', 999, 0, 0,
'使用方法（用法）:1、用于各种原因引起皮肤病的支持治疗，提高皮肤黏膜屏障，提高治愈率，降低复发率；2、本产品含有中药止痒成分，可以缓解皮肤瘙痒症状；3、针对鳞屑、溃疡糜烂、红疹、角化异常等症状，配合治疗，效果显著；4、脱毛、毛色不良、皮屑增多、干燥等症状，直接使用本品，效果显著；产品用法：直接饲喂或将胶囊刺破混入食物中喂食。产品用量：体重10公斤以下宠物每天1粒，10公斤以上宠物按每10公斤1粒比例增加饲喂量，最高可增至4粒。以上是建议用量。具体使用请遵医嘱。', NULL,
'产品特点：1、富含不饱和脂肪酸2、添加了中药止痒成分—三萜皂苷3、含丰富皮肤营养素4、修复皮肤损伤', '院长', 0.00 , '院长', NULL , 0,'34ff5c2e-6625-4d6d-ad39-d1745755b3a8','34ff5c2e-6625-4d6d-ad39-d1745755b3a8');
INSERT    into t_item_type(uuid,item_code,item_name,cate_no,package_unit,recipe_unit,item_standard,item_style,bar_code,busi_type_id,item_bulk,input_price,dealer_code,dealer_name,sell_price,is_vip_discount, is_sell,is_count,vip_sell_price,recipe_price,drug_form, ware_up_limit,ware_down_limit,safe_day,use_way,group_name,remark,input_code, is_scattered, location, is_can_exchange,exchange_reward_point,create_user_id,update_user_id)
VALUES (uuid(), 'CEX00105', '肝舒宝', '5a2ba3bf-37d2-4d18-ac49-09ab7823e40d', 'DM00038', 'DM00053', '500mg/粒 20粒/盒', '宠物药品', 'CEX00105', '0b02ebb8-e341-420b-9267-453610635ecd', 20, 0.00, 'CBU000000001', '宠儿香', 95.00, '是', '是', '是', 0.00, 4.75, 'DM00008', 999, 0, 0,
'使用方法（用法）:1、修复再生肝细胞，对于急慢性肝炎、肝损伤、肝功能异常等，可直接使用本品；2、清除氧自由基，阻止脂质过氧化，对于中毒或长期用药的宠物，预防肝细胞损伤产生的病变；3、调节胆汁分泌，支持治疗胆管炎、胆石症以及肝脏或胆囊手术性疾病；产品用法: 可直接饲喂或刺破胶囊将内容物混入食物中喂食。  产品用量：可直接饲喂或刺破胶囊将内容物混入食物中喂食。', NULL,
'产品特点：1、保护肝细胞膜2、修复与再生肝细胞3、解毒，无毒副作用', '院长', 0.00 , '院长', NULL, 0, '34ff5c2e-6625-4d6d-ad39-d1745755b3a8','34ff5c2e-6625-4d6d-ad39-d1745755b3a8');
INSERT    into t_item_type(uuid,item_code,item_name,cate_no,package_unit,recipe_unit,item_standard,item_style,bar_code,busi_type_id,item_bulk,input_price,dealer_code,dealer_name,sell_price,is_vip_discount, is_sell,is_count,vip_sell_price,recipe_price,drug_form, ware_up_limit,ware_down_limit,safe_day,use_way,group_name,remark,input_code, is_scattered, location, is_can_exchange,exchange_reward_point,create_user_id,update_user_id)
VALUES (uuid(), 'CEX00106', '内舒安', '5a2ba3bf-37d2-4d18-ac49-09ab7823e40d', 'DM0000000061', 'DM0000000061', '80g/支', '宠物药品', 'CEX00106', '0b02ebb8-e341-420b-9267-453610635ecd', 1, 0.00, 'CBU000000001', '宠儿香', 66.00, '是', '是', '是', 0.00, 66.00, 'DM00008', 999, 0, 0,
'使用方法（用法）:1、用于因梳理毛发产生的毛球，造成呕吐、食欲不振、便秘等症状的宠物；2、宠物便秘，使用本品可起到润肠通便的作用；3、宠物误食异物，使用本品可促进异物通过肠道排出；用法用量: 直接涂于猫的鼻或嘴处舔食，也可以混合在食物中。体重3Kg以下的猫每日饲喂5g(约6.5cm）的膏体，体重3Kg以上的猫用量加倍或遵医嘱。长期服用无副作用。', NULL,
'产品特点：1、天然纤维核，促毛成球2、作用温和，不刺激肠胃', '院长', 0.00 , '院长',NULL , 0,'34ff5c2e-6625-4d6d-ad39-d1745755b3a8','34ff5c2e-6625-4d6d-ad39-d1745755b3a8');
INSERT    into t_item_type(uuid,item_code,item_name,cate_no,package_unit,recipe_unit,item_standard,item_style,bar_code,busi_type_id,item_bulk,input_price,dealer_code,dealer_name,sell_price,is_vip_discount, is_sell,is_count,vip_sell_price,recipe_price,drug_form, ware_up_limit,ware_down_limit,safe_day,use_way,group_name,remark,input_code, is_scattered, location, is_can_exchange,exchange_reward_point,create_user_id,update_user_id)
VALUES (uuid(), 'CEX00107', '尿石净', '5a2ba3bf-37d2-4d18-ac49-09ab7823e40d', 'DM0000000061', 'DM0000000061', '80g/支', '宠物药品', 'CEX00107', '0b02ebb8-e341-420b-9267-453610635ecd', 1, 0.00, 'CBU000000001', '宠儿香', 76.00, '是', '是', '是', 0.00, 76.00, 'DM00008', 999, 0, 0,
'使用方法（用法）:1、犬猫早期草酸钙、磷酸钙类结，可以直接使用，有利于晶体的提早排出；2、犬猫鸟粪石结石类型，可以配合酸化剂使用，提高治愈率；3、手术治疗后的结石病例，可以直接使用，预防结石病的复发；用法用量：直接涂于宠物的鼻或嘴处舔食，也可混合在食物中饲喂。体重10Kg以下的犬每次饲喂5g(约5cm）的膏体，10Kg以上的犬用量加倍或遵医嘱。成年猫每次饲喂5g(约5cm）的膏体，小猫减少用量或遵医嘱。每天2-3次；保健用量，每天1次。使用本产品期间，保证宠物有充足的饮水。', NULL,
'产品特点：1、包裹结石晶体，抑制晶体生成2、润滑结石晶体，促进晶体排出', '院长', 0.00 , '院长', NULL , 0,'34ff5c2e-6625-4d6d-ad39-d1745755b3a8','34ff5c2e-6625-4d6d-ad39-d1745755b3a8');
INSERT    into t_item_type(uuid,item_code,item_name,cate_no,package_unit,recipe_unit,item_standard,item_style,bar_code,busi_type_id,item_bulk,input_price,dealer_code,dealer_name,sell_price,is_vip_discount, is_sell,is_count,vip_sell_price,recipe_price,drug_form, ware_up_limit,ware_down_limit,safe_day,use_way,group_name,remark,input_code, is_scattered, location, is_can_exchange,exchange_reward_point,create_user_id,update_user_id)
VALUES (uuid(), 'CEX00108', '关节保', '5a2ba3bf-37d2-4d18-ac49-09ab7823e40d', 'DM0000000061', 'DM0000000061', '130g/支', '宠物药品', 'CEX00108', '0b02ebb8-e341-420b-9267-453610635ecd', 1, 0.00, 'CBU000000001', '宠儿香', 88.00, '是', '是', '是', 0.00, 88.00, 'DM00008', 999, 0, 0,
'使用方法（用法）:1、患有关节疾病宠物的保守治疗，使用本品可以缓解症状，控制疾病的发展；2、患有关节疾病宠物的手术治疗，使用本品可以促进术后恢复，防止复发；3、老年宠物，使用本品可防止关节老化，预防关节组织损伤4、幼年宠物特别是先天性关节疾病常发品种的宠物，使用本品可降低关节疾病的发生率；用法用量：直接涂于宠物的鼻或嘴处舔食，也可混合在食物中使用。体重10Kg以下的犬每次饲喂5g(约5cm）的膏体，10Kg以上的犬用量加倍或遵医嘱。成年猫每次饲喂5g(约5cm）的膏体，小猫减少用量或尊医嘱。每天2次，使用4-6周；保健用量：每天1次，可长期使用。', NULL,
'产品特点：1、修复、再生软骨细胞2、增强骨骼韧性3、合成关节液、保证关节润滑', '院长', 0.00 , '院长', NULL , 0, '34ff5c2e-6625-4d6d-ad39-d1745755b3a8','34ff5c2e-6625-4d6d-ad39-d1745755b3a8');
INSERT    into t_item_type(uuid,item_code,item_name,cate_no,package_unit,recipe_unit,item_standard,item_style,bar_code,busi_type_id,item_bulk,input_price,dealer_code,dealer_name,sell_price,is_vip_discount, is_sell,is_count,vip_sell_price,recipe_price,drug_form, ware_up_limit,ware_down_limit,safe_day,use_way,group_name,remark,input_code, is_scattered, location, is_can_exchange,exchange_reward_point,create_user_id,update_user_id)
VALUES (uuid(), 'CEX00109', '免疫多糖', '5a2ba3bf-37d2-4d18-ac49-09ab7823e40d', 'DM0000000061', 'DM0000000061', '80g/支', '宠物药品', 'CEX00109', '0b02ebb8-e341-420b-9267-453610635ecd', 1, 0.00, 'CBU000000001', '宠儿香', 78.00, '是', '是', '是', 0.00, 78.00, 'DM00008', 999, 0, 0,
'使用方法（用法）:1、患有病毒性疾病的宠物，可以辅助治理，提高疾病治愈率，缩短治疗周期；2、患有肿瘤疾病的宠物，可抑制肿瘤生长，延缓疾病的发展；3、疫苗接种前后的宠物，使用本品可以提高疫苗免疫效果，预防副反应的发生；4、体弱多病，免疫力低下的宠物，可以增强体质，预防疾病的发生；5、顽固性皮肤病以及其他免疫抑制性疾病，配合使用本品，可提高治疗效果；用法用量：直接涂于宠物的鼻或嘴处舔食，也可以混合在食物中。体重10Kg以下的宠物每日饲喂5g(约5cm）的膏体，体重10Kg以上的宠物用量加倍或遵医嘱。', NULL,
'产品特点：1、复合多糖，专利技术2、增强机体免疫功能3、口服膏体制剂，安全、方便', '院长', 0.00 , '院长', NULL , 0, '34ff5c2e-6625-4d6d-ad39-d1745755b3a8','34ff5c2e-6625-4d6d-ad39-d1745755b3a8');
INSERT    into t_item_type(uuid,item_code,item_name,cate_no,package_unit,recipe_unit,item_standard,item_style,bar_code,busi_type_id,item_bulk,input_price,dealer_code,dealer_name,sell_price,is_vip_discount, is_sell,is_count,vip_sell_price,recipe_price,drug_form, ware_up_limit,ware_down_limit,safe_day,use_way,group_name,remark,input_code, is_scattered, location, is_can_exchange,exchange_reward_point,create_user_id,update_user_id)
VALUES (uuid(), 'CEX00110', '优繁素', '5a2ba3bf-37d2-4d18-ac49-09ab7823e40d', 'DM00038', 'DM00041', '5g*24袋/盒', '宠物药品', 'CEX00110', '0b02ebb8-e341-420b-9267-453610635ecd', 24, 0.00, 'CBU000000001', '宠儿香', 95.00, '是', '是', '是', 0.00, 3.96, 'DM00008', 999, 0, 0,
'使用方法（用法）:1、用于繁殖能力弱，卵巢机能下降，发情周期异常，受孕率低，胚胎发育异常及出现死胎等病症的雌性宠物。2、用于性能力减弱，睾丸、附睾及副性腺重量减轻，精液量不足，精子畸形，活力下降等病症的雄性宠物。3、用于肌营养不良症（硒－维生素E缺乏症）；营养性肝病（肝营养不良）。4、对于内分泌紊乱，肝损伤的宠物，可以使用本品支持治疗；产品用法：可溶于约100ml水中直接饮用；拌入食物饲喂或自行舔食。产品用量：每天服用1次，每次1袋；体重10公斤以上宠物每天2次，每次1袋', NULL,
'产品特点：1、营养手段调节内分泌，促进繁育；2、雌雄均可使用，调节繁育性能；3、无激素添加，无毒副作用；', '院长', 0.00 , '院长', NULL , 0,'34ff5c2e-6625-4d6d-ad39-d1745755b3a8','34ff5c2e-6625-4d6d-ad39-d1745755b3a8');
INSERT    into t_item_type(uuid,item_code,item_name,cate_no,package_unit,recipe_unit,item_standard,item_style,bar_code,busi_type_id,item_bulk,input_price,dealer_code,dealer_name,sell_price,is_vip_discount, is_sell,is_count,vip_sell_price,recipe_price,drug_form, ware_up_limit,ware_down_limit,safe_day,use_way,group_name,remark,input_code, is_scattered, location, is_can_exchange,exchange_reward_point,create_user_id,update_user_id)
VALUES (uuid(), 'CEX00111', '发育素', '5a2ba3bf-37d2-4d18-ac49-09ab7823e40d', 'DM00038', 'DM00041', '5g*24袋/盒', '宠物药品', 'CEX00111', '0b02ebb8-e341-420b-9267-453610635ecd', 24, 0.00, 'CBU000000001', '宠儿香', 78.00, '是', '是', '是', 0.00, 3.25, 'DM00008', 999, 0, 0,
'使用方法（用法）:1、发育迟缓、胃肠功能弱的幼宠，使用本品可促进成长，健全胃肠消化系统；2、食欲不振，厌食、挑食的宠物，使用本品可促进进食和消化；3、离乳期的宠物，使用本品可以平稳过渡，预防断奶应激不适症状的发生用法用量：可拌入食物中喂养，也可溶于水中或奶中饮用。断奶期宠物，每天服用2次，每次半袋。成长期宠物，体重2Kg以下每天服用1次，每次半袋；体重2-10Kg每天服用1次，每次1袋；体重10Kg以上宠物，用量需加倍。成年宠物保健，每周服用2次，每次1袋。特殊情况使用请遵医嘱。', NULL,
'产品特点：1、补充营养，促进幼宠的成长发育；2、补充和激活消化酶，促进消化与吸收；3、科学比配，改善肠胃功能，增强食欲；', '院长', 0.00 , '院长', NULL , 0,'34ff5c2e-6625-4d6d-ad39-d1745755b3a8','34ff5c2e-6625-4d6d-ad39-d1745755b3a8');
INSERT    into t_item_type(uuid,item_code,item_name,cate_no,package_unit,recipe_unit,item_standard,item_style,bar_code,busi_type_id,item_bulk,input_price,dealer_code,dealer_name,sell_price,is_vip_discount, is_sell,is_count,vip_sell_price,recipe_price,drug_form, ware_up_limit,ware_down_limit,safe_day,use_way,group_name,remark,input_code, is_scattered, location, is_can_exchange,exchange_reward_point,create_user_id,update_user_id)
VALUES (uuid(), 'CEX00112', '眼舒净', '5a2ba3bf-37d2-4d18-ac49-09ab7823e40d', 'DM00014', 'DM00014', '10ml/瓶', '宠物药品', 'CEX00112', '0b02ebb8-e341-420b-9267-453610635ecd', 1, 0.00, 'CBU000000001', '宠儿香', 35.00, '是', '是', '是', 0.00, 35.00, 'DM00008', 999, 0, 0,
'使用方法（用法）:1、病毒（犬瘟热病毒、腺病毒、猫疱疹病毒等）性疾病引起的眼部症状，可直接使用本品，广谱抗病毒，有效缓解症状；2、轻度细菌感染引起的眼部症状，可直接使用本品，严重感染需配合其他抗菌素使用；3、顽固性眼部疾病，使用本品可调节免疫系统，作为支持治疗，提高治愈率； 用法用量：药物滴入眼内，一天3～5次， 一次2～3滴。', NULL,
'产品特点：1、专利抗病毒成分，广谱抗病毒；2、广谱杀菌；3、低毒性、刺激性弱', '院长', 0.00 , '院长', NULL , 0, '34ff5c2e-6625-4d6d-ad39-d1745755b3a8','34ff5c2e-6625-4d6d-ad39-d1745755b3a8');
INSERT    into t_item_type(uuid,item_code,item_name,cate_no,package_unit,recipe_unit,item_standard,item_style,bar_code,busi_type_id,item_bulk,input_price,dealer_code,dealer_name,sell_price,is_vip_discount, is_sell,is_count,vip_sell_price,recipe_price,drug_form, ware_up_limit,ware_down_limit,safe_day,use_way,group_name,remark,input_code, is_scattered, location, is_can_exchange,exchange_reward_point,create_user_id,update_user_id)
VALUES (uuid(), 'CEX00113', '眼美净', '5a2ba3bf-37d2-4d18-ac49-09ab7823e40d', 'DM00014', 'DM00014', '10ml/瓶', '宠物药品', 'CEX00113', '0b02ebb8-e341-420b-9267-453610635ecd', 1, 0.00, 'CBU000000001', '宠儿香', 35.00, '是', '是', '是', 0.00, 35.00, 'DM00008', 999, 0, 0,
'使用方法（用法）:1、用于病毒、细菌感染引起的分泌物增症，防治其产生的泪痕；2、对于炎性分泌物堵塞鼻泪管的情况，有一定疏通鼻泪管的作用；3、眼干、眼涩等不适症状的宠物，使用本品可改善眼部微循环，提高抗感染能力；用法用量：用无菌棉球蘸凉开水（或2%硼酸）对宠物由眼内角向外轻轻擦拭干净，然后将药物滴入眼内，用手使患犬（猫）闭目片刻，1-2滴/次，2-3次/天，或遵医嘱。', NULL,
'产品特点：1、广谱抗病毒、杀菌，控制眼睛分泌物；2、增强角膜自我修复功能，促进感光细胞分化和发育；3、含丰富营养素，改善的眼部微循环营养素，提高抗感染能力；', '院长', 0.00 , '院长', NULL , 0, '34ff5c2e-6625-4d6d-ad39-d1745755b3a8','34ff5c2e-6625-4d6d-ad39-d1745755b3a8');
INSERT    into t_item_type(uuid,item_code,item_name,cate_no,package_unit,recipe_unit,item_standard,item_style,bar_code,busi_type_id,item_bulk,input_price,dealer_code,dealer_name,sell_price,is_vip_discount, is_sell,is_count,vip_sell_price,recipe_price,drug_form, ware_up_limit,ware_down_limit,safe_day,use_way,group_name,remark,input_code, is_scattered, location, is_can_exchange,exchange_reward_point,create_user_id,update_user_id)
VALUES (uuid(), 'CEX00114', '咳喘平', '5a2ba3bf-37d2-4d18-ac49-09ab7823e40d', 'DM00014', 'DM00014', '10ml/瓶', '宠物药品', 'CEX00114', '0b02ebb8-e341-420b-9267-453610635ecd', 1, 0.00, 'CBU000000001', '宠儿香', 68.00, '是', '是', '是', 0.00, 68.00, 'DM00008', 999, 0, 0,
'使用方法（用法）:1、针对病毒引起的咽炎、急慢性支气管炎、肺炎等呼吸系统疾病，无继发感染或炎症现象，可直接使用本品；2、针对过敏性支气管炎、咽炎等引起的咳嗽、哮喘，可直接使用本品；3、针对犬瘟热、犬窝咳、猫鼻支等病毒性呼吸道疾病，初期可直接使用本品，若出现继发感染，可按医嘱结合抗生素进行治疗；4、在病毒性疾病高发期，可按医嘱直接使用本品以预防交叉感染。用法用量：1、针对过敏性支气管炎、咽炎等引起的咳嗽、哮喘，可直接使用本品；2、针对病毒引起的咽炎、急慢性支气管炎、肺炎等，临床表现为咳嗽、哮喘，且无继发感染或炎症现象，可直接使用本品；3、针对犬猫瘟热、犬窝咳等病毒性呼吸道疾病，初期可直接使用本品，若出现继发感染，可按医嘱结合抗生素进行治疗；4、在病毒性疾病高发期，可按医嘱直接使用本品以预防交叉感染。用量：将药物喷入口中，按下表推荐剂量使用；或遵医嘱。体重范围①＜3kg 1喷/次，2～3次/天②3kg～6kg  2喷/次，3～4次/天  ③＞6kg  2～3喷/次，4～5次/天', NULL,
'产品特点：1、快速祛痰，镇咳平喘；2、广谱抗病毒，缓解症状；', '院长', 0.00 , '院长', NULL , 0,'34ff5c2e-6625-4d6d-ad39-d1745755b3a8','34ff5c2e-6625-4d6d-ad39-d1745755b3a8');
INSERT    into t_item_type(uuid,item_code,item_name,cate_no,package_unit,recipe_unit,item_standard,item_style,bar_code,busi_type_id,item_bulk,input_price,dealer_code,dealer_name,sell_price,is_vip_discount, is_sell,is_count,vip_sell_price,recipe_price,drug_form, ware_up_limit,ware_down_limit,safe_day,use_way,group_name,remark,input_code, is_scattered, location, is_can_exchange,exchange_reward_point,create_user_id,update_user_id)
VALUES (uuid(), 'CEX00115', '卫眼明', '5a2ba3bf-37d2-4d18-ac49-09ab7823e40d', 'DM00014', 'DM00014', '10ml/瓶', '宠物药品', 'CEX00115', '0b02ebb8-e341-420b-9267-453610635ecd', 1, 0.00, 'CBU000000001', '宠儿香', 69.00, '是', '是', '是', 0.00, 69.00, 'DM00008', 999, 0, 0,
'使用方法（用法）:1、宠物早期白内障，使用本品可以早期干预治疗，缓解白内障发展；2、糖尿病性白内障宠物，使用本品可以抑制晶状体蛋白变性；3、白内障手术治疗的宠物，使用本品可以有助于术后快速恢复；用法用量：药物滴入眼结膜内，一天3～4次，一次2～3滴', NULL,
'产品特点：1、早期白内障的干预治疗；2、抑制晶状体蛋白变性；3、高效抗氧化，保护角膜；', '院长', 0.00 , '院长',NULL , 0,'34ff5c2e-6625-4d6d-ad39-d1745755b3a8','34ff5c2e-6625-4d6d-ad39-d1745755b3a8');
INSERT    into t_item_type(uuid,item_code,item_name,cate_no,package_unit,recipe_unit,item_standard,item_style,bar_code,busi_type_id,item_bulk,input_price,dealer_code,dealer_name,sell_price,is_vip_discount, is_sell,is_count,vip_sell_price,recipe_price,drug_form, ware_up_limit,ware_down_limit,safe_day,use_way,group_name,remark,input_code, is_scattered, location, is_can_exchange,exchange_reward_point,create_user_id,update_user_id)
VALUES (uuid(), 'CEX00116', '溶菌宁', '5a2ba3bf-37d2-4d18-ac49-09ab7823e40d', 'DM00014', 'DM00014', '25ml/瓶', '宠物药品', 'CEX00116', '0b02ebb8-e341-420b-9267-453610635ecd', 1, 0.00, 'CBU000000001', '宠儿香', 49.00, '是', '是', '是', 0.00, 49.00, 'DM00008', 999, 0, 0,
'使用方法（用法）:1、皮肤伤口（外伤、术创等）、溃疡面等，直接使用本品，抗感染，促进愈合；2、细菌（含耐药菌株）、部分真菌感染引起的宠物皮肤病、外耳炎等，配合使用本品可抗感染；3、其他感染性疾病（脓皮症、口角炎等）的支持治疗，广谱高效杀菌；用法用量：1、细菌、真菌感染引起的犬、猫皮肤病：均匀喷于患处，以充分湿润患处为宜，2-3次/天，或遵医嘱。2、犬、猫外耳炎：喷在耳内，然后用手捂住耳朵，轻柔数次后松开，使液体均匀分布于耳道，2-3次/日，1-2喷/次，或遵医嘱。3、犬、猫口腔溃疡：喷于溃疡处，4-5次/天，1-2喷/次。4、犬、猫皮肤刮伤、擦伤等创面的杀菌消炎：先用0.9%的无菌生理盐水将创面洗净，然后喷于创面，2-3次/天，或遵医嘱。5、手术后伤口表面的护理：喷于伤口表面，2-3次/天，或遵医嘱。', NULL,
'产品特点：1、基因工程溶菌酶，广谱杀菌；2、天然相容性，无刺激性、无毒性；3、抗菌活性稳定，无耐药性', '院长', 0.00 , '院长', NULL , 0,'34ff5c2e-6625-4d6d-ad39-d1745755b3a8','34ff5c2e-6625-4d6d-ad39-d1745755b3a8');
---t_item_type---