-- t_pet_race --
insert into t_pet_race (uuid, name, create_user_id, update_user_id) values('1aa38af8-efd0-4fbb-8c78-d12d17cc9605','小型犬','fc5db3b3-4063-4a12-a511-880ba19e4b58','fc5db3b3-4063-4a12-a511-880ba19e4b58');
insert into t_pet_race (uuid, name, create_user_id, update_user_id) values('34ff5c2e-6625-4d6d-ad39-d1745755b3a8','中型犬','fc5db3b3-4063-4a12-a511-880ba19e4b58','fc5db3b3-4063-4a12-a511-880ba19e4b58');
insert into t_pet_race (uuid, name, create_user_id, update_user_id) values('aa00b4e5-4668-494a-9799-b2ec542a7205','大型犬','fc5db3b3-4063-4a12-a511-880ba19e4b58','fc5db3b3-4063-4a12-a511-880ba19e4b58');
insert into t_pet_race (uuid, name, create_user_id, update_user_id) values('326209c2-59aa-474a-b714-49f3cba8675f','猫','fc5db3b3-4063-4a12-a511-880ba19e4b58','fc5db3b3-4063-4a12-a511-880ba19e4b58');
insert into t_pet_race (uuid, name, create_user_id, update_user_id) values('41fa0032-2400-4ffc-8e16-ed4ec2e6d1c5','兔','fc5db3b3-4063-4a12-a511-880ba19e4b58','fc5db3b3-4063-4a12-a511-880ba19e4b58');
-- t_pet_race --

-- t_pet_small_race --
insert into t_pet_small_race (uuid, type,pet_race_id, create_user_id, update_user_id) values('1aa38af8-efd0-4fbb-8c78-d12d17cc9605','吉娃娃','1aa38af8-efd0-4fbb-8c78-d12d17cc9605','fc5db3b3-4063-4a12-a511-880ba19e4b58','fc5db3b3-4063-4a12-a511-880ba19e4b58');
insert into t_pet_small_race (uuid, type,pet_race_id, create_user_id, update_user_id) values('1aa38af8-efd0-4fbb-8c78-d12d17cc9606','博美犬','1aa38af8-efd0-4fbb-8c78-d12d17cc9605','fc5db3b3-4063-4a12-a511-880ba19e4b58','fc5db3b3-4063-4a12-a511-880ba19e4b58');
insert into t_pet_small_race (uuid, type,pet_race_id, create_user_id, update_user_id) values('1aa38af8-efd0-4fbb-8c78-d12d17cc9607','马尔济斯犬','1aa38af8-efd0-4fbb-8c78-d12d17cc9605','fc5db3b3-4063-4a12-a511-880ba19e4b58','fc5db3b3-4063-4a12-a511-880ba19e4b58');
insert into t_pet_small_race (uuid, type,pet_race_id, create_user_id, update_user_id) values('1aa38af8-efd0-4fbb-8c78-d12d17cc9608','约克夏梗','1aa38af8-efd0-4fbb-8c78-d12d17cc9605','fc5db3b3-4063-4a12-a511-880ba19e4b58','fc5db3b3-4063-4a12-a511-880ba19e4b58');
insert into t_pet_small_race (uuid, type,pet_race_id, create_user_id, update_user_id) values('1aa38af8-efd0-4fbb-8c78-d12d17cc9609','贵宾犬','1aa38af8-efd0-4fbb-8c78-d12d17cc9605','fc5db3b3-4063-4a12-a511-880ba19e4b58','fc5db3b3-4063-4a12-a511-880ba19e4b58');
insert into t_pet_small_race (uuid, type,pet_race_id, create_user_id, update_user_id) values('1aa38af8-efd0-4fbb-8c78-d12d17cc9610','京巴犬','1aa38af8-efd0-4fbb-8c78-d12d17cc9605','fc5db3b3-4063-4a12-a511-880ba19e4b58','fc5db3b3-4063-4a12-a511-880ba19e4b58');
insert into t_pet_small_race (uuid, type,pet_race_id, create_user_id, update_user_id) values('1aa38af8-efd0-4fbb-8c78-d12d17cc9611','蝴蝶犬','1aa38af8-efd0-4fbb-8c78-d12d17cc9605','fc5db3b3-4063-4a12-a511-880ba19e4b58','fc5db3b3-4063-4a12-a511-880ba19e4b58');
insert into t_pet_small_race (uuid, type,pet_race_id, create_user_id, update_user_id) values('1aa38af8-efd0-4fbb-8c78-d12d17cc9612','巴哥犬','1aa38af8-efd0-4fbb-8c78-d12d17cc9605','fc5db3b3-4063-4a12-a511-880ba19e4b58','fc5db3b3-4063-4a12-a511-880ba19e4b58');
insert into t_pet_small_race (uuid, type,pet_race_id, create_user_id, update_user_id) values('1aa38af8-efd0-4fbb-8c78-d12d17cc9613','比格犬','1aa38af8-efd0-4fbb-8c78-d12d17cc9605','fc5db3b3-4063-4a12-a511-880ba19e4b58','fc5db3b3-4063-4a12-a511-880ba19e4b58');
insert into t_pet_small_race (uuid, type,pet_race_id, create_user_id, update_user_id) values('1aa38af8-efd0-4fbb-8c78-d12d17cc9614','哈士奇','34ff5c2e-6625-4d6d-ad39-d1745755b3a8','fc5db3b3-4063-4a12-a511-880ba19e4b58','fc5db3b3-4063-4a12-a511-880ba19e4b58');
insert into t_pet_small_race (uuid, type,pet_race_id, create_user_id, update_user_id) values('1aa38af8-efd0-4fbb-8c78-d12d17cc9615','松狮','34ff5c2e-6625-4d6d-ad39-d1745755b3a8','fc5db3b3-4063-4a12-a511-880ba19e4b58','fc5db3b3-4063-4a12-a511-880ba19e4b58');
insert into t_pet_small_race (uuid, type,pet_race_id, create_user_id, update_user_id) values('1aa38af8-efd0-4fbb-8c78-d12d17cc9616','萨摩耶','34ff5c2e-6625-4d6d-ad39-d1745755b3a8','fc5db3b3-4063-4a12-a511-880ba19e4b58','fc5db3b3-4063-4a12-a511-880ba19e4b58');
insert into t_pet_small_race (uuid, type,pet_race_id, create_user_id, update_user_id) values('1aa38af8-efd0-4fbb-8c78-d12d17cc9617','喜乐蒂','34ff5c2e-6625-4d6d-ad39-d1745755b3a8','fc5db3b3-4063-4a12-a511-880ba19e4b58','fc5db3b3-4063-4a12-a511-880ba19e4b58');
insert into t_pet_small_race (uuid, type,pet_race_id, create_user_id, update_user_id) values('1aa38af8-efd0-4fbb-8c78-d12d17cc9618','柴犬','34ff5c2e-6625-4d6d-ad39-d1745755b3a8','fc5db3b3-4063-4a12-a511-880ba19e4b58','fc5db3b3-4063-4a12-a511-880ba19e4b58');
insert into t_pet_small_race (uuid, type,pet_race_id, create_user_id, update_user_id) values('1aa38af8-efd0-4fbb-8c78-d12d17cc9619','腊肠犬','34ff5c2e-6625-4d6d-ad39-d1745755b3a8','fc5db3b3-4063-4a12-a511-880ba19e4b58','fc5db3b3-4063-4a12-a511-880ba19e4b58');
insert into t_pet_small_race (uuid, type,pet_race_id, create_user_id, update_user_id) values('1aa38af8-efd0-4fbb-8c78-d12d17cc9620','拉布拉多犬','34ff5c2e-6625-4d6d-ad39-d1745755b3a8','fc5db3b3-4063-4a12-a511-880ba19e4b58','fc5db3b3-4063-4a12-a511-880ba19e4b58');
insert into t_pet_small_race (uuid, type,pet_race_id, create_user_id, update_user_id) values('1aa38af8-efd0-4fbb-8c78-d12d17cc9621','中国沙皮犬','34ff5c2e-6625-4d6d-ad39-d1745755b3a8','fc5db3b3-4063-4a12-a511-880ba19e4b58','fc5db3b3-4063-4a12-a511-880ba19e4b58');
insert into t_pet_small_race (uuid, type,pet_race_id, create_user_id, update_user_id) values('1aa38af8-efd0-4fbb-8c78-d12d17cc9622','金毛寻回犬','aa00b4e5-4668-494a-9799-b2ec542a7205','fc5db3b3-4063-4a12-a511-880ba19e4b58','fc5db3b3-4063-4a12-a511-880ba19e4b58');
insert into t_pet_small_race (uuid, type,pet_race_id, create_user_id, update_user_id) values('1aa38af8-efd0-4fbb-8c78-d12d17cc9623','苏格兰牧羊犬','aa00b4e5-4668-494a-9799-b2ec542a7205','fc5db3b3-4063-4a12-a511-880ba19e4b58','fc5db3b3-4063-4a12-a511-880ba19e4b58');
insert into t_pet_small_race (uuid, type,pet_race_id, create_user_id, update_user_id) values('1aa38af8-efd0-4fbb-8c78-d12d17cc9624','美国短毛猫','326209c2-59aa-474a-b714-49f3cba8675f','fc5db3b3-4063-4a12-a511-880ba19e4b58','fc5db3b3-4063-4a12-a511-880ba19e4b58');
insert into t_pet_small_race (uuid, type,pet_race_id, create_user_id, update_user_id) values('1aa38af8-efd0-4fbb-8c78-d12d17cc9625','布偶猫','326209c2-59aa-474a-b714-49f3cba8675f','fc5db3b3-4063-4a12-a511-880ba19e4b58','fc5db3b3-4063-4a12-a511-880ba19e4b58');
insert into t_pet_small_race (uuid, type,pet_race_id, create_user_id, update_user_id) values('1aa38af8-efd0-4fbb-8c78-d12d17cc9626','古代牧羊犬','326209c2-59aa-474a-b714-49f3cba8675f','fc5db3b3-4063-4a12-a511-880ba19e4b58','fc5db3b3-4063-4a12-a511-880ba19e4b58');
insert into t_pet_small_race (uuid, type,pet_race_id, create_user_id, update_user_id) values('1aa38af8-efd0-4fbb-8c78-d12d17cc9627','雪纳瑞','326209c2-59aa-474a-b714-49f3cba8675f','fc5db3b3-4063-4a12-a511-880ba19e4b58','fc5db3b3-4063-4a12-a511-880ba19e4b58');
insert into t_pet_small_race (uuid, type,pet_race_id, create_user_id, update_user_id) values('1aa38af8-efd0-4fbb-8c78-d12d17cc9628','法牛','326209c2-59aa-474a-b714-49f3cba8675f','fc5db3b3-4063-4a12-a511-880ba19e4b58','fc5db3b3-4063-4a12-a511-880ba19e4b58');
insert into t_pet_small_race (uuid, type,pet_race_id, create_user_id, update_user_id) values('1aa38af8-efd0-4fbb-8c78-d12d17cc9629','波斯猫','326209c2-59aa-474a-b714-49f3cba8675f','fc5db3b3-4063-4a12-a511-880ba19e4b58','fc5db3b3-4063-4a12-a511-880ba19e4b58');
insert into t_pet_small_race (uuid, type,pet_race_id, create_user_id, update_user_id) values('1aa38af8-efd0-4fbb-8c78-d12d17cc9630','流氓兔','41fa0032-2400-4ffc-8e16-ed4ec2e6d1c5','fc5db3b3-4063-4a12-a511-880ba19e4b58','fc5db3b3-4063-4a12-a511-880ba19e4b58');
-- t_pet_small_race --

-- t_warehouse --
insert into t_warehouse (uuid, code, name,drug_store,sell_store,create_user_id, update_user_id) values(uuid(),'CK00003','后备仓库',false,false,'fc5db3b3-4063-4a12-a511-880ba19e4b58','fc5db3b3-4063-4a12-a511-880ba19e4b58');
insert into t_warehouse (uuid, code, name,drug_store,sell_store, create_user_id, update_user_id) values(uuid(),'CKBH0000001','医院药房',true,true,'fc5db3b3-4063-4a12-a511-880ba19e4b58','fc5db3b3-4063-4a12-a511-880ba19e4b58');
-- t_warehouse --

--t_item_cate---
INSERT into t_item_cate (uuid, cate_no, parent_id,cate_name,busi_type_id, single_profit, create_user_id,update_user_id)
            VALUES ('5a2ba3bf-37d2-4d18-ac49-09ab7823e40d','ICate01', NULL, '宠物药品', '0b02ebb8-e341-420b-9267-453610635ecd', NULL, '34ff5c2e-6625-4d6d-ad39-d1745755b3a8', '34ff5c2e-6625-4d6d-ad39-d1745755b3a8');
INSERT into t_item_cate (uuid, cate_no, parent_id,cate_name,busi_type_id, single_profit, create_user_id,update_user_id) VALUES ('1467f659-dbf8-4ede-89fd-396b08bbdc8c', 'ICate02', NULL, '宠物食品', '18644a6e-a004-4ce0-a11f-d100dfbc1caa', NULL, '34ff5c2e-6625-4d6d-ad39-d1745755b3a8', '34ff5c2e-6625-4d6d-ad39-d1745755b3a8');
INSERT into t_item_cate (uuid, cate_no, parent_id,cate_name,busi_type_id, single_profit, create_user_id,update_user_id) VALUES ('f99a04f7-61e3-4df6-9a3d-5e2a76ea90a5', 'ICate03', NULL, '宠物用品', '18644a6e-a004-4ce0-a11f-d100dfbc1caa', NULL, '34ff5c2e-6625-4d6d-ad39-d1745755b3a8', '34ff5c2e-6625-4d6d-ad39-d1745755b3a8');
INSERT into t_item_cate (uuid, cate_no, parent_id,cate_name,busi_type_id, single_profit, create_user_id,update_user_id) VALUES ('405e50ad-57ce-4db1-92cb-db9aa6dfb3fc', 'ICate04', NULL, '化验项目', 'b2af0b06-2d84-4d24-b62c-9e72db66ad70', NULL, '34ff5c2e-6625-4d6d-ad39-d1745755b3a8',  '34ff5c2e-6625-4d6d-ad39-d1745755b3a8');
INSERT into t_item_cate (uuid, cate_no, parent_id,cate_name,busi_type_id, single_profit, create_user_id,update_user_id) VALUES ('f5ca1dcb-41e4-4553-b41e-f3eeda6d56f1', 'ICate05', NULL, '影像项目', '34ff5c2e-6625-4d6d-ad39-d1745755b3a8', NULL, '34ff5c2e-6625-4d6d-ad39-d1745755b3a8',  '34ff5c2e-6625-4d6d-ad39-d1745755b3a8');
INSERT into t_item_cate (uuid, cate_no, parent_id,cate_name,busi_type_id, single_profit, create_user_id,update_user_id) VALUES ('7b3fe252-bddd-4ffe-9527-468aaa6629b7', 'ICate06', NULL, '住院项目', '97382cb9-3811-413d-91ea-d3696c5c9f18', NULL, '34ff5c2e-6625-4d6d-ad39-d1745755b3a8',  '34ff5c2e-6625-4d6d-ad39-d1745755b3a8');
INSERT into t_item_cate (uuid, cate_no, parent_id,cate_name,busi_type_id, single_profit, create_user_id,update_user_id) VALUES ('907a8571-f227-4669-bb98-a14a10f04ff4', 'ICate07', NULL, '宠物手术', 'd4cbb873-6e1b-49cd-8e09-82c39e932dfb', NULL, '34ff5c2e-6625-4d6d-ad39-d1745755b3a8',  '34ff5c2e-6625-4d6d-ad39-d1745755b3a8');
INSERT into t_item_cate (uuid, cate_no, parent_id,cate_name,busi_type_id, single_profit, create_user_id,update_user_id) VALUES ('ca3c0c8c-3132-49a2-b0f1-76d4e4dd1c6b', 'ICate08', NULL, '医疗处置', '3d2d574e-f3f0-4415-9472-fc01fd24ea27', NULL, '34ff5c2e-6625-4d6d-ad39-d1745755b3a8',  '34ff5c2e-6625-4d6d-ad39-d1745755b3a8');
INSERT into t_item_cate (uuid, cate_no, parent_id,cate_name,busi_type_id, single_profit, create_user_id,update_user_id) VALUES ('eb6ebe05-f623-47c1-8e2f-ef911756bb3c', 'ICate09', NULL, '驱虫疫苗', 'e1670d8a-f098-4963-9157-a8c234d9d8fb', NULL, '34ff5c2e-6625-4d6d-ad39-d1745755b3a8',  '34ff5c2e-6625-4d6d-ad39-d1745755b3a8');
INSERT into t_item_cate (uuid, cate_no, parent_id,cate_name,busi_type_id, single_profit, create_user_id,update_user_id) VALUES ('2d8d75d7-c7af-4ceb-901b-22a7141c87bc', 'ICate10', NULL, '挂号项目', '51469657-32f6-46be-913a-316acb90eedf', NULL, '34ff5c2e-6625-4d6d-ad39-d1745755b3a8',  '34ff5c2e-6625-4d6d-ad39-d1745755b3a8');
INSERT into t_item_cate (uuid, cate_no, parent_id,cate_name,busi_type_id, single_profit, create_user_id,update_user_id) VALUES ('d7079dde-f3b0-4db6-b693-a78ddb33d02d', 'ICate11', NULL, '寄养项目', '5a2ba3bf-37d2-4d18-ac49-09ab7823e40R', NULL, '34ff5c2e-6625-4d6d-ad39-d1745755b3a8',  '34ff5c2e-6625-4d6d-ad39-d1745755b3a8');
INSERT into t_item_cate (uuid, cate_no, parent_id,cate_name,busi_type_id, single_profit, create_user_id,update_user_id) VALUES ('625da585-89d6-4435-a5e7-a9e948585d1d', 'ICate12', NULL, '美容服务', '9fa7b1df-3f0d-48eb-82d3-f143e5cbb7b3', NULL, '34ff5c2e-6625-4d6d-ad39-d1745755b3a8',  '34ff5c2e-6625-4d6d-ad39-d1745755b3a8');
INSERT into t_item_cate (uuid, cate_no, parent_id,cate_name,busi_type_id, single_profit, create_user_id,update_user_id) VALUES ('f2d13040-8d4d-4244-9f4a-e788b50eee6e', 'FWLX00013', NULL, '测试', '18644a6e-a004-4ce0-a11f-d100dfbc1caa', NULL, '34ff5c2e-6625-4d6d-ad39-d1745755b3a8',  '34ff5c2e-6625-4d6d-ad39-d1745755b3a8');
INSERT into t_item_cate (uuid, cate_no, parent_id,cate_name,busi_type_id, single_profit, create_user_id,update_user_id) VALUES ('c16991a8-79b0-4d6f-bfa2-1cf10b0f984d', 'ICate0201', '1467f659-dbf8-4ede-89fd-396b08bbdc8c', '宠儿香家庭专用系列 美健膳食罐头', '18644a6e-a004-4ce0-a11f-d100dfbc1caa', 12.00,'34ff5c2e-6625-4d6d-ad39-d1745755b3a8','34ff5c2e-6625-4d6d-ad39-d1745755b3a8');
INSERT into t_item_cate (uuid, cate_no, parent_id,cate_name,busi_type_id, single_profit, create_user_id,update_user_id) VALUES ('578d88da-a3bb-43a3-886e-6844e9ea9e49', 'ICate0202', '1467f659-dbf8-4ede-89fd-396b08bbdc8c', '海鲜类', '18644a6e-a004-4ce0-a11f-d100dfbc1caa', 20.00, '34ff5c2e-6625-4d6d-ad39-d1745755b3a8','34ff5c2e-6625-4d6d-ad39-d1745755b3a8');
--t_item_cate---
--t_busines_cate--
INSERT into t_busines_cate(uuid,cate_name,create_user_id,update_user_id) VALUES ('ff969be2-a25b-451e-8fe1-e434b21a94f2', '宠物食品','34ff5c2e-6625-4d6d-ad39-d1745755b3a8','34ff5c2e-6625-4d6d-ad39-d1745755b3a8');
INSERT into t_busines_cate(uuid,cate_name,create_user_id,update_user_id)  VALUES ('18644a6e-a004-4ce0-a11f-d100dfbc1caa', '宠物用品','34ff5c2e-6625-4d6d-ad39-d1745755b3a8','34ff5c2e-6625-4d6d-ad39-d1745755b3a8');
INSERT into t_busines_cate(uuid,cate_name,create_user_id,update_user_id)  VALUES ('0b02ebb8-e341-420b-9267-453610635ecd', '宠物药品','34ff5c2e-6625-4d6d-ad39-d1745755b3a8','34ff5c2e-6625-4d6d-ad39-d1745755b3a8');
INSERT into t_busines_cate(uuid,cate_name,create_user_id,update_user_id)  VALUES ('b2af0b06-2d84-4d24-b62c-9e72db66ad70', '化验项目','34ff5c2e-6625-4d6d-ad39-d1745755b3a8','34ff5c2e-6625-4d6d-ad39-d1745755b3a8');
INSERT into t_busines_cate(uuid,cate_name,create_user_id,update_user_id)  VALUES ('abcfd990-246e-4921-a843-cca968a95e0e', '影像项目','34ff5c2e-6625-4d6d-ad39-d1745755b3a8','34ff5c2e-6625-4d6d-ad39-d1745755b3a8');
INSERT into t_busines_cate(uuid,cate_name,create_user_id,update_user_id)  VALUES ('97382cb9-3811-413d-91ea-d3696c5c9f18', '住院项目','34ff5c2e-6625-4d6d-ad39-d1745755b3a8','34ff5c2e-6625-4d6d-ad39-d1745755b3a8');
INSERT into t_busines_cate(uuid,cate_name,create_user_id,update_user_id)  VALUES ('d4cbb873-6e1b-49cd-8e09-82c39e932dfb', '宠物手术','34ff5c2e-6625-4d6d-ad39-d1745755b3a8','34ff5c2e-6625-4d6d-ad39-d1745755b3a8');
INSERT into t_busines_cate(uuid,cate_name,create_user_id,update_user_id)  VALUES ('3d2d574e-f3f0-4415-9472-fc01fd24ea27', '医疗处置','34ff5c2e-6625-4d6d-ad39-d1745755b3a8','34ff5c2e-6625-4d6d-ad39-d1745755b3a8');
INSERT into t_busines_cate(uuid,cate_name,create_user_id,update_user_id)  VALUES ('e1670d8a-f098-4963-9157-a8c234d9d8fb', '驱虫疫苗','34ff5c2e-6625-4d6d-ad39-d1745755b3a8','34ff5c2e-6625-4d6d-ad39-d1745755b3a8');
INSERT into t_busines_cate(uuid,cate_name,create_user_id,update_user_id)  VALUES ('51469657-32f6-46be-913a-316acb90eedf', '挂号费用','34ff5c2e-6625-4d6d-ad39-d1745755b3a8','34ff5c2e-6625-4d6d-ad39-d1745755b3a8');
INSERT into t_busines_cate(uuid,cate_name,create_user_id,update_user_id)  VALUES ('5a2ba3bf-37d2-4d18-ac49-09ab7823e40R', '寄养项目','34ff5c2e-6625-4d6d-ad39-d1745755b3a8','34ff5c2e-6625-4d6d-ad39-d1745755b3a8');
INSERT into t_busines_cate(uuid,cate_name,create_user_id,update_user_id)  VALUES ('9fa7b1df-3f0d-48eb-82d3-f143e5cbb7b3', '美容服务','34ff5c2e-6625-4d6d-ad39-d1745755b3a8','34ff5c2e-6625-4d6d-ad39-d1745755b3a8');
---t_busines_cate--
---t_item_type---
INSERT into t_item_type(uuid,item_code,item_name,cate_no,package_unit,recipe_unit,item_standard,item_style,bar_code,busi_type_id,item_bulk,input_price,dealer_code,dealer_name,sell_price,is_vip_discount, is_sell,is_count,vip_sell_price,recipe_price,drug_form, ware_up_limit,ware_down_limit,safe_day,use_way,group_name,remark,input_code, is_scattered, location, is_can_exchange,exchange_reward_point,create_user_id,update_user_id)
VALUES ('f5ca1dcb-41e4-4553-b41e-f3eeda6d56f1', 'WF000000001', 'X光', 'f5ca1dcb-41e4-4553-b41e-f3eeda6d56f1', 'DM00011', 'DM00011', '1', '影像项目', 'WF000000001', 'abcfd990-246e-4921-a843-cca968a95e0e', 1, 0.00, '', '', 0.00, '否', '是', '否',0.00, 0.00, 'DM00008', 999, 0, 365, '', '', '', '院长', 0.00, '院长', NULL, 0,'34ff5c2e-6625-4d6d-ad39-d1745755b3a8','34ff5c2e-6625-4d6d-ad39-d1745755b3a8');
INSERT into t_item_type(uuid,item_code,item_name,cate_no,package_unit,recipe_unit,item_standard,item_style,bar_code,busi_type_id,item_bulk,input_price,dealer_code,dealer_name,sell_price,is_vip_discount, is_sell,is_count,vip_sell_price,recipe_price,drug_form, ware_up_limit,ware_down_limit,safe_day,use_way,group_name,remark,input_code, is_scattered, location, is_can_exchange,exchange_reward_point,create_user_id,update_user_id)
VALUES ('f5ca1dcb-41e4-4553-b41e-f3eeda6d56f2', 'WF000000002', 'B超', 'f5ca1dcb-41e4-4553-b41e-f3eeda6d56f1', 'DM00011', 'DM00011', '1', '影像项目', 'WF000000002', 'abcfd990-246e-4921-a843-cca968a95e0e', 1, 0.00, '', '', 0.00, '是', '是', '否', 0.00, 0.00, 'DM00008', 999, 0, 365, '', '', '', '院长', 0.00, '院长', NULL, 0, '34ff5c2e-6625-4d6d-ad39-d1745755b3a8','34ff5c2e-6625-4d6d-ad39-d1745755b3a8');
INSERT into t_item_type(uuid,item_code,item_name,cate_no,package_unit,recipe_unit,item_standard,item_style,bar_code,busi_type_id,item_bulk,input_price,dealer_code,dealer_name,sell_price,is_vip_discount, is_sell,is_count,vip_sell_price,recipe_price,drug_form, ware_up_limit,ware_down_limit,safe_day,use_way,group_name,remark,input_code, is_scattered, location, is_can_exchange,exchange_reward_point,create_user_id,update_user_id)
VALUES ('f5ca1dcb-41e4-4553-b41e-f3eeda6d56f3', 'WF000000003', '血常规', '405e50ad-57ce-4db1-92cb-db9aa6dfb3fc', 'DM00011', 'DM00011', '1', '化验项目', 'WF000000003', 'b2af0b06-2d84-4d24-b62c-9e72db66ad70', 1, 0.00, '', '', 0.00, '否', '是', '否', 0.00, 0.00, 'DM00008', 999, 0, 365, '', '', '', '院长', 0.00, '院长', NULL, 0,'34ff5c2e-6625-4d6d-ad39-d1745755b3a8','34ff5c2e-6625-4d6d-ad39-d1745755b3a8');
INSERT    into t_item_type(uuid,item_code,item_name,cate_no,package_unit,recipe_unit,item_standard,item_style,bar_code,busi_type_id,item_bulk,input_price,dealer_code,dealer_name,sell_price,is_vip_discount, is_sell,is_count,vip_sell_price,recipe_price,drug_form, ware_up_limit,ware_down_limit,safe_day,use_way,group_name,remark,input_code, is_scattered, location, is_can_exchange,exchange_reward_point,create_user_id,update_user_id)
VALUES ('f5ca1dcb-41e4-4553-b41e-f3eeda6d56f4', 'WF000000004', '血生化', '405e50ad-57ce-4db1-92cb-db9aa6dfb3fc', 'DM00011', 'DM00011', '1', '化验项目', 'WF000000004', 'b2af0b06-2d84-4d24-b62c-9e72db66ad70', 1, 0.00, '', '', 0.00, '否', '是', '否', 0.00, 0.00, 'DM00008', 999, 0, 365, '', '', '', '院长', 0.00, '院长', NULL, 0,'34ff5c2e-6625-4d6d-ad39-d1745755b3a8','34ff5c2e-6625-4d6d-ad39-d1745755b3a8');
INSERT    into t_item_type(uuid,item_code,item_name,cate_no,package_unit,recipe_unit,item_standard,item_style,bar_code,busi_type_id,item_bulk,input_price,dealer_code,dealer_name,sell_price,is_vip_discount, is_sell,is_count,vip_sell_price,recipe_price,drug_form, ware_up_limit,ware_down_limit,safe_day,use_way,group_name,remark,input_code, is_scattered, location, is_can_exchange,exchange_reward_point,create_user_id,update_user_id)
VALUES ('f5ca1dcb-41e4-4553-b41e-f3eeda6d56f5', 'WF000000005', '阿莫西林', '5a2ba3bf-37d2-4d18-ac49-09ab7823e40d', 'DM00038', 'DM00015', '14', '宠物药品', 'WF000000005', '0b02ebb8-e341-420b-9267-453610635ecd', 10, 35.00, 'JXS0000000001', '北京龙科生物制药有限公司', 100.00, '是', '是', '是', 0.00, 10.0, 'DM00008', 999, 0, 0, NULL, NULL, NULL, '院长', 0.00, '院长', NULL , 0, '34ff5c2e-6625-4d6d-ad39-d1745755b3a8','34ff5c2e-6625-4d6d-ad39-d1745755b3a8');
INSERT    into t_item_type(uuid,item_code,item_name,cate_no,package_unit,recipe_unit,item_standard,item_style,bar_code,busi_type_id,item_bulk,input_price,dealer_code,dealer_name,sell_price,is_vip_discount, is_sell,is_count,vip_sell_price,recipe_price,drug_form, ware_up_limit,ware_down_limit,safe_day,use_way,group_name,remark,input_code, is_scattered, location, is_can_exchange,exchange_reward_point,create_user_id,update_user_id)
VALUES ('f5ca1dcb-41e4-4553-b41e-f3eeda6d56f6', 'WF000000007', '住院服务', '7b3fe252-bddd-4ffe-9527-468aaa6629b7', 'DM00018', 'DM00018', '', '住院项目', 'WF000000007', '97382cb9-3811-413d-91ea-d3696c5c9f18', 1, 0.00, '', '', 200.00, '是', '是', '否', 0.00, 200.00, 'DM00008', 999, 0, 365, '', '', '', '院长', 0.00, '院长', NULL, 0,'34ff5c2e-6625-4d6d-ad39-d1745755b3a8','34ff5c2e-6625-4d6d-ad39-d1745755b3a8');
INSERT    into t_item_type(uuid,item_code,item_name,cate_no,package_unit,recipe_unit,item_standard,item_style,bar_code,busi_type_id,item_bulk,input_price,dealer_code,dealer_name,sell_price,is_vip_discount, is_sell,is_count,vip_sell_price,recipe_price,drug_form, ware_up_limit,ware_down_limit,safe_day,use_way,group_name,remark,input_code, is_scattered, location, is_can_exchange,exchange_reward_point,create_user_id,update_user_id)
VALUES ('f5ca1dcb-41e4-4553-b41e-f3eeda6d56f7', 'WF000000008', '手术', '907a8571-f227-4669-bb98-a14a10f04ff4', 'DM00013', 'DM00013', '', '宠物手术', 'WF000000008', 'd4cbb873-6e1b-49cd-8e09-82c39e932dfb', 1, 0.00, '', '', 350.00, '是', '是', '否', 0.00, 350.00, 'DM00008', 999, 0, 365, '', '', '', '院长', 0.00, '院长', NULL, 0, '34ff5c2e-6625-4d6d-ad39-d1745755b3a8','34ff5c2e-6625-4d6d-ad39-d1745755b3a8');
INSERT    into t_item_type(uuid,item_code,item_name,cate_no,package_unit,recipe_unit,item_standard,item_style,bar_code,busi_type_id,item_bulk,input_price,dealer_code,dealer_name,sell_price,is_vip_discount, is_sell,is_count,vip_sell_price,recipe_price,drug_form, ware_up_limit,ware_down_limit,safe_day,use_way,group_name,remark,input_code, is_scattered, location, is_can_exchange,exchange_reward_point,create_user_id,update_user_id)
VALUES ('f5ca1dcb-41e4-4553-b41e-f3eeda6d56f8', 'WF000000009', '犬五联弱毒疫苗', 'eb6ebe05-f623-47c1-8e2f-ef911756bb3c', 'DM00030', 'DM00030', '', '宠物疫苗', 'WF000000009', 'e1670d8a-f098-4963-9157-a8c234d9d8fb', 1, 200.00, 'JXS0000000001', '北京龙科生物制药有限公司', 1000.00, '是', '是', '是', 0.00, 1000.00, 'DM00008', 999, 2, 0, '', '', '', '院长', 0.00, '院长', NULL, 0, '34ff5c2e-6625-4d6d-ad39-d1745755b3a8','34ff5c2e-6625-4d6d-ad39-d1745755b3a8');
INSERT    into t_item_type(uuid,item_code,item_name,cate_no,package_unit,recipe_unit,item_standard,item_style,bar_code,busi_type_id,item_bulk,input_price,dealer_code,dealer_name,sell_price,is_vip_discount, is_sell,is_count,vip_sell_price,recipe_price,drug_form, ware_up_limit,ware_down_limit,safe_day,use_way,group_name,remark,input_code, is_scattered, location, is_can_exchange,exchange_reward_point,create_user_id,update_user_id)
VALUES ('f5ca1dcb-41e4-4553-b41e-f3eeda6d56f9', 'WF000000010', '挂号服务', '2d8d75d7-c7af-4ceb-901b-22a7141c87bc', 'DM00013', 'DM00013', NULL, '挂号项目', 'WF000000010', '51469657-32f6-46be-913a-316acb90eedf', 1, 20.00, NULL, NULL, 20.00, '否', '是', '否', 0.00, 20.00, 'DM00008', 999, 0, 365, NULL, NULL, NULL, '院长', 0.00, '院长', null, 0, '34ff5c2e-6625-4d6d-ad39-d1745755b3a8','34ff5c2e-6625-4d6d-ad39-d1745755b3a8');
INSERT    into t_item_type(uuid,item_code,item_name,cate_no,package_unit,recipe_unit,item_standard,item_style,bar_code,busi_type_id,item_bulk,input_price,dealer_code,dealer_name,sell_price,is_vip_discount, is_sell,is_count,vip_sell_price,recipe_price,drug_form, ware_up_limit,ware_down_limit,safe_day,use_way,group_name,remark,input_code, is_scattered, location, is_can_exchange,exchange_reward_point,create_user_id,update_user_id)
VALUES ('f5ca1dcb-41e4-4553-b41e-f3eeda6d5610', 'WF000000011', '寄养服务', 'd7079dde-f3b0-4db6-b693-a78ddb33d02d', 'DM00018', 'DM00018', '', '寄养项目', 'WF000000011', '5a2ba3bf-37d2-4d18-ac49-09ab7823e40R', 1, 300.00, '', '', 500.00, '是', '是', '否', 0.00, 500.00, 'DM00008', 999, 0, 365, '', '', '', '院长', 0.00, '院长', NULL, 0, '34ff5c2e-6625-4d6d-ad39-d1745755b3a8','34ff5c2e-6625-4d6d-ad39-d1745755b3a8');
INSERT    into t_item_type(uuid,item_code,item_name,cate_no,package_unit,recipe_unit,item_standard,item_style,bar_code,busi_type_id,item_bulk,input_price,dealer_code,dealer_name,sell_price,is_vip_discount, is_sell,is_count,vip_sell_price,recipe_price,drug_form, ware_up_limit,ware_down_limit,safe_day,use_way,group_name,remark,input_code, is_scattered, location, is_can_exchange,exchange_reward_point,create_user_id,update_user_id)
VALUES ('f5ca1dcb-41e4-4553-b41e-f3eeda6d5611', 'WF000000013', '头孢拉定', '5a2ba3bf-37d2-4d18-ac49-09ab7823e40d', 'DM00038', 'DM00038', '', '宠物药品', 'WF000000013', '0b02ebb8-e341-420b-9267-453610635ecd', 10, 0.00, 'JXS0000000001', '北京龙科生物制药有限公司', 100.00, '是', '是', '是', 0.00, 10.00, 'DM00009', 999, 0, 0, '', '', '', '院长', 0.00, '院长', NULL, 0,'34ff5c2e-6625-4d6d-ad39-d1745755b3a8','34ff5c2e-6625-4d6d-ad39-d1745755b3a8');
INSERT    into t_item_type(uuid,item_code,item_name,cate_no,package_unit,recipe_unit,item_standard,item_style,bar_code,busi_type_id,item_bulk,input_price,dealer_code,dealer_name,sell_price,is_vip_discount, is_sell,is_count,vip_sell_price,recipe_price,drug_form, ware_up_limit,ware_down_limit,safe_day,use_way,group_name,remark,input_code, is_scattered, location, is_can_exchange,exchange_reward_point,create_user_id,update_user_id)
VALUES ('f5ca1dcb-41e4-4553-b41e-f3eeda6d5612', 'WF0000000023', '雪莲美', '5a2ba3bf-37d2-4d18-ac49-09ab7823e40d', 'DM00038', 'DM00050', '10ml X 10支', '宠物药品', 'WF0000000023', '0b02ebb8-e341-420b-9267-453610635ecd', 10, 45.00, 'JXS0000000002', '湖南丹维生物科技有限公司', 120.00, '是', '是', '是', 0.00, 12.00, 'DM00008', 300, 10, 999, '肌内或皮下注射 每次每1kg体重 马、牛0.05ml 羊、猪、犬、猫0.05-0.1ml 家禽0.5ml 1次/日 连用2～3日 重症性疾患、久治不愈者或首次使用时 可2次/日', '', '', '院长', 0.00, '院长', NULL, 0, '34ff5c2e-6625-4d6d-ad39-d1745755b3a8','34ff5c2e-6625-4d6d-ad39-d1745755b3a8');
INSERT    into t_item_type(uuid,item_code,item_name,cate_no,package_unit,recipe_unit,item_standard,item_style,bar_code,busi_type_id,item_bulk,input_price,dealer_code,dealer_name,sell_price,is_vip_discount, is_sell,is_count,vip_sell_price,recipe_price,drug_form, ware_up_limit,ware_down_limit,safe_day,use_way,group_name,remark,input_code, is_scattered, location, is_can_exchange,exchange_reward_point,create_user_id,update_user_id)
VALUES ('f5ca1dcb-41e4-4553-b41e-f3eeda6d5613', 'WF0000000024', '双黄连口服液', '5a2ba3bf-37d2-4d18-ac49-09ab7823e40d', 'DM00014', 'DM00014', '200ml：黄芩苷不少于1.60g', '宠物药品', 'WF0000000024', '0b02ebb8-e341-420b-9267-453610635ecd', 1, 20.00, 'JXS0000000002', '湖南丹维生物科技有限公司', 35.00, '是', '是', '是', 0.00, 35.00, 'DM00008', 300, 30, 999, '内服 一次量，犬、猫1～5ml；鸡0.5～1ml。一日1次，连用3～5日。混饮 禽，本品500ml兑水250kg，一日1次，连用3～5日。', '', '', '院长', 0.00, '院长', NULL, 0, '34ff5c2e-6625-4d6d-ad39-d1745755b3a8','34ff5c2e-6625-4d6d-ad39-d1745755b3a8');
INSERT    into t_item_type(uuid,item_code,item_name,cate_no,package_unit,recipe_unit,item_standard,item_style,bar_code,busi_type_id,item_bulk,input_price,dealer_code,dealer_name,sell_price,is_vip_discount, is_sell,is_count,vip_sell_price,recipe_price,drug_form, ware_up_limit,ware_down_limit,safe_day,use_way,group_name,remark,input_code, is_scattered, location, is_can_exchange,exchange_reward_point,create_user_id,update_user_id)
VALUES ('f5ca1dcb-41e4-4553-b41e-f3eeda6d5614', 'WF0000000025', '口炎速食核黄素注射液', '5a2ba3bf-37d2-4d18-ac49-09ab7823e40d', 'DM00038', 'DM00050', '10ml X 10支', '宠物药品', 'WF0000000025', '0b02ebb8-e341-420b-9267-453610635ecd', 10, 50.00, 'JXS0000000002', '湖南丹维生物科技有限公司', 100.00, '是', '是', '是', 0.00, 10.00, 'DM00022', 300, 30, 999, '皮下、肌内注射或口服：一次量，马、牛20ml～30ml；羊、猪5ml；犬、兔、狐、猫等2ml～4ml。一天一次，连用2-3天。', '', '', '院长', 0.00, '院长', NULL, 0, '34ff5c2e-6625-4d6d-ad39-d1745755b3a8','34ff5c2e-6625-4d6d-ad39-d1745755b3a8');
INSERT    into t_item_type(uuid,item_code,item_name,cate_no,package_unit,recipe_unit,item_standard,item_style,bar_code,busi_type_id,item_bulk,input_price,dealer_code,dealer_name,sell_price,is_vip_discount, is_sell,is_count,vip_sell_price,recipe_price,drug_form, ware_up_limit,ware_down_limit,safe_day,use_way,group_name,remark,input_code, is_scattered, location, is_can_exchange,exchange_reward_point,create_user_id,update_user_id)
VALUES ('f5ca1dcb-41e4-4553-b41e-f3eeda6d5615', 'WF0000000026', '肽诺康(犬白介素冻干粉）', '5a2ba3bf-37d2-4d18-ac49-09ab7823e40d', 'DM00038', 'DM00014', '200mg/瓶×10瓶/盒', '宠物药品', 'WF0000000026', '0b02ebb8-e341-420b-9267-453610635ecd', 10, 100.00, 'JXS0000000002', '湖南丹维生物科技有限公司', 200.00, '是', '是', '是', 0.00, 20.00, 'DM00008', 400, 20, 999, '肌肉注射每瓶可供20公斤体重使用，每天一次，连用2-3日。', '', '', '院长', 0.00, '院长', NULL, 0, '34ff5c2e-6625-4d6d-ad39-d1745755b3a8','34ff5c2e-6625-4d6d-ad39-d1745755b3a8');
INSERT    into t_item_type(uuid,item_code,item_name,cate_no,package_unit,recipe_unit,item_standard,item_style,bar_code,busi_type_id,item_bulk,input_price,dealer_code,dealer_name,sell_price,is_vip_discount, is_sell,is_count,vip_sell_price,recipe_price,drug_form, ware_up_limit,ware_down_limit,safe_day,use_way,group_name,remark,input_code, is_scattered, location, is_can_exchange,exchange_reward_point,create_user_id,update_user_id)
VALUES ('f5ca1dcb-41e4-4553-b41e-f3eeda6d5616', 'WF0000000027', '混感炎毒清', '5a2ba3bf-37d2-4d18-ac49-09ab7823e40d', 'DM00038', 'DM00014', '10ml X 10支', '宠物药品', 'WF0000000027', '0b02ebb8-e341-420b-9267-453610635ecd', 10, 20.00, 'JXS0000000002', '湖南丹维生物科技有限公司', 50.00, '是', '是', '是', 0.00, 5.00, 'DM00008', 300, 30, 999, '[INVALID_DATA]', '', '', '院长', 0.00, '院长', NULL, 0, '34ff5c2e-6625-4d6d-ad39-d1745755b3a8','34ff5c2e-6625-4d6d-ad39-d1745755b3a8');
INSERT    into t_item_type(uuid,item_code,item_name,cate_no,package_unit,recipe_unit,item_standard,item_style,bar_code,busi_type_id,item_bulk,input_price,dealer_code,dealer_name,sell_price,is_vip_discount, is_sell,is_count,vip_sell_price,recipe_price,drug_form, ware_up_limit,ware_down_limit,safe_day,use_way,group_name,remark,input_code, is_scattered, location, is_can_exchange,exchange_reward_point,create_user_id,update_user_id)
VALUES ('f5ca1dcb-41e4-4553-b41e-f3eeda6d5617', 'WF0000000028', '益生菌', '5a2ba3bf-37d2-4d18-ac49-09ab7823e40d', 'DM00038', 'DM00047', '5克/包，10包/盒', '宠物药品', 'WF0000000028', '0b02ebb8-e341-420b-9267-453610635ecd', 10, 50.00, 'JXS0000000002', '湖南丹维生物科技有限公司', 80.00, '是', '是', '是', 0.00, 8.00, 'DM00008', 100, 10, 999, '[INVALID_DATA]', '', '', '院长', 0.00, '院长', NULL, 0, '34ff5c2e-6625-4d6d-ad39-d1745755b3a8','34ff5c2e-6625-4d6d-ad39-d1745755b3a8');
INSERT    into t_item_type(uuid,item_code,item_name,cate_no,package_unit,recipe_unit,item_standard,item_style,bar_code,busi_type_id,item_bulk,input_price,dealer_code,dealer_name,sell_price,is_vip_discount, is_sell,is_count,vip_sell_price,recipe_price,drug_form, ware_up_limit,ware_down_limit,safe_day,use_way,group_name,remark,input_code, is_scattered, location, is_can_exchange,exchange_reward_point,create_user_id,update_user_id)
VALUES ('f5ca1dcb-41e4-4553-b41e-f3eeda6d5618', 'WF0000000029', '肤立康', '5a2ba3bf-37d2-4d18-ac49-09ab7823e40d', 'DM00038', 'DM00038', '60ml/盒', '宠物药品', 'WF0000000029', '0b02ebb8-e341-420b-9267-453610635ecd', 1, 20.00, 'JXS0000000002', '湖南丹维生物科技有限公司', 50.00, '是', '是', '是', 0.00, 50.00, 'DM00008', 100, 10, 999, '直接喷于宠物表皮患部，一次2～3喷，每日3～5次。', '', '', '院长', 0.00, '院长', NULL, 0, '34ff5c2e-6625-4d6d-ad39-d1745755b3a8','34ff5c2e-6625-4d6d-ad39-d1745755b3a8');
INSERT    into t_item_type(uuid,item_code,item_name,cate_no,package_unit,recipe_unit,item_standard,item_style,bar_code,busi_type_id,item_bulk,input_price,dealer_code,dealer_name,sell_price,is_vip_discount, is_sell,is_count,vip_sell_price,recipe_price,drug_form, ware_up_limit,ware_down_limit,safe_day,use_way,group_name,remark,input_code, is_scattered, location, is_can_exchange,exchange_reward_point,create_user_id,update_user_id)
VALUES ('f5ca1dcb-41e4-4553-b41e-f3eeda6d5619', 'WF0000000030', '复合维生素', '5a2ba3bf-37d2-4d18-ac49-09ab7823e40d', 'DM00038', 'DM00015', '30片/盒', '宠物药品', 'WF0000000030', '0b02ebb8-e341-420b-9267-453610635ecd', 30, 10.00, 'JXS0000000002', '湖南丹维生物科技有限公司', 30.00, '是', '是', '是', 0.00, 1.00, 'DM00008', 100, 10, 999, '可混合在食物中。', '', '', '院长', 0.00, '院长', NULL, 0, '34ff5c2e-6625-4d6d-ad39-d1745755b3a8','34ff5c2e-6625-4d6d-ad39-d1745755b3a8');
INSERT    into t_item_type(uuid,item_code,item_name,cate_no,package_unit,recipe_unit,item_standard,item_style,bar_code,busi_type_id,item_bulk,input_price,dealer_code,dealer_name,sell_price,is_vip_discount, is_sell,is_count,vip_sell_price,recipe_price,drug_form, ware_up_limit,ware_down_limit,safe_day,use_way,group_name,remark,input_code, is_scattered, location, is_can_exchange,exchange_reward_point,create_user_id,update_user_id)
VALUES ('f5ca1dcb-41e4-4553-b41e-f3eeda6d5620', 'WF0000000031', '犬细小病毒克隆抗体冻干粉', '5a2ba3bf-37d2-4d18-ac49-09ab7823e40d', 'DM00038', 'DM00050', '10ml X 10支', '宠物药品', 'WF0000000031', '0b02ebb8-e341-420b-9267-453610635ecd', 10, 20.00, 'JXS0000000002', '湖南丹维生物科技有限公司', 40.00, '是', '是', '是', 0.00, 4.00, 'DM00008', 100, 10, 999, '每10公斤体重肌肉注射一瓶，连续3日为一疗程。重症倍量。配合疫苗紧急接种效果良好', '', '', '院长', 0.00, '院长', NULL, 0, '34ff5c2e-6625-4d6d-ad39-d1745755b3a8','34ff5c2e-6625-4d6d-ad39-d1745755b3a8');
INSERT    into t_item_type(uuid,item_code,item_name,cate_no,package_unit,recipe_unit,item_standard,item_style,bar_code,busi_type_id,item_bulk,input_price,dealer_code,dealer_name,sell_price,is_vip_discount, is_sell,is_count,vip_sell_price,recipe_price,drug_form, ware_up_limit,ware_down_limit,safe_day,use_way,group_name,remark,input_code, is_scattered, location, is_can_exchange,exchange_reward_point,create_user_id,update_user_id)
VALUES ('f5ca1dcb-41e4-4553-b41e-f3eeda6d5621', 'WF0000000032', '泄痢停', '5a2ba3bf-37d2-4d18-ac49-09ab7823e40d', 'DM00038', 'DM00050', '10ml/支×10支/盒×40盒/箱', '宠物药品', 'WF0000000032', '0b02ebb8-e341-420b-9267-453610635ecd', 10, 40.00, 'JXS0000000002', '湖南丹维生物科技有限公司', 60.00, '是', '是', '是', 0.00, 6.00, 'DM00008', 800, 120, 999, '肌肉或静脉滴注：一次量，每1Kg体重，马、牛0.1ml；猪、羊0.15ml；犬、猫等其他动物0.2ml；每日一次，连用3-5日。', '', '', '院长', 0.00, '院长', NULL, 0,'34ff5c2e-6625-4d6d-ad39-d1745755b3a8','34ff5c2e-6625-4d6d-ad39-d1745755b3a8');
INSERT    into t_item_type(uuid,item_code,item_name,cate_no,package_unit,recipe_unit,item_standard,item_style,bar_code,busi_type_id,item_bulk,input_price,dealer_code,dealer_name,sell_price,is_vip_discount, is_sell,is_count,vip_sell_price,recipe_price,drug_form, ware_up_limit,ware_down_limit,safe_day,use_way,group_name,remark,input_code, is_scattered, location, is_can_exchange,exchange_reward_point,create_user_id,update_user_id)
VALUES ('f5ca1dcb-41e4-4553-b41e-f3eeda6d5622', 'WF0000000033', '万能头孢', '5a2ba3bf-37d2-4d18-ac49-09ab7823e40d', 'DM00038', 'DM00015', '5g/片×20片/盒', '宠物药品', 'WF0000000033', '0b02ebb8-e341-420b-9267-453610635ecd', 20, 50.00, 'JXS0000000002', '湖南丹维生物科技有限公司', 100.00, '是', '是', '是', 0.00, 5.00, 'DM00008', 100, 10, 999, '5g含头孢噻呋钠1.5g、头孢拉啶1g等', '', '', '院长', 0.00, '院长', NULL, 0, '34ff5c2e-6625-4d6d-ad39-d1745755b3a8','34ff5c2e-6625-4d6d-ad39-d1745755b3a8');
INSERT    into t_item_type(uuid,item_code,item_name,cate_no,package_unit,recipe_unit,item_standard,item_style,bar_code,busi_type_id,item_bulk,input_price,dealer_code,dealer_name,sell_price,is_vip_discount, is_sell,is_count,vip_sell_price,recipe_price,drug_form, ware_up_limit,ware_down_limit,safe_day,use_way,group_name,remark,input_code, is_scattered, location, is_can_exchange,exchange_reward_point,create_user_id,update_user_id)
VALUES ('f5ca1dcb-41e4-4553-b41e-f3eeda6d5623', 'WF0000000034', '白细胞干扰素（犬猫用）', '5a2ba3bf-37d2-4d18-ac49-09ab7823e40d', 'DM00038', 'DM00014', '10瓶/盒', '宠物药品', 'WF0000000034', '0b02ebb8-e341-420b-9267-453610635ecd', 10, 50.00, 'JXS0000000002', '湖南丹维生物科技有限公司', 150.00, '是', '是', '是', 0.00, 15.00, 'DM00008', 100, 10, 999, '白细胞干扰素—冻干型（犬、猫用）用5ml注射用水稀释，溶解摇匀后肌肉注射。各种类型的宠物犬、猫5ml/只.次，一日一次，1-3天为一疗程。病重者用量略加大。在治疗同群犬、猫时，应迅速隔离未发病犬、猫，并按治疗量对未发病犬、猫进行紧急预防。', '', '', '院长', 0.00, '院长', NULL, 0,'34ff5c2e-6625-4d6d-ad39-d1745755b3a8','34ff5c2e-6625-4d6d-ad39-d1745755b3a8');
INSERT    into t_item_type(uuid,item_code,item_name,cate_no,package_unit,recipe_unit,item_standard,item_style,bar_code,busi_type_id,item_bulk,input_price,dealer_code,dealer_name,sell_price,is_vip_discount, is_sell,is_count,vip_sell_price,recipe_price,drug_form, ware_up_limit,ware_down_limit,safe_day,use_way,group_name,remark,input_code, is_scattered, location, is_can_exchange,exchange_reward_point,create_user_id,update_user_id)
VALUES ('f5ca1dcb-41e4-4553-b41e-f3eeda6d5624', 'WF0000000035', '驱虫净', '5a2ba3bf-37d2-4d18-ac49-09ab7823e40d', 'DM0000000055', 'DM00041', '100g/袋×10袋/桶', '宠物药品', 'WF0000000035', '0b02ebb8-e341-420b-9267-453610635ecd', 10, 50.00, 'JXS0000000003', '美国瑞普斯生物药品集团有限公司', 100.00, '是', '是', '是', 0.00, 10.00, 'DM00008', 100, 10, 999, '混饲，预防按本品每100g拌料200kg；治疗量按每100g拌料100kg，全群饲喂，连用5-7天。', '', '', '院长', 0.00, '院长', NULL, 0,'34ff5c2e-6625-4d6d-ad39-d1745755b3a8','34ff5c2e-6625-4d6d-ad39-d1745755b3a8');
INSERT    into t_item_type(uuid,item_code,item_name,cate_no,package_unit,recipe_unit,item_standard,item_style,bar_code,busi_type_id,item_bulk,input_price,dealer_code,dealer_name,sell_price,is_vip_discount, is_sell,is_count,vip_sell_price,recipe_price,drug_form, ware_up_limit,ware_down_limit,safe_day,use_way,group_name,remark,input_code, is_scattered, location, is_can_exchange,exchange_reward_point,create_user_id,update_user_id)
VALUES ('f5ca1dcb-41e4-4553-b41e-f3eeda6d5625', 'WF0000000036', '健胃增食针', '5a2ba3bf-37d2-4d18-ac49-09ab7823e40d', 'DM00038', 'DM00050', '10ml/支×10支/盒', '宠物药品', 'WF0000000036', '0b02ebb8-e341-420b-9267-453610635ecd', 10, 50.00, 'JXS0000000003', '美国瑞普斯生物药品集团有限公司', 150.00, '是', '是', '是', 0.00, 15.00, 'DM00008', 800, 40, 999, '肌注：每公斤体重猪、羊0.1-0.2ml、牛0.05-0.1ml；不易加量，每日一次，连用3天。', '', '', '院长', 0.00, '院长', NULL, 0,'34ff5c2e-6625-4d6d-ad39-d1745755b3a8','34ff5c2e-6625-4d6d-ad39-d1745755b3a8');
INSERT    into t_item_type(uuid,item_code,item_name,cate_no,package_unit,recipe_unit,item_standard,item_style,bar_code,busi_type_id,item_bulk,input_price,dealer_code,dealer_name,sell_price,is_vip_discount, is_sell,is_count,vip_sell_price,recipe_price,drug_form, ware_up_limit,ware_down_limit,safe_day,use_way,group_name,remark,input_code, is_scattered, location, is_can_exchange,exchange_reward_point,create_user_id,update_user_id)
VALUES ('f5ca1dcb-41e4-4553-b41e-f3eeda6d5626', 'WF0000000037', '普通犬粮', '1467f659-dbf8-4ede-89fd-396b08bbdc8c', 'DM00041', 'DM00041', '200g/袋', '宠物食品', 'WF0000000037', 'ff969be2-a25b-451e-8fe1-e434b21a94f2', 1, 10.00, 'JXS0000000002', '湖南丹维生物科技有限公司', 50.00, '是', '是', '是', 0.00, 50.00, 'DM00008', 100, 10, 999, '可混合在食物中。', '', '', '院长', 0.00, '院长', NULL, 0,'34ff5c2e-6625-4d6d-ad39-d1745755b3a8','34ff5c2e-6625-4d6d-ad39-d1745755b3a8');
INSERT    into t_item_type(uuid,item_code,item_name,cate_no,package_unit,recipe_unit,item_standard,item_style,bar_code,busi_type_id,item_bulk,input_price,dealer_code,dealer_name,sell_price,is_vip_discount, is_sell,is_count,vip_sell_price,recipe_price,drug_form, ware_up_limit,ware_down_limit,safe_day,use_way,group_name,remark,input_code, is_scattered, location, is_can_exchange,exchange_reward_point,create_user_id,update_user_id)
VALUES ('f5ca1dcb-41e4-4553-b41e-f3eeda6d5627', 'WF0000000038', '金犬五联', 'eb6ebe05-f623-47c1-8e2f-ef911756bb3c', 'DM00038', 'DM00014', '10瓶/盒', '宠物疫苗', 'WF0000000038', 'e1670d8a-f098-4963-9157-a8c234d9d8fb', 10, 50.00, 'JXS0000000003', '美国瑞普斯生物药品集团有限公司', 150.00, '是', '是', '是', 0.00, 15.00, 'DM00008', 100, 10, 999, '肌肉注射：0.1ml/kg体重，1次/天，连用2天。预防剂量减半或遵医嘱。', '', '', '院长', 0.00, '院长', NULL, 0, '34ff5c2e-6625-4d6d-ad39-d1745755b3a8','34ff5c2e-6625-4d6d-ad39-d1745755b3a8');
INSERT    into t_item_type(uuid,item_code,item_name,cate_no,package_unit,recipe_unit,item_standard,item_style,bar_code,busi_type_id,item_bulk,input_price,dealer_code,dealer_name,sell_price,is_vip_discount, is_sell,is_count,vip_sell_price,recipe_price,drug_form, ware_up_limit,ware_down_limit,safe_day,use_way,group_name,remark,input_code, is_scattered, location, is_can_exchange,exchange_reward_point,create_user_id,update_user_id)
VALUES ('f5ca1dcb-41e4-4553-b41e-f3eeda6d5628', 'WF0000000039', '英特威狂犬', 'eb6ebe05-f623-47c1-8e2f-ef911756bb3c', 'DM00038', 'DM00050', '', '宠物疫苗', 'WF0000000039', 'e1670d8a-f098-4963-9157-a8c234d9d8fb', 10, 50.00, 'JXS0000000004', '五湖', 150.00, '是', '是', '是', 0.00, 15.00, 'DM00008', 900, 100, 999, '肌注：每公斤体重猪、羊0.1-0.2ml、牛0.05-0.1ml；不易加量，每日一次，连用3天。', '', '', '院长', 0.00, '院长', NULL, 0, '34ff5c2e-6625-4d6d-ad39-d1745755b3a8','34ff5c2e-6625-4d6d-ad39-d1745755b3a8');
INSERT    into t_item_type(uuid,item_code,item_name,cate_no,package_unit,recipe_unit,item_standard,item_style,bar_code,busi_type_id,item_bulk,input_price,dealer_code,dealer_name,sell_price,is_vip_discount, is_sell,is_count,vip_sell_price,recipe_price,drug_form, ware_up_limit,ware_down_limit,safe_day,use_way,group_name,remark,input_code, is_scattered, location, is_can_exchange,exchange_reward_point,create_user_id,update_user_id)
VALUES ('f5ca1dcb-41e4-4553-b41e-f3eeda6d5629', 'WF0000000040', '抗病毒1号注射液', 'eb6ebe05-f623-47c1-8e2f-ef911756bb3c', 'DM00014', 'DM00014', '100ml/瓶', '宠物疫苗', 'WF0000000040', 'e1670d8a-f098-4963-9157-a8c234d9d8fb', 1, 100.00, 'JXS0000000002', '湖南丹维生物科技有限公司', 200.00, '是', '是', '是', 0.00, 200.00, 'DM00008', 100, 10, 999, '[INVALID_DATA]', '', '', '院长', 0.00, '院长', NULL, 0,'34ff5c2e-6625-4d6d-ad39-d1745755b3a8','34ff5c2e-6625-4d6d-ad39-d1745755b3a8');
INSERT    into t_item_type(uuid,item_code,item_name,cate_no,package_unit,recipe_unit,item_standard,item_style,bar_code,busi_type_id,item_bulk,input_price,dealer_code,dealer_name,sell_price,is_vip_discount, is_sell,is_count,vip_sell_price,recipe_price,drug_form, ware_up_limit,ware_down_limit,safe_day,use_way,group_name,remark,input_code, is_scattered, location, is_can_exchange,exchange_reward_point,create_user_id,update_user_id)
VALUES ('f5ca1dcb-41e4-4553-b41e-f3eeda6d5630', 'WF0000000042', '急诊挂号', '2d8d75d7-c7af-4ceb-901b-22a7141c87bc', 'DM00013', 'DM00013', '', '挂号项目', 'WF0000000042', '51469657-32f6-46be-913a-316acb90eedf', 1, 0.00, '', '', 10.00, '否', '是', '否', 0.00, 10.00, 'DM00008', 999, 0, 999, '', '', '', '院长', 0.00, '院长', NULL, 0, '34ff5c2e-6625-4d6d-ad39-d1745755b3a8','34ff5c2e-6625-4d6d-ad39-d1745755b3a8');
INSERT    into t_item_type(uuid,item_code,item_name,cate_no,package_unit,recipe_unit,item_standard,item_style,bar_code,busi_type_id,item_bulk,input_price,dealer_code,dealer_name,sell_price,is_vip_discount, is_sell,is_count,vip_sell_price,recipe_price,drug_form, ware_up_limit,ware_down_limit,safe_day,use_way,group_name,remark,input_code, is_scattered, location, is_can_exchange,exchange_reward_point,create_user_id,update_user_id)
VALUES ('f5ca1dcb-41e4-4553-b41e-f3eeda6d5631', 'WF0000000043', '普通挂号', '2d8d75d7-c7af-4ceb-901b-22a7141c87bc', 'DM00013', 'DM00013', '', '挂号项目', 'WF0000000043', '51469657-32f6-46be-913a-316acb90eedf', 1, 0.00, '', '', 5.00, '否', '是', '否', 0.00, 5.00, 'DM00008', 999, 0, 999, '', '', '', '院长', 0.00, '院长', NULL, 0, '34ff5c2e-6625-4d6d-ad39-d1745755b3a8','34ff5c2e-6625-4d6d-ad39-d1745755b3a8');
INSERT    into t_item_type(uuid,item_code,item_name,cate_no,package_unit,recipe_unit,item_standard,item_style,bar_code,busi_type_id,item_bulk,input_price,dealer_code,dealer_name,sell_price,is_vip_discount, is_sell,is_count,vip_sell_price,recipe_price,drug_form, ware_up_limit,ware_down_limit,safe_day,use_way,group_name,remark,input_code, is_scattered, location, is_can_exchange,exchange_reward_point,create_user_id,update_user_id)
VALUES ('f5ca1dcb-41e4-4553-b41e-f3eeda6d5632', 'WF0000000045', '大中型', 'd7079dde-f3b0-4db6-b693-a78ddb33d02d', 'DM00018', 'DM00018', '', '寄养项目', 'WF0000000045', '5a2ba3bf-37d2-4d18-ac49-09ab7823e40R', 1, 0.00, '', '', 30.00, '否', '是', '否', 0.00, 30.00, 'DM00008', 999, 0, 999, '', '', '', '院长', 0.00, '院长', NULL, 0,'34ff5c2e-6625-4d6d-ad39-d1745755b3a8','34ff5c2e-6625-4d6d-ad39-d1745755b3a8');
INSERT    into t_item_type(uuid,item_code,item_name,cate_no,package_unit,recipe_unit,item_standard,item_style,bar_code,busi_type_id,item_bulk,input_price,dealer_code,dealer_name,sell_price,is_vip_discount, is_sell,is_count,vip_sell_price,recipe_price,drug_form, ware_up_limit,ware_down_limit,safe_day,use_way,group_name,remark,input_code, is_scattered, location, is_can_exchange,exchange_reward_point,create_user_id,update_user_id)
VALUES ('f5ca1dcb-41e4-4553-b41e-f3eeda6d5633', 'WF0000000046', '小型', 'd7079dde-f3b0-4db6-b693-a78ddb33d02d', 'DM00018', 'DM00018', '', '寄养项目', 'WF0000000046', '5a2ba3bf-37d2-4d18-ac49-09ab7823e40R', 1, 0.00, '', '', 20.00, '否', '是', '否', 0.00, 20.00, 'DM00008', 999, 0, 999, '', '', '', '院长', 0.00, '院长', NULL, 0, '34ff5c2e-6625-4d6d-ad39-d1745755b3a8','34ff5c2e-6625-4d6d-ad39-d1745755b3a8');
INSERT    into t_item_type(uuid,item_code,item_name,cate_no,package_unit,recipe_unit,item_standard,item_style,bar_code,busi_type_id,item_bulk,input_price,dealer_code,dealer_name,sell_price,is_vip_discount, is_sell,is_count,vip_sell_price,recipe_price,drug_form, ware_up_limit,ware_down_limit,safe_day,use_way,group_name,remark,input_code, is_scattered, location, is_can_exchange,exchange_reward_point,create_user_id,update_user_id)
VALUES ('f5ca1dcb-41e4-4553-b41e-f3eeda6d5634', 'WF0000000048', '公猫去势', 'ca3c0c8c-3132-49a2-b0f1-76d4e4dd1c6b', 'DM00013', 'DM0000000056', '', '医疗处置', 'WF0000000048', '3d2d574e-f3f0-4415-9472-fc01fd24ea27', 1, 0.00, '', '', 200.00, '否', '是', '否', 0.00, 200.00, 'DM00008', 999, 0, 999, '', '', '', '院长', 0.00, '院长', NULL, 0,'34ff5c2e-6625-4d6d-ad39-d1745755b3a8','34ff5c2e-6625-4d6d-ad39-d1745755b3a8');
INSERT    into t_item_type(uuid,item_code,item_name,cate_no,package_unit,recipe_unit,item_standard,item_style,bar_code,busi_type_id,item_bulk,input_price,dealer_code,dealer_name,sell_price,is_vip_discount, is_sell,is_count,vip_sell_price,recipe_price,drug_form, ware_up_limit,ware_down_limit,safe_day,use_way,group_name,remark,input_code, is_scattered, location, is_can_exchange,exchange_reward_point,create_user_id,update_user_id)
VALUES ('f5ca1dcb-41e4-4553-b41e-f3eeda6d5635', 'WF0000000049', '公犬去势', 'ca3c0c8c-3132-49a2-b0f1-76d4e4dd1c6b', 'DM00013', 'DM0000000056', '', '医疗处置', 'WF0000000049', '3d2d574e-f3f0-4415-9472-fc01fd24ea27', 1, 0.00, '', '', 200.00, '否', '是', '否', 0.00, 200.00, 'DM00008', 999, 0, 999, '', '', '', '院长', 0.00, '院长', NULL, 0,'34ff5c2e-6625-4d6d-ad39-d1745755b3a8','34ff5c2e-6625-4d6d-ad39-d1745755b3a8');
INSERT    into t_item_type(uuid,item_code,item_name,cate_no,package_unit,recipe_unit,item_standard,item_style,bar_code,busi_type_id,item_bulk,input_price,dealer_code,dealer_name,sell_price,is_vip_discount, is_sell,is_count,vip_sell_price,recipe_price,drug_form, ware_up_limit,ware_down_limit,safe_day,use_way,group_name,remark,input_code, is_scattered, location, is_can_exchange,exchange_reward_point,create_user_id,update_user_id)
VALUES ('f5ca1dcb-41e4-4553-b41e-f3eeda6d5636', 'WF0000000050', '幼犬断尾', 'ca3c0c8c-3132-49a2-b0f1-76d4e4dd1c6b', 'DM00013', 'DM0000000056', '', '医疗处置', 'WF0000000050', '3d2d574e-f3f0-4415-9472-fc01fd24ea27', 1, 0.00, '', '', 20.00, '否', '是', '否', 0.00, 100.00, 'DM00008', 999, 0, 999, '', '', '', '院长', 0.00, '院长', NULL, 0, '34ff5c2e-6625-4d6d-ad39-d1745755b3a8','34ff5c2e-6625-4d6d-ad39-d1745755b3a8');
INSERT    into t_item_type(uuid,item_code,item_name,cate_no,package_unit,recipe_unit,item_standard,item_style,bar_code,busi_type_id,item_bulk,input_price,dealer_code,dealer_name,sell_price,is_vip_discount, is_sell,is_count,vip_sell_price,recipe_price,drug_form, ware_up_limit,ware_down_limit,safe_day,use_way,group_name,remark,input_code, is_scattered, location, is_can_exchange,exchange_reward_point,create_user_id,update_user_id)
VALUES ('f5ca1dcb-41e4-4553-b41e-f3eeda6d5637', 'WF0000000051', '成仔断尾', 'ca3c0c8c-3132-49a2-b0f1-76d4e4dd1c6b', 'DM00013', 'DM0000000056', '', '医疗处置', 'WF0000000051', '3d2d574e-f3f0-4415-9472-fc01fd24ea27', 1, 0.00, '', '', 10.00, '否', '是', '否', 0.00, 10.00, 'DM00008', 999, 0, 999, '', '', '', '院长', 0.00, '院长', NULL, 0, '34ff5c2e-6625-4d6d-ad39-d1745755b3a8','34ff5c2e-6625-4d6d-ad39-d1745755b3a8');
INSERT    into t_item_type(uuid,item_code,item_name,cate_no,package_unit,recipe_unit,item_standard,item_style,bar_code,busi_type_id,item_bulk,input_price,dealer_code,dealer_name,sell_price,is_vip_discount, is_sell,is_count,vip_sell_price,recipe_price,drug_form, ware_up_limit,ware_down_limit,safe_day,use_way,group_name,remark,input_code, is_scattered, location, is_can_exchange,exchange_reward_point,create_user_id,update_user_id)
VALUES ('f5ca1dcb-41e4-4553-b41e-f3eeda6d5638', 'WF0000000052', '公犬隐睾摘除', '907a8571-f227-4669-bb98-a14a10f04ff4', 'DM00013', 'DM0000000056', '', '宠物手术', 'WF0000000052', 'd4cbb873-6e1b-49cd-8e09-82c39e932dfb', 1, 0.00, '', '', 300.00, '否', '是', '否', 0.00, 300.00, 'DM00008', 999, 0, 999, '', '', '', '院长', 0.00, '院长', NULL, 0, '34ff5c2e-6625-4d6d-ad39-d1745755b3a8','34ff5c2e-6625-4d6d-ad39-d1745755b3a8');
INSERT    into t_item_type(uuid,item_code,item_name,cate_no,package_unit,recipe_unit,item_standard,item_style,bar_code,busi_type_id,item_bulk,input_price,dealer_code,dealer_name,sell_price,is_vip_discount, is_sell,is_count,vip_sell_price,recipe_price,drug_form, ware_up_limit,ware_down_limit,safe_day,use_way,group_name,remark,input_code, is_scattered, location, is_can_exchange,exchange_reward_point,create_user_id,update_user_id)
VALUES ('f5ca1dcb-41e4-4553-b41e-f3eeda6d5639', 'WF0000000053', '助产', '907a8571-f227-4669-bb98-a14a10f04ff4', 'DM00013', 'DM0000000056', '', '宠物手术', 'WF0000000053', 'd4cbb873-6e1b-49cd-8e09-82c39e932dfb', 1, 0.00, '', '', 100.00, '否', '是', '否', 0.00, 100.00, 'DM00008', 999, 0, 999, '', '', '', '院长', 0.00, '院长', NULL, 0, '34ff5c2e-6625-4d6d-ad39-d1745755b3a8','34ff5c2e-6625-4d6d-ad39-d1745755b3a8');
INSERT    into t_item_type(uuid,item_code,item_name,cate_no,package_unit,recipe_unit,item_standard,item_style,bar_code,busi_type_id,item_bulk,input_price,dealer_code,dealer_name,sell_price,is_vip_discount, is_sell,is_count,vip_sell_price,recipe_price,drug_form, ware_up_limit,ware_down_limit,safe_day,use_way,group_name,remark,input_code, is_scattered, location, is_can_exchange,exchange_reward_point,create_user_id,update_user_id)
VALUES ('f5ca1dcb-41e4-4553-b41e-f3eeda6d5640', 'WF0000000054', '母猫绝育', '907a8571-f227-4669-bb98-a14a10f04ff4', 'DM00013', 'DM0000000056', '', '宠物手术', 'WF0000000054', 'd4cbb873-6e1b-49cd-8e09-82c39e932dfb', 1, 0.00, '', '', 300.00, '否', '是', '否', 0.00, 300.00, 'DM00008', 999, 0, 999, '', '', '', '院长', 0.00, '院长', NULL, 0, '34ff5c2e-6625-4d6d-ad39-d1745755b3a8','34ff5c2e-6625-4d6d-ad39-d1745755b3a8');
INSERT    into t_item_type(uuid,item_code,item_name,cate_no,package_unit,recipe_unit,item_standard,item_style,bar_code,busi_type_id,item_bulk,input_price,dealer_code,dealer_name,sell_price,is_vip_discount, is_sell,is_count,vip_sell_price,recipe_price,drug_form, ware_up_limit,ware_down_limit,safe_day,use_way,group_name,remark,input_code, is_scattered, location, is_can_exchange,exchange_reward_point,create_user_id,update_user_id)
VALUES ('f5ca1dcb-41e4-4553-b41e-f3eeda6d5641', 'WF0000000055', '母犬子宫蓄脓', '907a8571-f227-4669-bb98-a14a10f04ff4', 'DM00013', 'DM0000000056', '', '宠物手术', 'WF0000000055', 'd4cbb873-6e1b-49cd-8e09-82c39e932dfb', 1, 0.00, '', '', 400.00, '否', '是', '否', 0.00, 400.00, 'DM00008', 999, 0, 999, '', '', '', '院长', 0.00, '院长', NULL, 0, '34ff5c2e-6625-4d6d-ad39-d1745755b3a8','34ff5c2e-6625-4d6d-ad39-d1745755b3a8');
INSERT    into t_item_type(uuid,item_code,item_name,cate_no,package_unit,recipe_unit,item_standard,item_style,bar_code,busi_type_id,item_bulk,input_price,dealer_code,dealer_name,sell_price,is_vip_discount, is_sell,is_count,vip_sell_price,recipe_price,drug_form, ware_up_limit,ware_down_limit,safe_day,use_way,group_name,remark,input_code, is_scattered, location, is_can_exchange,exchange_reward_point,create_user_id,update_user_id)
VALUES ('f5ca1dcb-41e4-4553-b41e-f3eeda6d5642', 'WF0000000056', '母犬绝育', '907a8571-f227-4669-bb98-a14a10f04ff4', 'DM00013', 'DM0000000056', '', '宠物手术', 'WF0000000056', 'd4cbb873-6e1b-49cd-8e09-82c39e932dfb', 1, 0.00, '', '', 300.00, '否', '是', '否', 0.00, 300.00, 'DM00008', 999, 0, 999, '', '', '', '院长', 0.00, '院长', NULL, 0, '34ff5c2e-6625-4d6d-ad39-d1745755b3a8','34ff5c2e-6625-4d6d-ad39-d1745755b3a8');
INSERT    into t_item_type(uuid,item_code,item_name,cate_no,package_unit,recipe_unit,item_standard,item_style,bar_code,busi_type_id,item_bulk,input_price,dealer_code,dealer_name,sell_price,is_vip_discount, is_sell,is_count,vip_sell_price,recipe_price,drug_form, ware_up_limit,ware_down_limit,safe_day,use_way,group_name,remark,input_code, is_scattered, location, is_can_exchange,exchange_reward_point,create_user_id,update_user_id)
VALUES ('f5ca1dcb-41e4-4553-b41e-f3eeda6d5643', 'WF0000000057', '导尿（公）', '907a8571-f227-4669-bb98-a14a10f04ff4', 'DM00013', 'DM0000000056', '', '宠物手术', 'WF0000000057', 'd4cbb873-6e1b-49cd-8e09-82c39e932dfb', 1, 0.00, '', '', 50.00, '否', '是', '否', 0.00, 50.00, 'DM00008', 999, 0, 999, '', '', '', '院长', 0.00, '院长', NULL, 0, '34ff5c2e-6625-4d6d-ad39-d1745755b3a8','34ff5c2e-6625-4d6d-ad39-d1745755b3a8');
INSERT    into t_item_type(uuid,item_code,item_name,cate_no,package_unit,recipe_unit,item_standard,item_style,bar_code,busi_type_id,item_bulk,input_price,dealer_code,dealer_name,sell_price,is_vip_discount, is_sell,is_count,vip_sell_price,recipe_price,drug_form, ware_up_limit,ware_down_limit,safe_day,use_way,group_name,remark,input_code, is_scattered, location, is_can_exchange,exchange_reward_point,create_user_id,update_user_id)
VALUES ('f5ca1dcb-41e4-4553-b41e-f3eeda6d5644', 'WF0000000058', '大中型猫', '7b3fe252-bddd-4ffe-9527-468aaa6629b7', 'DM00011', 'DM00011', '', '住院项目', 'WF0000000058', '97382cb9-3811-413d-91ea-d3696c5c9f18', 1, 0.00, '', '', 35.00, '否', '是', '否', 0.00, 35.00, 'DM00008', 999, 0, 999, '', '', '', '院长', 0.00, '院长', NULL, 0,'34ff5c2e-6625-4d6d-ad39-d1745755b3a8','34ff5c2e-6625-4d6d-ad39-d1745755b3a8');
INSERT    into t_item_type(uuid,item_code,item_name,cate_no,package_unit,recipe_unit,item_standard,item_style,bar_code,busi_type_id,item_bulk,input_price,dealer_code,dealer_name,sell_price,is_vip_discount, is_sell,is_count,vip_sell_price,recipe_price,drug_form, ware_up_limit,ware_down_limit,safe_day,use_way,group_name,remark,input_code, is_scattered, location, is_can_exchange,exchange_reward_point,create_user_id,update_user_id)
VALUES ('f5ca1dcb-41e4-4553-b41e-f3eeda6d5645', 'WF0000000059', '小型猫', '7b3fe252-bddd-4ffe-9527-468aaa6629b7', 'DM00018', 'DM00018', '', '住院项目', 'WF0000000059', '97382cb9-3811-413d-91ea-d3696c5c9f18', 1, 0.00, '', '', 25.00, '否', '是', '否', 0.00, 25.00, 'DM00008', 999, 0, 999, '', '', '', '院长', 0.00, '院长', NULL, 0, '34ff5c2e-6625-4d6d-ad39-d1745755b3a8','34ff5c2e-6625-4d6d-ad39-d1745755b3a8');
INSERT    into t_item_type(uuid,item_code,item_name,cate_no,package_unit,recipe_unit,item_standard,item_style,bar_code,busi_type_id,item_bulk,input_price,dealer_code,dealer_name,sell_price,is_vip_discount, is_sell,is_count,vip_sell_price,recipe_price,drug_form, ware_up_limit,ware_down_limit,safe_day,use_way,group_name,remark,input_code, is_scattered, location, is_can_exchange,exchange_reward_point,create_user_id,update_user_id)
VALUES ('f5ca1dcb-41e4-4553-b41e-f3eeda6d5646', 'WF0000000060', '特危监护', '7b3fe252-bddd-4ffe-9527-468aaa6629b7', 'DM00018', 'DM00018', '', '住院项目', 'WF0000000060', '97382cb9-3811-413d-91ea-d3696c5c9f18', 1, 0.00, '', '', 50.00, '否', '是', '否', 0.00, 50.00, 'DM00008', 999, 0, 999, '', '', '', '院长', 0.00, '院长', NULL, 0,'34ff5c2e-6625-4d6d-ad39-d1745755b3a8','34ff5c2e-6625-4d6d-ad39-d1745755b3a8');
INSERT    into t_item_type(uuid,item_code,item_name,cate_no,package_unit,recipe_unit,item_standard,item_style,bar_code,busi_type_id,item_bulk,input_price,dealer_code,dealer_name,sell_price,is_vip_discount, is_sell,is_count,vip_sell_price,recipe_price,drug_form, ware_up_limit,ware_down_limit,safe_day,use_way,group_name,remark,input_code, is_scattered, location, is_can_exchange,exchange_reward_point,create_user_id,update_user_id)
VALUES ('f5ca1dcb-41e4-4553-b41e-f3eeda6d5647', 'WF0000000061', '大中型犬', '7b3fe252-bddd-4ffe-9527-468aaa6629b7', 'DM00018', 'DM00018', '', '住院项目', 'WF0000000061', '97382cb9-3811-413d-91ea-d3696c5c9f18', 1, 0.00, '', '', 30.00, '否', '是', '否', 0.00, 30.00, 'DM00008', 999, 0, 999, '', '', '', '院长', 0.00, '院长', NULL, 0,'34ff5c2e-6625-4d6d-ad39-d1745755b3a8','34ff5c2e-6625-4d6d-ad39-d1745755b3a8');
INSERT    into t_item_type(uuid,item_code,item_name,cate_no,package_unit,recipe_unit,item_standard,item_style,bar_code,busi_type_id,item_bulk,input_price,dealer_code,dealer_name,sell_price,is_vip_discount, is_sell,is_count,vip_sell_price,recipe_price,drug_form, ware_up_limit,ware_down_limit,safe_day,use_way,group_name,remark,input_code, is_scattered, location, is_can_exchange,exchange_reward_point,create_user_id,update_user_id)
VALUES ('f5ca1dcb-41e4-4553-b41e-f3eeda6d5648', 'WF0000000062', '小型犬', '7b3fe252-bddd-4ffe-9527-468aaa6629b7', 'DM00018', 'DM00011', '', '住院项目', 'WF0000000062', '97382cb9-3811-413d-91ea-d3696c5c9f18', 1, 0.00, '', '', 20.00, '否', '是', '否', 0.00, 20.00, 'DM00008', 999, 0, 999, '', '', '', '院长', 0.00, '院长', NULL, 0,'34ff5c2e-6625-4d6d-ad39-d1745755b3a8','34ff5c2e-6625-4d6d-ad39-d1745755b3a8');
INSERT    into t_item_type(uuid,item_code,item_name,cate_no,package_unit,recipe_unit,item_standard,item_style,bar_code,busi_type_id,item_bulk,input_price,dealer_code,dealer_name,sell_price,is_vip_discount, is_sell,is_count,vip_sell_price,recipe_price,drug_form, ware_up_limit,ware_down_limit,safe_day,use_way,group_name,remark,input_code, is_scattered, location, is_can_exchange,exchange_reward_point,create_user_id,update_user_id)
VALUES ('f5ca1dcb-41e4-4553-b41e-f3eeda6d5649', 'WF0000000063', '美容香波', 'f99a04f7-61e3-4df6-9a3d-5e2a76ea90a5', 'DM00014', 'DM00014', '', '宠物用品', 'WF0000000063', '18644a6e-a004-4ce0-a11f-d100dfbc1caa', 1, 50.00, 'JXS0000000004', '五湖', 145.00, '是', '是', '是', 0.00, 145.00, 'DM00008', 999, 5, 0, '', '', '', '院长', 0.00, '院长', NULL, 0, '34ff5c2e-6625-4d6d-ad39-d1745755b3a8','34ff5c2e-6625-4d6d-ad39-d1745755b3a8');
INSERT    into t_item_type(uuid,item_code,item_name,cate_no,package_unit,recipe_unit,item_standard,item_style,bar_code,busi_type_id,item_bulk,input_price,dealer_code,dealer_name,sell_price,is_vip_discount, is_sell,is_count,vip_sell_price,recipe_price,drug_form, ware_up_limit,ware_down_limit,safe_day,use_way,group_name,remark,input_code, is_scattered, location, is_can_exchange,exchange_reward_point,create_user_id,update_user_id)
VALUES ('f5ca1dcb-41e4-4553-b41e-f3eeda6d5650', 'WF0000000064', '全身洗护', '625da585-89d6-4435-a5e7-a9e948585d1d', 'DM00013', 'DM00013', '', '美容服务', 'WF0000000064', '9fa7b1df-3f0d-48eb-82d3-f143e5cbb7b3', 1, 0.00, '', '', 100.00, '否', '是', '否', 0.00, 100.00, 'DM00008', 999, 0, 365, '', '', '', '院长', 0.00, '院长', NULL, 0, '34ff5c2e-6625-4d6d-ad39-d1745755b3a8','34ff5c2e-6625-4d6d-ad39-d1745755b3a8');
INSERT    into t_item_type(uuid,item_code,item_name,cate_no,package_unit,recipe_unit,item_standard,item_style,bar_code,busi_type_id,item_bulk,input_price,dealer_code,dealer_name,sell_price,is_vip_discount, is_sell,is_count,vip_sell_price,recipe_price,drug_form, ware_up_limit,ware_down_limit,safe_day,use_way,group_name,remark,input_code, is_scattered, location, is_can_exchange,exchange_reward_point,create_user_id,update_user_id)
VALUES ('f5ca1dcb-41e4-4553-b41e-f3eeda6d5651', 'WF0000000065', '犬干扰素', '5a2ba3bf-37d2-4d18-ac49-09ab7823e40d', 'DM00038', 'DM00050', '5ml X 10', '宠物药品', 'WF0000000065', '0b02ebb8-e341-420b-9267-453610635ecd', 10, 60.00, 'JXS0000000001', '北京龙科生物制药有限公司', 240.00, '是', '是', '是', 0.00, 24.00, 'DM00022', 999, 10, 0, '每支用1ml灭菌注射用水溶解，肌肉或皮下注射。', '', '', '院长', 0.00, '院长', NULL, 0, '34ff5c2e-6625-4d6d-ad39-d1745755b3a8','34ff5c2e-6625-4d6d-ad39-d1745755b3a8');
INSERT    into t_item_type(uuid,item_code,item_name,cate_no,package_unit,recipe_unit,item_standard,item_style,bar_code,busi_type_id,item_bulk,input_price,dealer_code,dealer_name,sell_price,is_vip_discount, is_sell,is_count,vip_sell_price,recipe_price,drug_form, ware_up_limit,ware_down_limit,safe_day,use_way,group_name,remark,input_code, is_scattered, location, is_can_exchange,exchange_reward_point,create_user_id,update_user_id)
VALUES ('f5ca1dcb-41e4-4553-b41e-f3eeda6d5652', 'WF0000000066', '奥美拉唑', '5a2ba3bf-37d2-4d18-ac49-09ab7823e40d', 'DM0000000057', 'DM00015', '', '宠物药品', 'WF0000000066', '0b02ebb8-e341-420b-9267-453610635ecd', 8, 0.00, 'JXS0000000003', '美国瑞普斯生物药品集团有限公司', 40.00, '是', '是', '是', 0.00, 5.00, 'DM00009', 999, 20, 0, '', '', '', '院长', 0.00, '院长', NULL , 0, '34ff5c2e-6625-4d6d-ad39-d1745755b3a8','34ff5c2e-6625-4d6d-ad39-d1745755b3a8');
INSERT    into t_item_type(uuid,item_code,item_name,cate_no,package_unit,recipe_unit,item_standard,item_style,bar_code,busi_type_id,item_bulk,input_price,dealer_code,dealer_name,sell_price,is_vip_discount, is_sell,is_count,vip_sell_price,recipe_price,drug_form, ware_up_limit,ware_down_limit,safe_day,use_way,group_name,remark,input_code, is_scattered, location, is_can_exchange,exchange_reward_point,create_user_id,update_user_id)
VALUES ('f5ca1dcb-41e4-4553-b41e-f3eeda6d5653', 'WF0000000067', '舒一宁', '5a2ba3bf-37d2-4d18-ac49-09ab7823e40d', 'DM00041', 'DM00047', NULL, '宠物药品', 'WF0000000067', '0b02ebb8-e341-420b-9267-453610635ecd', 20, 20.46, 'JXS0000000001', '北京龙科生物制药有限公司', 80.46, '是', '是', '是', 0.00, 4.02, 'DM00010', 999, 0, 0, NULL, NULL, NULL, '院长', 0.00, '院长', NULL , 0,'34ff5c2e-6625-4d6d-ad39-d1745755b3a8','34ff5c2e-6625-4d6d-ad39-d1745755b3a8');
INSERT    into t_item_type(uuid,item_code,item_name,cate_no,package_unit,recipe_unit,item_standard,item_style,bar_code,busi_type_id,item_bulk,input_price,dealer_code,dealer_name,sell_price,is_vip_discount, is_sell,is_count,vip_sell_price,recipe_price,drug_form, ware_up_limit,ware_down_limit,safe_day,use_way,group_name,remark,input_code, is_scattered, location, is_can_exchange,exchange_reward_point,create_user_id,update_user_id)
VALUES ('f5ca1dcb-41e4-4553-b41e-f3eeda6d5654', 'WF0000000068', '清热颗粒', '5a2ba3bf-37d2-4d18-ac49-09ab7823e40d', 'DM00041', 'DM00047', '', '宠物药品', 'WF0000000068', '0b02ebb8-e341-420b-9267-453610635ecd', 20, 0.00, 'JXS0000000004', '五湖', 40.00, '是', '是', '是', 0.00, 2.00, 'DM00008', 999, 20, 0, '', '', '', '院长', 0.00, '院长', NULL, 0, '34ff5c2e-6625-4d6d-ad39-d1745755b3a8','34ff5c2e-6625-4d6d-ad39-d1745755b3a8');
INSERT    into t_item_type(uuid,item_code,item_name,cate_no,package_unit,recipe_unit,item_standard,item_style,bar_code,busi_type_id,item_bulk,input_price,dealer_code,dealer_name,sell_price,is_vip_discount, is_sell,is_count,vip_sell_price,recipe_price,drug_form, ware_up_limit,ware_down_limit,safe_day,use_way,group_name,remark,input_code, is_scattered, location, is_can_exchange,exchange_reward_point,create_user_id,update_user_id)
VALUES ('f5ca1dcb-41e4-4553-b41e-f3eeda6d5655', 'WF0000000069', '英特威狂犬疫苗', 'eb6ebe05-f623-47c1-8e2f-ef911756bb3c', 'DM00050', 'DM00050', '', '宠物疫苗', 'WF0000000069', 'e1670d8a-f098-4963-9157-a8c234d9d8fb', 1, 0.00, 'JXS0000000003', '美国瑞普斯生物药品集团有限公司', 200.00, '是', '是', '是', 0.00, 200.00, 'DM00022', 999, 10, 0, '', '', '', '院长', 0.00, '院长', NULL, 0, '34ff5c2e-6625-4d6d-ad39-d1745755b3a8','34ff5c2e-6625-4d6d-ad39-d1745755b3a8');
INSERT    into t_item_type(uuid,item_code,item_name,cate_no,package_unit,recipe_unit,item_standard,item_style,bar_code,busi_type_id,item_bulk,input_price,dealer_code,dealer_name,sell_price,is_vip_discount, is_sell,is_count,vip_sell_price,recipe_price,drug_form, ware_up_limit,ware_down_limit,safe_day,use_way,group_name,remark,input_code, is_scattered, location, is_can_exchange,exchange_reward_point,create_user_id,update_user_id)
VALUES ('f5ca1dcb-41e4-4553-b41e-f3eeda6d5656', 'WF0000000070', '四联疫苗', 'eb6ebe05-f623-47c1-8e2f-ef911756bb3c', 'DM00050', 'DM00050', '', '宠物疫苗', 'WF0000000070', 'e1670d8a-f098-4963-9157-a8c234d9d8fb', 1, 0.00, 'JXS0000000003', '美国瑞普斯生物药品集团有限公司', 150.00, '是', '是', '是', 0.00, 150.00, 'DM00008', 999, 10, 0, '', '', '', '院长', 0.00, '院长', NULL, 0,'34ff5c2e-6625-4d6d-ad39-d1745755b3a8','34ff5c2e-6625-4d6d-ad39-d1745755b3a8');
INSERT    into t_item_type(uuid,item_code,item_name,cate_no,package_unit,recipe_unit,item_standard,item_style,bar_code,busi_type_id,item_bulk,input_price,dealer_code,dealer_name,sell_price,is_vip_discount, is_sell,is_count,vip_sell_price,recipe_price,drug_form, ware_up_limit,ware_down_limit,safe_day,use_way,group_name,remark,input_code, is_scattered, location, is_can_exchange,exchange_reward_point,create_user_id,update_user_id)
VALUES ('f5ca1dcb-41e4-4553-b41e-f3eeda6d5657', 'WF0000000071', '荷兰英特威', 'eb6ebe05-f623-47c1-8e2f-ef911756bb3c', 'DM00050', 'DM00050', '', '宠物疫苗', 'WF0000000071', 'e1670d8a-f098-4963-9157-a8c234d9d8fb', 1, 0.00, 'JXS0000000003', '美国瑞普斯生物药品集团有限公司', 120.00, '是', '是', '是', 0.00, 120.00, 'DM00008', 999, 10, 0, '', '', '', '院长', 0.00, '院长', NULL, 0,'34ff5c2e-6625-4d6d-ad39-d1745755b3a8','34ff5c2e-6625-4d6d-ad39-d1745755b3a8');
INSERT    into t_item_type(uuid,item_code,item_name,cate_no,package_unit,recipe_unit,item_standard,item_style,bar_code,busi_type_id,item_bulk,input_price,dealer_code,dealer_name,sell_price,is_vip_discount, is_sell,is_count,vip_sell_price,recipe_price,drug_form, ware_up_limit,ware_down_limit,safe_day,use_way,group_name,remark,input_code, is_scattered, location, is_can_exchange,exchange_reward_point,create_user_id,update_user_id)
VALUES ('f5ca1dcb-41e4-4553-b41e-f3eeda6d5658', 'WF0000000072', '青霉素', '5a2ba3bf-37d2-4d18-ac49-09ab7823e40d', 'DM00050', 'DM00050', '', '宠物药品', 'WF0000000072', '0b02ebb8-e341-420b-9267-453610635ecd', 1, 0.00, 'JXS0000000001', '北京龙科生物制药有限公司', 20.00, '是', '是', '是', 0.00, 20.00, 'DM00008', 999, 0, 0, '八万至二十万单位肌肉注射，每日2次', '', '', '院长', 0.00, '院长', NULL, 0,'34ff5c2e-6625-4d6d-ad39-d1745755b3a8','34ff5c2e-6625-4d6d-ad39-d1745755b3a8');
INSERT    into t_item_type(uuid,item_code,item_name,cate_no,package_unit,recipe_unit,item_standard,item_style,bar_code,busi_type_id,item_bulk,input_price,dealer_code,dealer_name,sell_price,is_vip_discount, is_sell,is_count,vip_sell_price,recipe_price,drug_form, ware_up_limit,ware_down_limit,safe_day,use_way,group_name,remark,input_code, is_scattered, location, is_can_exchange,exchange_reward_point,create_user_id,update_user_id)
VALUES ('f5ca1dcb-41e4-4553-b41e-f3eeda6d5659', 'WF0000000073', '聚维酮典药膏', '5a2ba3bf-37d2-4d18-ac49-09ab7823e40d', 'DM00050', 'DM00050', '', '宠物药品', 'WF0000000073', '0b02ebb8-e341-420b-9267-453610635ecd', 1, 0.00, 'JXS0000000001', '北京龙科生物制药有限公司', 100.00, '是', '是', '是', 0.00, 100.00, 'DM00008', 999, 0, 0, '2次/日', '', '', '院长', 0.00, '院长', NULL, 0,'34ff5c2e-6625-4d6d-ad39-d1745755b3a8','34ff5c2e-6625-4d6d-ad39-d1745755b3a8');
INSERT    into t_item_type(uuid,item_code,item_name,cate_no,package_unit,recipe_unit,item_standard,item_style,bar_code,busi_type_id,item_bulk,input_price,dealer_code,dealer_name,sell_price,is_vip_discount, is_sell,is_count,vip_sell_price,recipe_price,drug_form, ware_up_limit,ware_down_limit,safe_day,use_way,group_name,remark,input_code, is_scattered, location, is_can_exchange,exchange_reward_point,create_user_id,update_user_id)
VALUES ('f5ca1dcb-41e4-4553-b41e-f3eeda6d5660', 'WF0000000074', '伊维菌素', '5a2ba3bf-37d2-4d18-ac49-09ab7823e40d', 'DM00050', 'DM00050', '', '宠物药品', 'WF0000000074', '0b02ebb8-e341-420b-9267-453610635ecd', 1, 0.00, 'JXS0000000003', '美国瑞普斯生物药品集团有限公司', 50.00, '是', '是', '是', 0.00, 50.00, 'DM00008', 999, 0, 0, '02ml，每周一次', '', '', '院长', 0.00, '院长', NULL, 0, '34ff5c2e-6625-4d6d-ad39-d1745755b3a8','34ff5c2e-6625-4d6d-ad39-d1745755b3a8');
INSERT    into t_item_type(uuid,item_code,item_name,cate_no,package_unit,recipe_unit,item_standard,item_style,bar_code,busi_type_id,item_bulk,input_price,dealer_code,dealer_name,sell_price,is_vip_discount, is_sell,is_count,vip_sell_price,recipe_price,drug_form, ware_up_limit,ware_down_limit,safe_day,use_way,group_name,remark,input_code, is_scattered, location, is_can_exchange,exchange_reward_point,create_user_id,update_user_id)
VALUES ('f5ca1dcb-41e4-4553-b41e-f3eeda6d5661', 'WF0000000075', '药浴', '5a2ba3bf-37d2-4d18-ac49-09ab7823e40d', 'DM00014', 'DM00014', '', '宠物药品', 'WF0000000075', '0b02ebb8-e341-420b-9267-453610635ecd', 1, 0.00, 'JXS0000000003', '美国瑞普斯生物药品集团有限公司', 100.00, '是', '是', '是', 0.00, 100.00, 'DM00008', 999, 0, 0, '每周一次', '', '', '院长', 0.00, '院长', NULL, 0, '34ff5c2e-6625-4d6d-ad39-d1745755b3a8','34ff5c2e-6625-4d6d-ad39-d1745755b3a8');
INSERT    into t_item_type(uuid,item_code,item_name,cate_no,package_unit,recipe_unit,item_standard,item_style,bar_code,busi_type_id,item_bulk,input_price,dealer_code,dealer_name,sell_price,is_vip_discount, is_sell,is_count,vip_sell_price,recipe_price,drug_form, ware_up_limit,ware_down_limit,safe_day,use_way,group_name,remark,input_code, is_scattered, location, is_can_exchange,exchange_reward_point,create_user_id,update_user_id)
VALUES ('f5ca1dcb-41e4-4553-b41e-f3eeda6d5662', 'CEX00093', '康源益生菌', '5a2ba3bf-37d2-4d18-ac49-09ab7823e40d', 'DM00038', 'DM00041', '5g*5袋/盒', '宠物药品', 'CEX00093', '0b02ebb8-e341-420b-9267-453610635ecd', 5, 0.00, 'CBU000000001', '宠儿香', 40.00, '是', '是', '是', 0.00, 8.00, 'DM00008', 999, 0, 0,
'使用方法(用法）：1、细菌性或肠功能紊乱引起的腹泻、便秘等急慢性肠道症状，可以直接使用本品；2、病毒、寄生虫等引起的肠道症状，使用本品做配合治疗，可以缓解症状；3、胃功能弱、食欲不振、厌食、积食，直接使用本品可促进胃功能，缓解症状；4、环境变化、断奶、手术、疫苗接种等情况使用本品，防止应激反应的发生；5、营养不良、体弱多病，口臭、粪便恶臭等情况使用本品，可以有效缓解症状；6、抗生素治疗后使用本品，可以调节肠道菌群平衡，恢复肠道功能；产品用法：宠物自行舔食或溶于约50-100毫升40℃以下水中饮用，也可拌入食物饲喂。产品用量：每天服用1次，5天为1个周期，体重2kg以下的宠物每次半袋，体重2-10kg的宠物每次1袋，体重10kg以上的宠物每次2袋。或遵医嘱。保健量：每周2次。', NULL, '产品特点：1.专利优势菌种组合2.促进胃消化功能3.控制腹泻、缓解便秘、除臭4.提高消化吸收率，缓解应激反应', '院长', 0.00 , '院长', NULL, 0,'34ff5c2e-6625-4d6d-ad39-d1745755b3a8','34ff5c2e-6625-4d6d-ad39-d1745755b3a8');
INSERT    into t_item_type(uuid,item_code,item_name,cate_no,package_unit,recipe_unit,item_standard,item_style,bar_code,busi_type_id,item_bulk,input_price,dealer_code,dealer_name,sell_price,is_vip_discount, is_sell,is_count,vip_sell_price,recipe_price,drug_form, ware_up_limit,ware_down_limit,safe_day,use_way,group_name,remark,input_code, is_scattered, location, is_can_exchange,exchange_reward_point,create_user_id,update_user_id)
VALUES ('f5ca1dcb-41e4-4553-b41e-f3eeda6d5663', 'CEX00094', '肠乐宝', '5a2ba3bf-37d2-4d18-ac49-09ab7823e40d', 'DM00038', 'DM00041', '5g*5袋/盒', '宠物药品', 'CEX00094', '0b02ebb8-e341-420b-9267-453610635ecd', 5, 0.00, 'CBU000000001', '宠儿香', 55.00, '是', '是', '是', 0.00, 11.00, 'DM00008', 999, 0, 0,
'使用方法(用法）：1、细菌性或肠功能紊乱引起的腹泻、便秘等急慢性肠道症状，可以直接使用本品；2、病毒、寄生虫等引起的肠道症状，使用本品做配合治疗，可以缓解症状；3、肠黏膜损伤、黏膜功能弱等情况，使用本品可以促进黏膜的修复和再生；4、环境变化、断奶、手术、疫苗接种等情况使用本品，防止应激反应的发生；5、营养不良、体弱多病，口臭、粪便恶臭等情况使用本品，可以有效缓解症状；6、抗生素治疗后使用本品，可以调节肠道菌群平衡，恢复肠道功能；产品用法：宠物自行舔食或溶于约50-100毫升40℃以下水中饮用，也可拌入食物饲喂。产品用量：每天服用1次，5天为1个周期，体重2kg以下的宠物每次半袋，体重2～10kg的宠物每次1袋，体重10kg以上的宠物每次2袋；或遵医嘱。保健量：每周2次。', NULL, '产品特点：1、专利优势菌种组合2、修复、再生肠粘膜3、控制腹泻、缓解便秘、除臭4、提高消化吸收率，缓解应激反应', '院长', 0.00 , '院长', NULL , 0,'34ff5c2e-6625-4d6d-ad39-d1745755b3a8','34ff5c2e-6625-4d6d-ad39-d1745755b3a8');
INSERT    into t_item_type(uuid,item_code,item_name,cate_no,package_unit,recipe_unit,item_standard,item_style,bar_code,busi_type_id,item_bulk,input_price,dealer_code,dealer_name,sell_price,is_vip_discount, is_sell,is_count,vip_sell_price,recipe_price,drug_form, ware_up_limit,ware_down_limit,safe_day,use_way,group_name,remark,input_code, is_scattered, location, is_can_exchange,exchange_reward_point,create_user_id,update_user_id)
VALUES ('f5ca1dcb-41e4-4553-b41e-f3eeda6d5664', 'CEX00095', '敏舒平', '5a2ba3bf-37d2-4d18-ac49-09ab7823e40d', 'DM00038', 'DM00041', '5g*5袋/盒', '宠物药品', 'CEX00095', '0b02ebb8-e341-420b-9267-453610635ecd', 5, 0.00, 'CBU000000001', '宠儿香', 55.00, '是', '是', '是', 0.00, 11.00, 'DM00008', 999, 0, 0, '使用方法(用法）：1、发生过敏反应的宠物，直接使用本品可以缓解过敏症状；2、患皮肤病的宠物，使用本品配合治疗，可以缓解红肿、瘙痒的症状；3、常发性过敏及过敏体质的宠物，使用本品，可以调节机体免疫平衡，改善过敏体质，降低过敏的发生率；产品用法：宠物自行舔食或溶于约50-100毫升40℃以下水中饮用，也可拌入食物饲喂。产品用量：每天服用1次，5天为1个周期，体重2kg以下的宠物每次半袋，体重2～10kg的宠物每次1袋，体重10kg以上的宠物每次2袋。或遵医嘱。保健量：每周2次。', NULL,
'产品特点：1、专利优势菌种组合2、阻止致敏过程，缓解过敏症状3、调节免疫平衡，完善免疫功能4、可长期使用，安全无副作用', '院长', 0.00 , '院长', NULL , 0,'34ff5c2e-6625-4d6d-ad39-d1745755b3a8','34ff5c2e-6625-4d6d-ad39-d1745755b3a8');
INSERT    into t_item_type(uuid,item_code,item_name,cate_no,package_unit,recipe_unit,item_standard,item_style,bar_code,busi_type_id,item_bulk,input_price,dealer_code,dealer_name,sell_price,is_vip_discount, is_sell,is_count,vip_sell_price,recipe_price,drug_form, ware_up_limit,ware_down_limit,safe_day,use_way,group_name,remark,input_code, is_scattered, location, is_can_exchange,exchange_reward_point,create_user_id,update_user_id)
VALUES (uuid(), 'CEX00096', '防石灵', '5a2ba3bf-37d2-4d18-ac49-09ab7823e40d', 'DM00011', 'DM00041', '5g*5袋/盒', '宠物药品', 'CEX00096', '0b02ebb8-e341-420b-9267-453610635ecd', 5, 0.00, 'CBU000000001', '宠儿香', 55.00, '是', '是', '是', 0.00, 11.00, 'DM00008', 999, 0, 0,
'使用方法(用法）：1、草酸钙类型的结石可以直接使用本品，从根本上防治该类型结石的发生；2、含草酸钙的混合型结石，可以使用本品做配合治疗；3、泌尿道感染疾病，使用本品可防止草酸盐结晶的发生，防止感染反复复发；4、草酸钙类型的结石术后使用，降低结石复发率；产品用法：宠物自行舔食或溶于约50-100毫升40℃以下水中饮用，也可拌入食物饲喂。  产品用量：每天服用1次，5天为1个周期，体重2kg以下的宠物每次半袋，体重2～10kg的宠物每次1袋，体重10kg以上的宠物每次2袋。或遵医嘱。保健量：每周2次。', NULL,
'产品特点：1、专利优势菌种组合2、分解草酸3、降低草酸浓度4、防治草酸钙结石5、调节肠道功能', '院长', 0.00 , '院长', NULL , 0, '34ff5c2e-6625-4d6d-ad39-d1745755b3a8','34ff5c2e-6625-4d6d-ad39-d1745755b3a8');
INSERT    into t_item_type(uuid,item_code,item_name,cate_no,package_unit,recipe_unit,item_standard,item_style,bar_code,busi_type_id,item_bulk,input_price,dealer_code,dealer_name,sell_price,is_vip_discount, is_sell,is_count,vip_sell_price,recipe_price,drug_form, ware_up_limit,ware_down_limit,safe_day,use_way,group_name,remark,input_code, is_scattered, location, is_can_exchange,exchange_reward_point,create_user_id,update_user_id)
VALUES (uuid(), 'CEX00097', '强力多维', '5a2ba3bf-37d2-4d18-ac49-09ab7823e40d', 'DM0000000061', 'DM0000000061', '130g/支', '宠物药品', 'CEX00097', '0b02ebb8-e341-420b-9267-453610635ecd', 1, 0.00, 'CBU000000001', '宠儿香', 78.00, '是', '是', '是', 0.00, 78.00, 'DM00008', 999, 0, 0,
'使用方法(用法）：1、各个年龄阶段犬的营养快速补充；2、特殊时期（疾病、怀孕、哺乳等）犬的营养特殊补充；3、偏食、厌食、异食癖、饮食不规律的犬，有助于恢复其正常饮食习惯；4、体弱多病，神态不佳等犬，可以强化营养，增强体质；用法用量：直接涂于宠物的鼻或嘴处舔食，也可以混合在食物中。体重10Kg以下的宠物每日饲喂5g(约5cm）的膏体，体重10Kg以上的宠物用量加倍或遵医嘱。', NULL,
'产品特点：1、全营养配方，配比科学合理2、强化犬必需氨基酸，营养更丰富3、低油脂配方，易消化吸收', '院长', 0.00, '院长', null, 0, '34ff5c2e-6625-4d6d-ad39-d1745755b3a8','34ff5c2e-6625-4d6d-ad39-d1745755b3a8');
INSERT    into t_item_type(uuid,item_code,item_name,cate_no,package_unit,recipe_unit,item_standard,item_style,bar_code,busi_type_id,item_bulk,input_price,dealer_code,dealer_name,sell_price,is_vip_discount, is_sell,is_count,vip_sell_price,recipe_price,drug_form, ware_up_limit,ware_down_limit,safe_day,use_way,group_name,remark,input_code, is_scattered, location, is_can_exchange,exchange_reward_point,create_user_id,update_user_id)
VALUES (uuid(), 'CEX00098', '猫多维', '5a2ba3bf-37d2-4d18-ac49-09ab7823e40d', 'DM0000000061', 'DM0000000061', '80g/支', '宠物药品', 'CEX00098', '0b02ebb8-e341-420b-9267-453610635ecd', 1, 0.00, 'CBU000000001', '宠儿香', 69.00, '是', '是', '是', 0.00, 69.00, 'DM00008', 999, 0, 0,
'使用方法(用法）：1、各个年龄阶段缺钙症状的宠物，使用本品可以快速、高效补钙；2、特殊时期（怀孕、哺乳、疾病时期等）宠物的补钙；3、软骨病、骨质疏松、产后瘫痪、骨折等疾病的支持治疗；用法用量：直接涂于宠物的鼻或嘴处舔食，也可以混合在食物中。10Kg以下的宠物每日饲喂5g(约5cm）的膏体，10Kg以上的宠物用量加倍或遵医嘱。', NULL,
'产品特点：1、专为猫设计，适口性好2、强化猫必需氨基酸、不饱和脂肪酸3、高效补充体能，提高免疫力4、低脂配方，易消化', '院长', 0.00 , '院长', NULL , 0,'34ff5c2e-6625-4d6d-ad39-d1745755b3a8','34ff5c2e-6625-4d6d-ad39-d1745755b3a8');
INSERT    into t_item_type(uuid,item_code,item_name,cate_no,package_unit,recipe_unit,item_standard,item_style,bar_code,busi_type_id,item_bulk,input_price,dealer_code,dealer_name,sell_price,is_vip_discount, is_sell,is_count,vip_sell_price,recipe_price,drug_form, ware_up_limit,ware_down_limit,safe_day,use_way,group_name,remark,input_code, is_scattered, location, is_can_exchange,exchange_reward_point,create_user_id,update_user_id)
VALUES (uuid(), 'CEX00099', '牛乳钙胶', '5a2ba3bf-37d2-4d18-ac49-09ab7823e40d', 'DM0000000061', 'DM0000000061', '145g/支', '宠物药品', 'CEX00099', '0b02ebb8-e341-420b-9267-453610635ecd', 1, 0.00, 'CBU000000001', '宠儿香', 99.00, '是', '是', '是', 0.00, 99.00, 'DM00008', 999, 0, 0,
'使用方法(用法）：1、各个年龄阶段缺钙症状的宠物，使用本品可以快速、高效补钙；2、特殊时期（怀孕、哺乳、疾病时期等）宠物的补钙；3、软骨病、骨质疏松、产后瘫痪、骨折等疾病的支持治疗；用法用量：直接涂于宠物的鼻或嘴处舔食，也可以混合在食物中。10Kg以下的宠物每日饲喂5g(约5cm）的膏体，10Kg以上的宠物用量加倍或遵医嘱。', NULL,
'产品特点：1、天然黄金钙源—牛乳钙2、生物利用率高3、含CPP、维生素D等，促进钙吸收4、钙磷同补，补钙效果更明显', '院长', 0.00 , '院长', NULL, 0,'34ff5c2e-6625-4d6d-ad39-d1745755b3a8','34ff5c2e-6625-4d6d-ad39-d1745755b3a8');
INSERT    into t_item_type(uuid,item_code,item_name,cate_no,package_unit,recipe_unit,item_standard,item_style,bar_code,busi_type_id,item_bulk,input_price,dealer_code,dealer_name,sell_price,is_vip_discount, is_sell,is_count,vip_sell_price,recipe_price,drug_form, ware_up_limit,ware_down_limit,safe_day,use_way,group_name,remark,input_code, is_scattered, location, is_can_exchange,exchange_reward_point,create_user_id,update_user_id)
VALUES (uuid(), 'CEX00100', '生血宝', '5a2ba3bf-37d2-4d18-ac49-09ab7823e40d', 'DM0000000061', 'DM0000000061', '80g/支', '宠物药品', 'CEX00100', '0b02ebb8-e341-420b-9267-453610635ecd', 1, 0.00, 'CBU000000001', '宠儿香', 78.00, '是', '是', '是', 0.00, 78.00, 'DM00008', 999, 0, 0,
'使用方法(用法）：1、营养性贫血或者铁吸收不良引起的贫血，可直接使用本品防治；2、其他类型的贫血（失血性贫血、溶血性贫血、造血功能障碍、肾性贫血等），可以使用本品做配合治疗；3、特殊情况（术后、妊娠、哺乳、幼年、老年等）引起的贫血症状；用法用量：直接涂于宠物的鼻或嘴处舔食，也可以混合在食物中。体重10Kg以下的宠物每日饲喂5g(约5cm）的膏体，10Kg以上的宠物用量加倍或遵医嘱。', '',
'产品特点：1、生物铁源—吸收率高，不刺激肠胃2、补铁、造血双重功能3、富含多种血液营养素', '院长', 0.00 , '院长', NULL , 0,'34ff5c2e-6625-4d6d-ad39-d1745755b3a8','34ff5c2e-6625-4d6d-ad39-d1745755b3a8');
INSERT    into t_item_type(uuid,item_code,item_name,cate_no,package_unit,recipe_unit,item_standard,item_style,bar_code,busi_type_id,item_bulk,input_price,dealer_code,dealer_name,sell_price,is_vip_discount, is_sell,is_count,vip_sell_price,recipe_price,drug_form, ware_up_limit,ware_down_limit,safe_day,use_way,group_name,remark,input_code, is_scattered, location, is_can_exchange,exchange_reward_point,create_user_id,update_user_id)
VALUES (uuid(), 'CEX00101', '生元康', '5a2ba3bf-37d2-4d18-ac49-09ab7823e40d', 'DM0000000061', 'DM0000000061', '80g/支', '宠物药品', 'CEX00101','0b02ebb8-e341-420b-9267-453610635ecd', 1, 0.00, 'CBU000000001', '宠儿香', 69.00, '是', '是', '是', 0.00, 69.00, 'DM00008', 999, 0, 0,
'使用方法(用法）：1、溃疡（皮肤黏膜、口腔等），术后伤口等，使用本品可以促进愈合；2、坏血病，氧化损伤疾病（退行性病变、脏器损伤等），使用本品可做配合治疗；3、比赛犬、大量运动的犬，使用本品可以迅速恢复体能；4、皮肤疾病的宠物，可保证皮肤黏膜的完整性，缓解红肿、瘙痒症状；5、铁吸收不良，免疫力低下，衰老的的宠物，可直接使用本产品；用法用量：直接涂于宠物的鼻或嘴处舔食，也可以混合在食物中饲喂。10Kg以下宠物每日饲喂5g(约5cm）的膏体，10Kg以上宠物用量加倍或遵医嘱，本品不含任何激素，长期服用无副作用。', NULL,
'产品特点：1、高效抗氧化组方，延缓衰老2、高稳定性维生素C抗氧化因子3、加速代谢，促进伤口愈合', '院长', 0.00 , '院长', NULL , 0,'34ff5c2e-6625-4d6d-ad39-d1745755b3a8','34ff5c2e-6625-4d6d-ad39-d1745755b3a8');
INSERT    into t_item_type(uuid,item_code,item_name,cate_no,package_unit,recipe_unit,item_standard,item_style,bar_code,busi_type_id,item_bulk,input_price,dealer_code,dealer_name,sell_price,is_vip_discount, is_sell,is_count,vip_sell_price,recipe_price,drug_form, ware_up_limit,ware_down_limit,safe_day,use_way,group_name,remark,input_code, is_scattered, location, is_can_exchange,exchange_reward_point,create_user_id,update_user_id)
VALUES (uuid(), 'CEX00102', '糖适康', '5a2ba3bf-37d2-4d18-ac49-09ab7823e40d', 'DM0000000061', 'DM0000000061', '80g/支', '宠物药品', 'CEX00102', '0b02ebb8-e341-420b-9267-453610635ecd', 1, 0.00, 'CBU000000001', '宠儿香', 69.00, '是', '是', '是', 0.00, 69.00, 'DM00008', 999, 0, 0,
'使用方法（用法）:1、Ⅰ型糖尿病的宠物，可以配合胰岛素使用，降低胰岛素使用量和频率；2、Ⅱ型糖尿病可以直接使用或者配合降糖药使用，抑制餐后血糖升高；3、应激性血糖升高的宠物，可以直接使用，预防皮肤伤口溃烂不易愈合；4、肥胖犬猫，可以直接使用，降低胆固醇、甘油三酯等，预防三高症；用法用量: 请于喂食前饲喂，可直接涂于宠物的鼻或嘴处供其舔食。10Kg以下宠物每日饲喂5g(约5cm）的膏体，10Kg以上宠物用量加倍。以上是推荐用量，具体可酌情使用或遵医嘱。', NULL,
'产品特点：1、抑制餐后血糖升高2、修复胰岛损伤3、调节血糖代谢4、控制血脂', '院长', 0.00 , '院长', NULL , 0,'34ff5c2e-6625-4d6d-ad39-d1745755b3a8','34ff5c2e-6625-4d6d-ad39-d1745755b3a8');
INSERT    into t_item_type(uuid,item_code,item_name,cate_no,package_unit,recipe_unit,item_standard,item_style,bar_code,busi_type_id,item_bulk,input_price,dealer_code,dealer_name,sell_price,is_vip_discount, is_sell,is_count,vip_sell_price,recipe_price,drug_form, ware_up_limit,ware_down_limit,safe_day,use_way,group_name,remark,input_code, is_scattered, location, is_can_exchange,exchange_reward_point,create_user_id,update_user_id)
VALUES (uuid(), 'CEX00103', '维生素AD', '5a2ba3bf-37d2-4d18-ac49-09ab7823e40d', 'DM0000000061', 'DM0000000061', '80g/支', '宠物药品', 'CEX00103', '0b02ebb8-e341-420b-9267-453610635ecd', 1, 0.00, 'CBU000000001', '宠儿香', 48.00, '是', '是', '是', 0.00, 48.00, 'DM00008', 999, 0, 0,
'使用方法（用法）:1、促进钙的吸收，防治佝偻病、骨质疏松症、软骨病等；2、促进软骨再生，促进骨骼更新，强骨健齿；3、配合补钙产品使用，可以增强补钙产品补钙效果；4、维生素A缺乏引起的视力减退，角膜软化、变厚等眼病；5、皮肤干燥、皮肤角化不全，呼吸道、消化道黏膜反复感染等症状； 用法用量：直接涂于宠物的鼻或嘴处供其舔食，也可混合在食物中。10Kg以下宠物每日饲喂5g(约5cm）的膏体，10Kg以上宠物用量加倍或遵医嘱。', NULL,
'产品特点：1、促进无机钙的吸收2、提高视觉功能3、保持黏膜的完整性', '院长',0.00 , '院长', NULL , 0,'34ff5c2e-6625-4d6d-ad39-d1745755b3a8','34ff5c2e-6625-4d6d-ad39-d1745755b3a8');
INSERT    into t_item_type(uuid,item_code,item_name,cate_no,package_unit,recipe_unit,item_standard,item_style,bar_code,busi_type_id,item_bulk,input_price,dealer_code,dealer_name,sell_price,is_vip_discount, is_sell,is_count,vip_sell_price,recipe_price,drug_form, ware_up_limit,ware_down_limit,safe_day,use_way,group_name,remark,input_code, is_scattered, location, is_can_exchange,exchange_reward_point,create_user_id,update_user_id)
VALUES (uuid(), 'CEX00104', '保肤康', '5a2ba3bf-37d2-4d18-ac49-09ab7823e40d', 'DM00014', 'DM00053', '800mg/粒 10粒/盒 60粒/瓶', '宠物药品', 'CEX00104', '0b02ebb8-e341-420b-9267-453610635ecd', 60, 0.00, 'CBU000000001', '宠儿香', 180.00, '是', '是', '是', 0.00, 3.00, 'DM00008', 999, 0, 0,
'使用方法（用法）:1、用于各种原因引起皮肤病的支持治疗，提高皮肤黏膜屏障，提高治愈率，降低复发率；2、本产品含有中药止痒成分，可以缓解皮肤瘙痒症状；3、针对鳞屑、溃疡糜烂、红疹、角化异常等症状，配合治疗，效果显著；4、脱毛、毛色不良、皮屑增多、干燥等症状，直接使用本品，效果显著；产品用法：直接饲喂或将胶囊刺破混入食物中喂食。产品用量：体重10公斤以下宠物每天1粒，10公斤以上宠物按每10公斤1粒比例增加饲喂量，最高可增至4粒。以上是建议用量。具体使用请遵医嘱。', NULL,
'产品特点：1、富含不饱和脂肪酸2、添加了中药止痒成分—三萜皂苷3、含丰富皮肤营养素4、修复皮肤损伤', '院长', 0.00 , '院长', NULL , 0,'34ff5c2e-6625-4d6d-ad39-d1745755b3a8','34ff5c2e-6625-4d6d-ad39-d1745755b3a8');
INSERT    into t_item_type(uuid,item_code,item_name,cate_no,package_unit,recipe_unit,item_standard,item_style,bar_code,busi_type_id,item_bulk,input_price,dealer_code,dealer_name,sell_price,is_vip_discount, is_sell,is_count,vip_sell_price,recipe_price,drug_form, ware_up_limit,ware_down_limit,safe_day,use_way,group_name,remark,input_code, is_scattered, location, is_can_exchange,exchange_reward_point,create_user_id,update_user_id)
VALUES (uuid(), 'CEX00105', '肝舒宝', '5a2ba3bf-37d2-4d18-ac49-09ab7823e40d', 'DM00038', 'DM00053', '500mg/粒 20粒/盒', '宠物药品', 'CEX00105', '0b02ebb8-e341-420b-9267-453610635ecd', 20, 0.00, 'CBU000000001', '宠儿香', 95.00, '是', '是', '是', 0.00, 4.75, 'DM00008', 999, 0, 0,
'使用方法（用法）:1、修复再生肝细胞，对于急慢性肝炎、肝损伤、肝功能异常等，可直接使用本品；2、清除氧自由基，阻止脂质过氧化，对于中毒或长期用药的宠物，预防肝细胞损伤产生的病变；3、调节胆汁分泌，支持治疗胆管炎、胆石症以及肝脏或胆囊手术性疾病；产品用法: 可直接饲喂或刺破胶囊将内容物混入食物中喂食。  产品用量：可直接饲喂或刺破胶囊将内容物混入食物中喂食。', NULL,
'产品特点：1、保护肝细胞膜2、修复与再生肝细胞3、解毒，无毒副作用', '院长', 0.00 , '院长', NULL, 0, '34ff5c2e-6625-4d6d-ad39-d1745755b3a8','34ff5c2e-6625-4d6d-ad39-d1745755b3a8');
INSERT    into t_item_type(uuid,item_code,item_name,cate_no,package_unit,recipe_unit,item_standard,item_style,bar_code,busi_type_id,item_bulk,input_price,dealer_code,dealer_name,sell_price,is_vip_discount, is_sell,is_count,vip_sell_price,recipe_price,drug_form, ware_up_limit,ware_down_limit,safe_day,use_way,group_name,remark,input_code, is_scattered, location, is_can_exchange,exchange_reward_point,create_user_id,update_user_id)
VALUES (uuid(), 'CEX00106', '内舒安', '5a2ba3bf-37d2-4d18-ac49-09ab7823e40d', 'DM0000000061', 'DM0000000061', '80g/支', '宠物药品', 'CEX00106', '0b02ebb8-e341-420b-9267-453610635ecd', 1, 0.00, 'CBU000000001', '宠儿香', 66.00, '是', '是', '是', 0.00, 66.00, 'DM00008', 999, 0, 0,
'使用方法（用法）:1、用于因梳理毛发产生的毛球，造成呕吐、食欲不振、便秘等症状的宠物；2、宠物便秘，使用本品可起到润肠通便的作用；3、宠物误食异物，使用本品可促进异物通过肠道排出；用法用量: 直接涂于猫的鼻或嘴处舔食，也可以混合在食物中。体重3Kg以下的猫每日饲喂5g(约6.5cm）的膏体，体重3Kg以上的猫用量加倍或遵医嘱。长期服用无副作用。', NULL,
'产品特点：1、天然纤维核，促毛成球2、作用温和，不刺激肠胃', '院长', 0.00 , '院长',NULL , 0,'34ff5c2e-6625-4d6d-ad39-d1745755b3a8','34ff5c2e-6625-4d6d-ad39-d1745755b3a8');
INSERT    into t_item_type(uuid,item_code,item_name,cate_no,package_unit,recipe_unit,item_standard,item_style,bar_code,busi_type_id,item_bulk,input_price,dealer_code,dealer_name,sell_price,is_vip_discount, is_sell,is_count,vip_sell_price,recipe_price,drug_form, ware_up_limit,ware_down_limit,safe_day,use_way,group_name,remark,input_code, is_scattered, location, is_can_exchange,exchange_reward_point,create_user_id,update_user_id)
VALUES (uuid(), 'CEX00107', '尿石净', '5a2ba3bf-37d2-4d18-ac49-09ab7823e40d', 'DM0000000061', 'DM0000000061', '80g/支', '宠物药品', 'CEX00107', '0b02ebb8-e341-420b-9267-453610635ecd', 1, 0.00, 'CBU000000001', '宠儿香', 76.00, '是', '是', '是', 0.00, 76.00, 'DM00008', 999, 0, 0,
'使用方法（用法）:1、犬猫早期草酸钙、磷酸钙类结，可以直接使用，有利于晶体的提早排出；2、犬猫鸟粪石结石类型，可以配合酸化剂使用，提高治愈率；3、手术治疗后的结石病例，可以直接使用，预防结石病的复发；用法用量：直接涂于宠物的鼻或嘴处舔食，也可混合在食物中饲喂。体重10Kg以下的犬每次饲喂5g(约5cm）的膏体，10Kg以上的犬用量加倍或遵医嘱。成年猫每次饲喂5g(约5cm）的膏体，小猫减少用量或遵医嘱。每天2-3次；保健用量，每天1次。使用本产品期间，保证宠物有充足的饮水。', NULL,
'产品特点：1、包裹结石晶体，抑制晶体生成2、润滑结石晶体，促进晶体排出', '院长', 0.00 , '院长', NULL , 0,'34ff5c2e-6625-4d6d-ad39-d1745755b3a8','34ff5c2e-6625-4d6d-ad39-d1745755b3a8');
INSERT    into t_item_type(uuid,item_code,item_name,cate_no,package_unit,recipe_unit,item_standard,item_style,bar_code,busi_type_id,item_bulk,input_price,dealer_code,dealer_name,sell_price,is_vip_discount, is_sell,is_count,vip_sell_price,recipe_price,drug_form, ware_up_limit,ware_down_limit,safe_day,use_way,group_name,remark,input_code, is_scattered, location, is_can_exchange,exchange_reward_point,create_user_id,update_user_id)
VALUES (uuid(), 'CEX00108', '关节保', '5a2ba3bf-37d2-4d18-ac49-09ab7823e40d', 'DM0000000061', 'DM0000000061', '130g/支', '宠物药品', 'CEX00108', '0b02ebb8-e341-420b-9267-453610635ecd', 1, 0.00, 'CBU000000001', '宠儿香', 88.00, '是', '是', '是', 0.00, 88.00, 'DM00008', 999, 0, 0,
'使用方法（用法）:1、患有关节疾病宠物的保守治疗，使用本品可以缓解症状，控制疾病的发展；2、患有关节疾病宠物的手术治疗，使用本品可以促进术后恢复，防止复发；3、老年宠物，使用本品可防止关节老化，预防关节组织损伤4、幼年宠物特别是先天性关节疾病常发品种的宠物，使用本品可降低关节疾病的发生率；用法用量：直接涂于宠物的鼻或嘴处舔食，也可混合在食物中使用。体重10Kg以下的犬每次饲喂5g(约5cm）的膏体，10Kg以上的犬用量加倍或遵医嘱。成年猫每次饲喂5g(约5cm）的膏体，小猫减少用量或尊医嘱。每天2次，使用4-6周；保健用量：每天1次，可长期使用。', NULL,
'产品特点：1、修复、再生软骨细胞2、增强骨骼韧性3、合成关节液、保证关节润滑', '院长', 0.00 , '院长', NULL , 0, '34ff5c2e-6625-4d6d-ad39-d1745755b3a8','34ff5c2e-6625-4d6d-ad39-d1745755b3a8');
INSERT    into t_item_type(uuid,item_code,item_name,cate_no,package_unit,recipe_unit,item_standard,item_style,bar_code,busi_type_id,item_bulk,input_price,dealer_code,dealer_name,sell_price,is_vip_discount, is_sell,is_count,vip_sell_price,recipe_price,drug_form, ware_up_limit,ware_down_limit,safe_day,use_way,group_name,remark,input_code, is_scattered, location, is_can_exchange,exchange_reward_point,create_user_id,update_user_id)
VALUES (uuid(), 'CEX00109', '免疫多糖', '5a2ba3bf-37d2-4d18-ac49-09ab7823e40d', 'DM0000000061', 'DM0000000061', '80g/支', '宠物药品', 'CEX00109', '0b02ebb8-e341-420b-9267-453610635ecd', 1, 0.00, 'CBU000000001', '宠儿香', 78.00, '是', '是', '是', 0.00, 78.00, 'DM00008', 999, 0, 0,
'使用方法（用法）:1、患有病毒性疾病的宠物，可以辅助治理，提高疾病治愈率，缩短治疗周期；2、患有肿瘤疾病的宠物，可抑制肿瘤生长，延缓疾病的发展；3、疫苗接种前后的宠物，使用本品可以提高疫苗免疫效果，预防副反应的发生；4、体弱多病，免疫力低下的宠物，可以增强体质，预防疾病的发生；5、顽固性皮肤病以及其他免疫抑制性疾病，配合使用本品，可提高治疗效果；用法用量：直接涂于宠物的鼻或嘴处舔食，也可以混合在食物中。体重10Kg以下的宠物每日饲喂5g(约5cm）的膏体，体重10Kg以上的宠物用量加倍或遵医嘱。', NULL,
'产品特点：1、复合多糖，专利技术2、增强机体免疫功能3、口服膏体制剂，安全、方便', '院长', 0.00 , '院长', NULL , 0, '34ff5c2e-6625-4d6d-ad39-d1745755b3a8','34ff5c2e-6625-4d6d-ad39-d1745755b3a8');
INSERT    into t_item_type(uuid,item_code,item_name,cate_no,package_unit,recipe_unit,item_standard,item_style,bar_code,busi_type_id,item_bulk,input_price,dealer_code,dealer_name,sell_price,is_vip_discount, is_sell,is_count,vip_sell_price,recipe_price,drug_form, ware_up_limit,ware_down_limit,safe_day,use_way,group_name,remark,input_code, is_scattered, location, is_can_exchange,exchange_reward_point,create_user_id,update_user_id)
VALUES (uuid(), 'CEX00110', '优繁素', '5a2ba3bf-37d2-4d18-ac49-09ab7823e40d', 'DM00038', 'DM00041', '5g*24袋/盒', '宠物药品', 'CEX00110', '0b02ebb8-e341-420b-9267-453610635ecd', 24, 0.00, 'CBU000000001', '宠儿香', 95.00, '是', '是', '是', 0.00, 3.96, 'DM00008', 999, 0, 0,
'使用方法（用法）:1、用于繁殖能力弱，卵巢机能下降，发情周期异常，受孕率低，胚胎发育异常及出现死胎等病症的雌性宠物。2、用于性能力减弱，睾丸、附睾及副性腺重量减轻，精液量不足，精子畸形，活力下降等病症的雄性宠物。3、用于肌营养不良症（硒－维生素E缺乏症）；营养性肝病（肝营养不良）。4、对于内分泌紊乱，肝损伤的宠物，可以使用本品支持治疗；产品用法：可溶于约100ml水中直接饮用；拌入食物饲喂或自行舔食。产品用量：每天服用1次，每次1袋；体重10公斤以上宠物每天2次，每次1袋', NULL,
'产品特点：1、营养手段调节内分泌，促进繁育；2、雌雄均可使用，调节繁育性能；3、无激素添加，无毒副作用；', '院长', 0.00 , '院长', NULL , 0,'34ff5c2e-6625-4d6d-ad39-d1745755b3a8','34ff5c2e-6625-4d6d-ad39-d1745755b3a8');
INSERT    into t_item_type(uuid,item_code,item_name,cate_no,package_unit,recipe_unit,item_standard,item_style,bar_code,busi_type_id,item_bulk,input_price,dealer_code,dealer_name,sell_price,is_vip_discount, is_sell,is_count,vip_sell_price,recipe_price,drug_form, ware_up_limit,ware_down_limit,safe_day,use_way,group_name,remark,input_code, is_scattered, location, is_can_exchange,exchange_reward_point,create_user_id,update_user_id)
VALUES (uuid(), 'CEX00111', '发育素', '5a2ba3bf-37d2-4d18-ac49-09ab7823e40d', 'DM00038', 'DM00041', '5g*24袋/盒', '宠物药品', 'CEX00111', '0b02ebb8-e341-420b-9267-453610635ecd', 24, 0.00, 'CBU000000001', '宠儿香', 78.00, '是', '是', '是', 0.00, 3.25, 'DM00008', 999, 0, 0,
'使用方法（用法）:1、发育迟缓、胃肠功能弱的幼宠，使用本品可促进成长，健全胃肠消化系统；2、食欲不振，厌食、挑食的宠物，使用本品可促进进食和消化；3、离乳期的宠物，使用本品可以平稳过渡，预防断奶应激不适症状的发生用法用量：可拌入食物中喂养，也可溶于水中或奶中饮用。断奶期宠物，每天服用2次，每次半袋。成长期宠物，体重2Kg以下每天服用1次，每次半袋；体重2-10Kg每天服用1次，每次1袋；体重10Kg以上宠物，用量需加倍。成年宠物保健，每周服用2次，每次1袋。特殊情况使用请遵医嘱。', NULL,
'产品特点：1、补充营养，促进幼宠的成长发育；2、补充和激活消化酶，促进消化与吸收；3、科学比配，改善肠胃功能，增强食欲；', '院长', 0.00 , '院长', NULL , 0,'34ff5c2e-6625-4d6d-ad39-d1745755b3a8','34ff5c2e-6625-4d6d-ad39-d1745755b3a8');
INSERT    into t_item_type(uuid,item_code,item_name,cate_no,package_unit,recipe_unit,item_standard,item_style,bar_code,busi_type_id,item_bulk,input_price,dealer_code,dealer_name,sell_price,is_vip_discount, is_sell,is_count,vip_sell_price,recipe_price,drug_form, ware_up_limit,ware_down_limit,safe_day,use_way,group_name,remark,input_code, is_scattered, location, is_can_exchange,exchange_reward_point,create_user_id,update_user_id)
VALUES (uuid(), 'CEX00112', '眼舒净', '5a2ba3bf-37d2-4d18-ac49-09ab7823e40d', 'DM00014', 'DM00014', '10ml/瓶', '宠物药品', 'CEX00112', '0b02ebb8-e341-420b-9267-453610635ecd', 1, 0.00, 'CBU000000001', '宠儿香', 35.00, '是', '是', '是', 0.00, 35.00, 'DM00008', 999, 0, 0,
'使用方法（用法）:1、病毒（犬瘟热病毒、腺病毒、猫疱疹病毒等）性疾病引起的眼部症状，可直接使用本品，广谱抗病毒，有效缓解症状；2、轻度细菌感染引起的眼部症状，可直接使用本品，严重感染需配合其他抗菌素使用；3、顽固性眼部疾病，使用本品可调节免疫系统，作为支持治疗，提高治愈率； 用法用量：药物滴入眼内，一天3～5次， 一次2～3滴。', NULL,
'产品特点：1、专利抗病毒成分，广谱抗病毒；2、广谱杀菌；3、低毒性、刺激性弱', '院长', 0.00 , '院长', NULL , 0, '34ff5c2e-6625-4d6d-ad39-d1745755b3a8','34ff5c2e-6625-4d6d-ad39-d1745755b3a8');
INSERT    into t_item_type(uuid,item_code,item_name,cate_no,package_unit,recipe_unit,item_standard,item_style,bar_code,busi_type_id,item_bulk,input_price,dealer_code,dealer_name,sell_price,is_vip_discount, is_sell,is_count,vip_sell_price,recipe_price,drug_form, ware_up_limit,ware_down_limit,safe_day,use_way,group_name,remark,input_code, is_scattered, location, is_can_exchange,exchange_reward_point,create_user_id,update_user_id)
VALUES (uuid(), 'CEX00113', '眼美净', '5a2ba3bf-37d2-4d18-ac49-09ab7823e40d', 'DM00014', 'DM00014', '10ml/瓶', '宠物药品', 'CEX00113', '0b02ebb8-e341-420b-9267-453610635ecd', 1, 0.00, 'CBU000000001', '宠儿香', 35.00, '是', '是', '是', 0.00, 35.00, 'DM00008', 999, 0, 0,
'使用方法（用法）:1、用于病毒、细菌感染引起的分泌物增症，防治其产生的泪痕；2、对于炎性分泌物堵塞鼻泪管的情况，有一定疏通鼻泪管的作用；3、眼干、眼涩等不适症状的宠物，使用本品可改善眼部微循环，提高抗感染能力；用法用量：用无菌棉球蘸凉开水（或2%硼酸）对宠物由眼内角向外轻轻擦拭干净，然后将药物滴入眼内，用手使患犬（猫）闭目片刻，1-2滴/次，2-3次/天，或遵医嘱。', NULL,
'产品特点：1、广谱抗病毒、杀菌，控制眼睛分泌物；2、增强角膜自我修复功能，促进感光细胞分化和发育；3、含丰富营养素，改善的眼部微循环营养素，提高抗感染能力；', '院长', 0.00 , '院长', NULL , 0, '34ff5c2e-6625-4d6d-ad39-d1745755b3a8','34ff5c2e-6625-4d6d-ad39-d1745755b3a8');
INSERT    into t_item_type(uuid,item_code,item_name,cate_no,package_unit,recipe_unit,item_standard,item_style,bar_code,busi_type_id,item_bulk,input_price,dealer_code,dealer_name,sell_price,is_vip_discount, is_sell,is_count,vip_sell_price,recipe_price,drug_form, ware_up_limit,ware_down_limit,safe_day,use_way,group_name,remark,input_code, is_scattered, location, is_can_exchange,exchange_reward_point,create_user_id,update_user_id)
VALUES (uuid(), 'CEX00114', '咳喘平', '5a2ba3bf-37d2-4d18-ac49-09ab7823e40d', 'DM00014', 'DM00014', '10ml/瓶', '宠物药品', 'CEX00114', '0b02ebb8-e341-420b-9267-453610635ecd', 1, 0.00, 'CBU000000001', '宠儿香', 68.00, '是', '是', '是', 0.00, 68.00, 'DM00008', 999, 0, 0,
'使用方法（用法）:1、针对病毒引起的咽炎、急慢性支气管炎、肺炎等呼吸系统疾病，无继发感染或炎症现象，可直接使用本品；2、针对过敏性支气管炎、咽炎等引起的咳嗽、哮喘，可直接使用本品；3、针对犬瘟热、犬窝咳、猫鼻支等病毒性呼吸道疾病，初期可直接使用本品，若出现继发感染，可按医嘱结合抗生素进行治疗；4、在病毒性疾病高发期，可按医嘱直接使用本品以预防交叉感染。用法用量：1、针对过敏性支气管炎、咽炎等引起的咳嗽、哮喘，可直接使用本品；2、针对病毒引起的咽炎、急慢性支气管炎、肺炎等，临床表现为咳嗽、哮喘，且无继发感染或炎症现象，可直接使用本品；3、针对犬猫瘟热、犬窝咳等病毒性呼吸道疾病，初期可直接使用本品，若出现继发感染，可按医嘱结合抗生素进行治疗；4、在病毒性疾病高发期，可按医嘱直接使用本品以预防交叉感染。用量：将药物喷入口中，按下表推荐剂量使用；或遵医嘱。体重范围①＜3kg 1喷/次，2～3次/天②3kg～6kg  2喷/次，3～4次/天  ③＞6kg  2～3喷/次，4～5次/天', NULL,
'产品特点：1、快速祛痰，镇咳平喘；2、广谱抗病毒，缓解症状；', '院长', 0.00 , '院长', NULL , 0,'34ff5c2e-6625-4d6d-ad39-d1745755b3a8','34ff5c2e-6625-4d6d-ad39-d1745755b3a8');
INSERT    into t_item_type(uuid,item_code,item_name,cate_no,package_unit,recipe_unit,item_standard,item_style,bar_code,busi_type_id,item_bulk,input_price,dealer_code,dealer_name,sell_price,is_vip_discount, is_sell,is_count,vip_sell_price,recipe_price,drug_form, ware_up_limit,ware_down_limit,safe_day,use_way,group_name,remark,input_code, is_scattered, location, is_can_exchange,exchange_reward_point,create_user_id,update_user_id)
VALUES (uuid(), 'CEX00115', '卫眼明', '5a2ba3bf-37d2-4d18-ac49-09ab7823e40d', 'DM00014', 'DM00014', '10ml/瓶', '宠物药品', 'CEX00115', '0b02ebb8-e341-420b-9267-453610635ecd', 1, 0.00, 'CBU000000001', '宠儿香', 69.00, '是', '是', '是', 0.00, 69.00, 'DM00008', 999, 0, 0,
'使用方法（用法）:1、宠物早期白内障，使用本品可以早期干预治疗，缓解白内障发展；2、糖尿病性白内障宠物，使用本品可以抑制晶状体蛋白变性；3、白内障手术治疗的宠物，使用本品可以有助于术后快速恢复；用法用量：药物滴入眼结膜内，一天3～4次，一次2～3滴', NULL,
'产品特点：1、早期白内障的干预治疗；2、抑制晶状体蛋白变性；3、高效抗氧化，保护角膜；', '院长', 0.00 , '院长',NULL , 0,'34ff5c2e-6625-4d6d-ad39-d1745755b3a8','34ff5c2e-6625-4d6d-ad39-d1745755b3a8');
INSERT    into t_item_type(uuid,item_code,item_name,cate_no,package_unit,recipe_unit,item_standard,item_style,bar_code,busi_type_id,item_bulk,input_price,dealer_code,dealer_name,sell_price,is_vip_discount, is_sell,is_count,vip_sell_price,recipe_price,drug_form, ware_up_limit,ware_down_limit,safe_day,use_way,group_name,remark,input_code, is_scattered, location, is_can_exchange,exchange_reward_point,create_user_id,update_user_id)
VALUES (uuid(), 'CEX00116', '溶菌宁', '5a2ba3bf-37d2-4d18-ac49-09ab7823e40d', 'DM00014', 'DM00014', '25ml/瓶', '宠物药品', 'CEX00116', '0b02ebb8-e341-420b-9267-453610635ecd', 1, 0.00, 'CBU000000001', '宠儿香', 49.00, '是', '是', '是', 0.00, 49.00, 'DM00008', 999, 0, 0,
'使用方法（用法）:1、皮肤伤口（外伤、术创等）、溃疡面等，直接使用本品，抗感染，促进愈合；2、细菌（含耐药菌株）、部分真菌感染引起的宠物皮肤病、外耳炎等，配合使用本品可抗感染；3、其他感染性疾病（脓皮症、口角炎等）的支持治疗，广谱高效杀菌；用法用量：1、细菌、真菌感染引起的犬、猫皮肤病：均匀喷于患处，以充分湿润患处为宜，2-3次/天，或遵医嘱。2、犬、猫外耳炎：喷在耳内，然后用手捂住耳朵，轻柔数次后松开，使液体均匀分布于耳道，2-3次/日，1-2喷/次，或遵医嘱。3、犬、猫口腔溃疡：喷于溃疡处，4-5次/天，1-2喷/次。4、犬、猫皮肤刮伤、擦伤等创面的杀菌消炎：先用0.9%的无菌生理盐水将创面洗净，然后喷于创面，2-3次/天，或遵医嘱。5、手术后伤口表面的护理：喷于伤口表面，2-3次/天，或遵医嘱。', NULL,
'产品特点：1、基因工程溶菌酶，广谱杀菌；2、天然相容性，无刺激性、无毒性；3、抗菌活性稳定，无耐药性', '院长', 0.00 , '院长', NULL , 0,'34ff5c2e-6625-4d6d-ad39-d1745755b3a8','34ff5c2e-6625-4d6d-ad39-d1745755b3a8');
---t_item_type---

---t_gest_level---
INSERT into t_gest_level (uuid,level_code,level_name,is_credit,is_discount,discount_rate, remark, create_user_id,update_user_id) VALUES (uuid(), 'HYDJ000000001', '普通会员', '否', '否', 100.00, NULL, '34ff5c2e-6625-4d6d-ad39-d1745755b3a8','34ff5c2e-6625-4d6d-ad39-d1745755b3a8');
INSERT into t_gest_level (uuid,level_code,level_name,is_credit,is_discount,discount_rate, remark, create_user_id,update_user_id) VALUES (uuid(), 'HYDJ000000002', '银卡会员', '否', '是', 95.00, NULL, '34ff5c2e-6625-4d6d-ad39-d1745755b3a8','34ff5c2e-6625-4d6d-ad39-d1745755b3a8');
INSERT into t_gest_level (uuid,level_code,level_name,is_credit,is_discount,discount_rate, remark, create_user_id,update_user_id) VALUES (uuid(), 'HYDJ000000003', '金卡会员', '否', '是', 92.00, NULL, '34ff5c2e-6625-4d6d-ad39-d1745755b3a8','34ff5c2e-6625-4d6d-ad39-d1745755b3a8');
---t_gest_level---
----t_user_dict_detail----
INSERT into t_user_dict_detail (uuid,dict_type_id,dict_detail_code,value_name_cn,value_name_en,comments,create_user_id,update_user_id) VALUES (uuid(), 'f5ca1dcb-41e4-4553-b41e-f3eeda6d56f1', 'DM00001', '男', NULL, NULL,'34ff5c2e-6625-4d6d-ad39-d1745755b3a8','34ff5c2e-6625-4d6d-ad39-d1745755b3a8');
INSERT into t_user_dict_detail (uuid,dict_type_id,dict_detail_code,value_name_cn,value_name_en,comments,create_user_id,update_user_id) VALUES (uuid(), 'f5ca1dcb-41e4-4553-b41e-f3eeda6d56f1', 'DM00002', '女', NULL, NULL, '34ff5c2e-6625-4d6d-ad39-d1745755b3a8','34ff5c2e-6625-4d6d-ad39-d1745755b3a8');
INSERT into t_user_dict_detail (uuid,dict_type_id,dict_detail_code,value_name_cn,value_name_en,comments,create_user_id,update_user_id) VALUES (uuid(), 'f5ca1dcb-41e4-4553-b41e-f3eeda6d56f2', 'DM00003', '雄性', NULL, NULL, '34ff5c2e-6625-4d6d-ad39-d1745755b3a8','34ff5c2e-6625-4d6d-ad39-d1745755b3a8');
INSERT into t_user_dict_detail (uuid,dict_type_id,dict_detail_code,value_name_cn,value_name_en,comments,create_user_id,update_user_id) VALUES (uuid(), 'f5ca1dcb-41e4-4553-b41e-f3eeda6d56f2', 'DM00004', '雌性', NULL, NULL, '34ff5c2e-6625-4d6d-ad39-d1745755b3a8','34ff5c2e-6625-4d6d-ad39-d1745755b3a8');
INSERT into t_user_dict_detail (uuid,dict_type_id,dict_detail_code,value_name_cn,value_name_en,comments,create_user_id,update_user_id) VALUES (uuid(), 'f5ca1dcb-41e4-4553-b41e-f3eeda6d56f3', 'DM00005', '金色', NULL, NULL, '34ff5c2e-6625-4d6d-ad39-d1745755b3a8','34ff5c2e-6625-4d6d-ad39-d1745755b3a8');
INSERT into t_user_dict_detail (uuid,dict_type_id,dict_detail_code,value_name_cn,value_name_en,comments,create_user_id,update_user_id) VALUES (uuid(), 'f5ca1dcb-41e4-4553-b41e-f3eeda6d56f3', 'DM00006', '白色', NULL, NULL, '34ff5c2e-6625-4d6d-ad39-d1745755b3a8','34ff5c2e-6625-4d6d-ad39-d1745755b3a8');
INSERT into t_user_dict_detail (uuid,dict_type_id,dict_detail_code,value_name_cn,value_name_en,comments,create_user_id,update_user_id) VALUES (uuid(), 'f5ca1dcb-41e4-4553-b41e-f3eeda6d56f3', 'DM00007', '黑色', NULL, NULL, '34ff5c2e-6625-4d6d-ad39-d1745755b3a8','34ff5c2e-6625-4d6d-ad39-d1745755b3a8');
INSERT into t_user_dict_detail (uuid,dict_type_id,dict_detail_code,value_name_cn,value_name_en,comments,create_user_id,update_user_id) VALUES (uuid(), 'f5ca1dcb-41e4-4553-b41e-f3eeda6d56f4', 'DM00008', '无', NULL, NULL, '34ff5c2e-6625-4d6d-ad39-d1745755b3a8','34ff5c2e-6625-4d6d-ad39-d1745755b3a8');
INSERT into t_user_dict_detail (uuid,dict_type_id,dict_detail_code,value_name_cn,value_name_en,comments,create_user_id,update_user_id) VALUES (uuid(), 'f5ca1dcb-41e4-4553-b41e-f3eeda6d56f4', 'DM00009', '片剂', NULL, NULL, '34ff5c2e-6625-4d6d-ad39-d1745755b3a8','34ff5c2e-6625-4d6d-ad39-d1745755b3a8');
INSERT into t_user_dict_detail (uuid,dict_type_id,dict_detail_code,value_name_cn,value_name_en,comments,create_user_id,update_user_id) VALUES (uuid(), 'f5ca1dcb-41e4-4553-b41e-f3eeda6d56f4', 'DM00010', '水剂', NULL, NULL, '34ff5c2e-6625-4d6d-ad39-d1745755b3a8','34ff5c2e-6625-4d6d-ad39-d1745755b3a8');
INSERT into t_user_dict_detail (uuid,dict_type_id,dict_detail_code,value_name_cn,value_name_en,comments,create_user_id,update_user_id) VALUES (uuid(), 'f5ca1dcb-41e4-4553-b41e-f3eeda6d56f5', 'DM00011', '套', NULL, NULL, '34ff5c2e-6625-4d6d-ad39-d1745755b3a8','34ff5c2e-6625-4d6d-ad39-d1745755b3a8');
INSERT into t_user_dict_detail (uuid,dict_type_id,dict_detail_code,value_name_cn,value_name_en,comments,create_user_id,update_user_id) VALUES (uuid(), 'f5ca1dcb-41e4-4553-b41e-f3eeda6d56f5', 'DM00012', '头份', NULL, NULL, '34ff5c2e-6625-4d6d-ad39-d1745755b3a8','34ff5c2e-6625-4d6d-ad39-d1745755b3a8');
INSERT into t_user_dict_detail (uuid,dict_type_id,dict_detail_code,value_name_cn,value_name_en,comments,create_user_id,update_user_id) VALUES (uuid(), 'f5ca1dcb-41e4-4553-b41e-f3eeda6d56f5', 'DM00013', '次', NULL, NULL, '34ff5c2e-6625-4d6d-ad39-d1745755b3a8','34ff5c2e-6625-4d6d-ad39-d1745755b3a8');
INSERT into t_user_dict_detail (uuid,dict_type_id,dict_detail_code,value_name_cn,value_name_en,comments,create_user_id,update_user_id) VALUES (uuid(), 'f5ca1dcb-41e4-4553-b41e-f3eeda6d56f5', 'DM00014', '瓶', NULL, NULL, '34ff5c2e-6625-4d6d-ad39-d1745755b3a8','34ff5c2e-6625-4d6d-ad39-d1745755b3a8');
INSERT into t_user_dict_detail (uuid,dict_type_id,dict_detail_code,value_name_cn,value_name_en,comments,create_user_id,update_user_id) VALUES (uuid(), 'f5ca1dcb-41e4-4553-b41e-f3eeda6d56f5', 'DM00015', '片', NULL, NULL, '34ff5c2e-6625-4d6d-ad39-d1745755b3a8','34ff5c2e-6625-4d6d-ad39-d1745755b3a8');
INSERT into t_user_dict_detail (uuid,dict_type_id,dict_detail_code,value_name_cn,value_name_en,comments,create_user_id,update_user_id) VALUES (uuid(), 'f5ca1dcb-41e4-4553-b41e-f3eeda6d56f6', 'DM00016', '犬科', NULL, NULL, '34ff5c2e-6625-4d6d-ad39-d1745755b3a8','34ff5c2e-6625-4d6d-ad39-d1745755b3a8');
INSERT into t_user_dict_detail (uuid,dict_type_id,dict_detail_code,value_name_cn,value_name_en,comments,create_user_id,update_user_id) VALUES (uuid(), 'f5ca1dcb-41e4-4553-b41e-f3eeda6d56f6', 'DM00017', '猫科', NULL, NULL, '34ff5c2e-6625-4d6d-ad39-d1745755b3a8','34ff5c2e-6625-4d6d-ad39-d1745755b3a8');
INSERT into t_user_dict_detail (uuid,dict_type_id,dict_detail_code,value_name_cn,value_name_en,comments,create_user_id,update_user_id) VALUES (uuid(), 'f5ca1dcb-41e4-4553-b41e-f3eeda6d56f5', 'DM00018', '天', NULL, NULL, '34ff5c2e-6625-4d6d-ad39-d1745755b3a8','34ff5c2e-6625-4d6d-ad39-d1745755b3a8');
INSERT into t_user_dict_detail (uuid,dict_type_id,dict_detail_code,value_name_cn,value_name_en,comments,create_user_id,update_user_id) VALUES (uuid(), 'f5ca1dcb-41e4-4553-b41e-f3eeda6d56f5', 'DM00019', '500g', NULL, NULL, '34ff5c2e-6625-4d6d-ad39-d1745755b3a8','34ff5c2e-6625-4d6d-ad39-d1745755b3a8');
INSERT into t_user_dict_detail (uuid,dict_type_id,dict_detail_code,value_name_cn,value_name_en,comments,create_user_id,update_user_id) VALUES (uuid(), 'f5ca1dcb-41e4-4553-b41e-f3eeda6d56f8', 'DM00020', '销售', NULL, NULL, '34ff5c2e-6625-4d6d-ad39-d1745755b3a8','34ff5c2e-6625-4d6d-ad39-d1745755b3a8');
INSERT into t_user_dict_detail (uuid,dict_type_id,dict_detail_code,value_name_cn,value_name_en,comments,create_user_id,update_user_id) VALUES (uuid(), 'f5ca1dcb-41e4-4553-b41e-f3eeda6d56f8', 'DM00021', '无公害处理', NULL, NULL, '34ff5c2e-6625-4d6d-ad39-d1745755b3a8','34ff5c2e-6625-4d6d-ad39-d1745755b3a8');
INSERT into t_user_dict_detail (uuid,dict_type_id,dict_detail_code,value_name_cn,value_name_en,comments,create_user_id,update_user_id) VALUES (uuid(), 'f5ca1dcb-41e4-4553-b41e-f3eeda6d56f4', 'DM00022', '针剂', NULL, NULL, '34ff5c2e-6625-4d6d-ad39-d1745755b3a8','34ff5c2e-6625-4d6d-ad39-d1745755b3a8');
INSERT into t_user_dict_detail (uuid,dict_type_id,dict_detail_code,value_name_cn,value_name_en,comments,create_user_id,update_user_id) VALUES (uuid(), 'f5ca1dcb-41e4-4553-b41e-f3eeda6d56f7', 'DM00023', '10^9/L', NULL, NULL, '34ff5c2e-6625-4d6d-ad39-d1745755b3a8','34ff5c2e-6625-4d6d-ad39-d1745755b3a8');
INSERT into t_user_dict_detail (uuid,dict_type_id,dict_detail_code,value_name_cn,value_name_en,comments,create_user_id,update_user_id) VALUES (uuid(), 'f5ca1dcb-41e4-4553-b41e-f3eeda6d56f7', 'DM00024', '%', NULL, NULL, '34ff5c2e-6625-4d6d-ad39-d1745755b3a8','34ff5c2e-6625-4d6d-ad39-d1745755b3a8');
INSERT into t_user_dict_detail (uuid,dict_type_id,dict_detail_code,value_name_cn,value_name_en,comments,create_user_id,update_user_id) VALUES (uuid(), 'f5ca1dcb-41e4-4553-b41e-f3eeda6d56f7', 'DM00025', '10^12/L', NULL, NULL, '34ff5c2e-6625-4d6d-ad39-d1745755b3a8','34ff5c2e-6625-4d6d-ad39-d1745755b3a8');
INSERT into t_user_dict_detail (uuid,dict_type_id,dict_detail_code,value_name_cn,value_name_en,comments,create_user_id,update_user_id) VALUES (uuid(), 'f5ca1dcb-41e4-4553-b41e-f3eeda6d56f7', 'DM00026', 'g/L', NULL, NULL, '34ff5c2e-6625-4d6d-ad39-d1745755b3a8','34ff5c2e-6625-4d6d-ad39-d1745755b3a8');
INSERT into t_user_dict_detail (uuid,dict_type_id,dict_detail_code,value_name_cn,value_name_en,comments,create_user_id,update_user_id) VALUES (uuid(), 'f5ca1dcb-41e4-4553-b41e-f3eeda6d56f7', 'DM00027', 'mmol/L', NULL, NULL, '34ff5c2e-6625-4d6d-ad39-d1745755b3a8','34ff5c2e-6625-4d6d-ad39-d1745755b3a8');
INSERT into t_user_dict_detail (uuid,dict_type_id,dict_detail_code,value_name_cn,value_name_en,comments,create_user_id,update_user_id) VALUES (uuid(), 'f5ca1dcb-41e4-4553-b41e-f3eeda6d56f7', 'DM00028', 'U/L', NULL, NULL, '34ff5c2e-6625-4d6d-ad39-d1745755b3a8','34ff5c2e-6625-4d6d-ad39-d1745755b3a8');
INSERT into t_user_dict_detail (uuid,dict_type_id,dict_detail_code,value_name_cn,value_name_en,comments,create_user_id,update_user_id) VALUES (uuid(), 'f5ca1dcb-41e4-4553-b41e-f3eeda6d56f7', 'DM00029', 'umol/L', NULL, NULL, '34ff5c2e-6625-4d6d-ad39-d1745755b3a8','34ff5c2e-6625-4d6d-ad39-d1745755b3a8');
INSERT into t_user_dict_detail (uuid,dict_type_id,dict_detail_code,value_name_cn,value_name_en,comments,create_user_id,update_user_id) VALUES (uuid(), 'f5ca1dcb-41e4-4553-b41e-f3eeda6d56f5', 'DM00030', '针', NULL, NULL, '34ff5c2e-6625-4d6d-ad39-d1745755b3a8','34ff5c2e-6625-4d6d-ad39-d1745755b3a8');
INSERT into t_user_dict_detail (uuid,dict_type_id,dict_detail_code,value_name_cn,value_name_en,comments,create_user_id,update_user_id) VALUES (uuid(), 'f5ca1dcb-41e4-4553-b41e-f3eeda6d56f3', 'DM00032', '狸花色', NULL, NULL, '34ff5c2e-6625-4d6d-ad39-d1745755b3a8','34ff5c2e-6625-4d6d-ad39-d1745755b3a8');
INSERT into t_user_dict_detail (uuid,dict_type_id,dict_detail_code,value_name_cn,value_name_en,comments,create_user_id,update_user_id) VALUES (uuid(), 'f5ca1dcb-41e4-4553-b41e-f3eeda6d56f3', 'DM00033', '黑白相间', '', NULL,'34ff5c2e-6625-4d6d-ad39-d1745755b3a8','34ff5c2e-6625-4d6d-ad39-d1745755b3a8');
INSERT into t_user_dict_detail (uuid,dict_type_id,dict_detail_code,value_name_cn,value_name_en,comments,create_user_id,update_user_id) VALUES (uuid(), 'f5ca1dcb-41e4-4553-b41e-f3eeda6d56f2', 'DM00035', '其他', NULL, NULL, '34ff5c2e-6625-4d6d-ad39-d1745755b3a8','34ff5c2e-6625-4d6d-ad39-d1745755b3a8');
INSERT into t_user_dict_detail (uuid,dict_type_id,dict_detail_code,value_name_cn,value_name_en,comments,create_user_id,update_user_id) VALUES (uuid(), 'f5ca1dcb-41e4-4553-b41e-f3eeda6d56f3', 'DM00036', '杂毛', NULL, NULL, '34ff5c2e-6625-4d6d-ad39-d1745755b3a8','34ff5c2e-6625-4d6d-ad39-d1745755b3a8');
INSERT into t_user_dict_detail (uuid,dict_type_id,dict_detail_code,value_name_cn,value_name_en,comments,create_user_id,update_user_id) VALUES (uuid(), 'f5ca1dcb-41e4-4553-b41e-f3eeda6d56f5', 'DM00037', '头/份', NULL, NULL, '34ff5c2e-6625-4d6d-ad39-d1745755b3a8','34ff5c2e-6625-4d6d-ad39-d1745755b3a8');
INSERT into t_user_dict_detail (uuid,dict_type_id,dict_detail_code,value_name_cn,value_name_en,comments,create_user_id,update_user_id) VALUES (uuid(), 'f5ca1dcb-41e4-4553-b41e-f3eeda6d56f5', 'DM00038', '盒', NULL, NULL, '34ff5c2e-6625-4d6d-ad39-d1745755b3a8','34ff5c2e-6625-4d6d-ad39-d1745755b3a8');
INSERT into t_user_dict_detail (uuid,dict_type_id,dict_detail_code,value_name_cn,value_name_en,comments,create_user_id,update_user_id) VALUES (uuid(), 'f5ca1dcb-41e4-4553-b41e-f3eeda6d56f5', 'DM00041', '袋', NULL, NULL, '34ff5c2e-6625-4d6d-ad39-d1745755b3a8','34ff5c2e-6625-4d6d-ad39-d1745755b3a8');
INSERT into t_user_dict_detail (uuid,dict_type_id,dict_detail_code,value_name_cn,value_name_en,comments,create_user_id,update_user_id) VALUES (uuid(), 'f5ca1dcb-41e4-4553-b41e-f3eeda6d56f4', 'DM00039', '粉剂', NULL, NULL, '34ff5c2e-6625-4d6d-ad39-d1745755b3a8','34ff5c2e-6625-4d6d-ad39-d1745755b3a8');
INSERT into t_user_dict_detail (uuid,dict_type_id,dict_detail_code,value_name_cn,value_name_en,comments,create_user_id,update_user_id) VALUES (uuid(), 'f5ca1dcb-41e4-4553-b41e-f3eeda6d56f7', 'DM00040', 'fL', NULL, NULL, '34ff5c2e-6625-4d6d-ad39-d1745755b3a8','34ff5c2e-6625-4d6d-ad39-d1745755b3a8');
INSERT into t_user_dict_detail (uuid,dict_type_id,dict_detail_code,value_name_cn,value_name_en,comments,create_user_id,update_user_id) VALUES (uuid(), 'f5ca1dcb-41e4-4553-b41e-f3eeda6d56f7', 'DM00042', 'pg', NULL, NULL, '34ff5c2e-6625-4d6d-ad39-d1745755b3a8','34ff5c2e-6625-4d6d-ad39-d1745755b3a8');
INSERT into t_user_dict_detail (uuid,dict_type_id,dict_detail_code,value_name_cn,value_name_en,comments,create_user_id,update_user_id) VALUES (uuid(), 'f5ca1dcb-41e4-4553-b41e-f3eeda6d56f3', 'DM00043', '灰色', NULL, NULL, '34ff5c2e-6625-4d6d-ad39-d1745755b3a8','34ff5c2e-6625-4d6d-ad39-d1745755b3a8');
INSERT into t_user_dict_detail (uuid,dict_type_id,dict_detail_code,value_name_cn,value_name_en,comments,create_user_id,update_user_id) VALUES (uuid(), 'f5ca1dcb-41e4-4553-b41e-f3eeda6d56f5', 'DM00044', '个', NULL, NULL, '34ff5c2e-6625-4d6d-ad39-d1745755b3a8','34ff5c2e-6625-4d6d-ad39-d1745755b3a8');
INSERT into t_user_dict_detail (uuid,dict_type_id,dict_detail_code,value_name_cn,value_name_en,comments,create_user_id,update_user_id) VALUES (uuid(), 'f5ca1dcb-41e4-4553-b41e-f3eeda6d56f5', 'DM00045', '张', NULL, NULL, '34ff5c2e-6625-4d6d-ad39-d1745755b3a8','34ff5c2e-6625-4d6d-ad39-d1745755b3a8');
INSERT into t_user_dict_detail (uuid,dict_type_id,dict_detail_code,value_name_cn,value_name_en,comments,create_user_id,update_user_id) VALUES (uuid(), 'f5ca1dcb-41e4-4553-b41e-f3eeda6d56f4', 'DM00046', '365', NULL, NULL, '34ff5c2e-6625-4d6d-ad39-d1745755b3a8','34ff5c2e-6625-4d6d-ad39-d1745755b3a8');
INSERT into t_user_dict_detail (uuid,dict_type_id,dict_detail_code,value_name_cn,value_name_en,comments,create_user_id,update_user_id) VALUES (uuid(), 'f5ca1dcb-41e4-4553-b41e-f3eeda6d56f5', 'DM00047', '包', NULL, NULL, '34ff5c2e-6625-4d6d-ad39-d1745755b3a8','34ff5c2e-6625-4d6d-ad39-d1745755b3a8');
INSERT into t_user_dict_detail (uuid,dict_type_id,dict_detail_code,value_name_cn,value_name_en,comments,create_user_id,update_user_id) VALUES (uuid(), 'f5ca1dcb-41e4-4553-b41e-f3eeda6d56f5', 'DM00048', '只', NULL, NULL, '34ff5c2e-6625-4d6d-ad39-d1745755b3a8','34ff5c2e-6625-4d6d-ad39-d1745755b3a8');
INSERT into t_user_dict_detail (uuid,dict_type_id,dict_detail_code,value_name_cn,value_name_en,comments,create_user_id,update_user_id) VALUES (uuid(), 'f5ca1dcb-41e4-4553-b41e-f3eeda6d56f5', 'DM00049', '扎', NULL, NULL, '34ff5c2e-6625-4d6d-ad39-d1745755b3a8','34ff5c2e-6625-4d6d-ad39-d1745755b3a8');
INSERT into t_user_dict_detail (uuid,dict_type_id,dict_detail_code,value_name_cn,value_name_en,comments,create_user_id,update_user_id) VALUES (uuid(), 'f5ca1dcb-41e4-4553-b41e-f3eeda6d56f5', 'DM00050', '支', NULL, NULL, '34ff5c2e-6625-4d6d-ad39-d1745755b3a8','34ff5c2e-6625-4d6d-ad39-d1745755b3a8');
INSERT into t_user_dict_detail (uuid,dict_type_id,dict_detail_code,value_name_cn,value_name_en,comments,create_user_id,update_user_id) VALUES (uuid(), 'f5ca1dcb-41e4-4553-b41e-f3eeda6d56f4', 'DM00051', '膏剂', NULL, NULL, '34ff5c2e-6625-4d6d-ad39-d1745755b3a8','34ff5c2e-6625-4d6d-ad39-d1745755b3a8');
INSERT into t_user_dict_detail (uuid,dict_type_id,dict_detail_code,value_name_cn,value_name_en,comments,create_user_id,update_user_id) VALUES (uuid(), 'f5ca1dcb-41e4-4553-b41e-f3eeda6d56f5', 'DM00052', '付', NULL, NULL, '34ff5c2e-6625-4d6d-ad39-d1745755b3a8','34ff5c2e-6625-4d6d-ad39-d1745755b3a8');
INSERT into t_user_dict_detail (uuid,dict_type_id,dict_detail_code,value_name_cn,value_name_en,comments,create_user_id,update_user_id) VALUES (uuid(), 'f5ca1dcb-41e4-4553-b41e-f3eeda6d56f5', 'DM00053', '粒', NULL, NULL, '34ff5c2e-6625-4d6d-ad39-d1745755b3a8','34ff5c2e-6625-4d6d-ad39-d1745755b3a8');
INSERT into t_user_dict_detail (uuid,dict_type_id,dict_detail_code,value_name_cn,value_name_en,comments,create_user_id,update_user_id) VALUES (uuid(), 'f5ca1dcb-41e4-4553-b41e-f3eeda6d56f5', 'DM00054', '罐', NULL, NULL, '34ff5c2e-6625-4d6d-ad39-d1745755b3a8','34ff5c2e-6625-4d6d-ad39-d1745755b3a8');
INSERT into t_user_dict_detail (uuid,dict_type_id,dict_detail_code,value_name_cn,value_name_en,comments,create_user_id,update_user_id) VALUES (uuid(), 'f5ca1dcb-41e4-4553-b41e-f3eeda6d56f5', 'DM0000000055', '桶', NULL, NULL, '34ff5c2e-6625-4d6d-ad39-d1745755b3a8','34ff5c2e-6625-4d6d-ad39-d1745755b3a8');
INSERT into t_user_dict_detail (uuid,dict_type_id,dict_detail_code,value_name_cn,value_name_en,comments,create_user_id,update_user_id) VALUES (uuid(), 'f5ca1dcb-41e4-4553-b41e-f3eeda6d56f5', 'DM0000000056', '无', NULL, NULL, '34ff5c2e-6625-4d6d-ad39-d1745755b3a8','34ff5c2e-6625-4d6d-ad39-d1745755b3a8');
INSERT into t_user_dict_detail (uuid,dict_type_id,dict_detail_code,value_name_cn,value_name_en,comments,create_user_id,update_user_id) VALUES (uuid(), 'f5ca1dcb-41e4-4553-b41e-f3eeda6d56f5', 'DM0000000057', '板', NULL, NULL, '34ff5c2e-6625-4d6d-ad39-d1745755b3a8','34ff5c2e-6625-4d6d-ad39-d1745755b3a8');
INSERT into t_user_dict_detail (uuid,dict_type_id,dict_detail_code,value_name_cn,value_name_en,comments,create_user_id,update_user_id) VALUES (uuid(), 'f5ca1dcb-41e4-4553-b41e-f3eeda6d56f5', 'DM0000000058', '铁包金', NULL, NULL, '34ff5c2e-6625-4d6d-ad39-d1745755b3a8','34ff5c2e-6625-4d6d-ad39-d1745755b3a8');
INSERT into t_user_dict_detail (uuid,dict_type_id,dict_detail_code,value_name_cn,value_name_en,comments,create_user_id,update_user_id) VALUES (uuid(), 'f5ca1dcb-41e4-4553-b41e-f3eeda6d56f6', 'DM0000000060', '兔', NULL, NULL, '34ff5c2e-6625-4d6d-ad39-d1745755b3a8','34ff5c2e-6625-4d6d-ad39-d1745755b3a8');
INSERT into t_user_dict_detail (uuid,dict_type_id,dict_detail_code,value_name_cn,value_name_en,comments,create_user_id,update_user_id) VALUES (uuid(), 'f5ca1dcb-41e4-4553-b41e-f3eeda6d56f5', 'DM0000000061', '支', NULL, NULL, '34ff5c2e-6625-4d6d-ad39-d1745755b3a8','34ff5c2e-6625-4d6d-ad39-d1745755b3a8');
INSERT into t_user_dict_detail (uuid,dict_type_id,dict_detail_code,value_name_cn,value_name_en,comments,create_user_id,update_user_id) VALUES (uuid(), 'f5ca1dcb-41e4-4553-b41e-f3eeda6d56f6', 'DM00000', '其它', NULL, NULL, '34ff5c2e-6625-4d6d-ad39-d1745755b3a8','34ff5c2e-6625-4d6d-ad39-d1745755b3a8');
INSERT into t_user_dict_detail (uuid,dict_type_id,dict_detail_code,value_name_cn,value_name_en,comments,create_user_id,update_user_id) VALUES (uuid(), 'f5ca1dcb-41e4-4553-b41e-f3eeda6d56f9', 'DM0000000062', '点眼', NULL, NULL, '34ff5c2e-6625-4d6d-ad39-d1745755b3a8','34ff5c2e-6625-4d6d-ad39-d1745755b3a8');
INSERT into t_user_dict_detail (uuid,dict_type_id,dict_detail_code,value_name_cn,value_name_en,comments,create_user_id,update_user_id) VALUES (uuid(), 'f5ca1dcb-41e4-4553-b41e-f3eeda6d56f9', 'DM0000000063', '肌注', NULL, NULL, '34ff5c2e-6625-4d6d-ad39-d1745755b3a8','34ff5c2e-6625-4d6d-ad39-d1745755b3a8');
INSERT into t_user_dict_detail (uuid,dict_type_id,dict_detail_code,value_name_cn,value_name_en,comments,create_user_id,update_user_id) VALUES (uuid(), 'f5ca1dcb-41e4-4553-b41e-f3eeda6d56f9', 'DM0000000064', '静注', NULL, NULL, '34ff5c2e-6625-4d6d-ad39-d1745755b3a8','34ff5c2e-6625-4d6d-ad39-d1745755b3a8');
INSERT into t_user_dict_detail (uuid,dict_type_id,dict_detail_code,value_name_cn,value_name_en,comments,create_user_id,update_user_id) VALUES (uuid(), 'f5ca1dcb-41e4-4553-b41e-f3eeda6d56f9', 'DM0000000065', '皮下注射', NULL, NULL, '34ff5c2e-6625-4d6d-ad39-d1745755b3a8','34ff5c2e-6625-4d6d-ad39-d1745755b3a8');
INSERT into t_user_dict_detail (uuid,dict_type_id,dict_detail_code,value_name_cn,value_name_en,comments,create_user_id,update_user_id) VALUES (uuid(), 'f5ca1dcb-41e4-4553-b41e-f3eeda6d56f9', 'DM0000000066', '外用', NULL, NULL, '34ff5c2e-6625-4d6d-ad39-d1745755b3a8','34ff5c2e-6625-4d6d-ad39-d1745755b3a8');
INSERT into t_user_dict_detail (uuid,dict_type_id,dict_detail_code,value_name_cn,value_name_en,comments,create_user_id,update_user_id) VALUES (uuid(), 'f5ca1dcb-41e4-4553-b41e-f3eeda6d56f9', 'DM0000000067', '口服', NULL, NULL, '34ff5c2e-6625-4d6d-ad39-d1745755b3a8','34ff5c2e-6625-4d6d-ad39-d1745755b3a8');
INSERT into t_user_dict_detail (uuid,dict_type_id,dict_detail_code,value_name_cn,value_name_en,comments,create_user_id,update_user_id) VALUES (uuid(), 'f5ca1dcb-41e4-4553-b41e-f3eeda6d56f9', 'DM0000000068', '雾化给药', NULL, NULL, '34ff5c2e-6625-4d6d-ad39-d1745755b3a8','34ff5c2e-6625-4d6d-ad39-d1745755b3a8');
INSERT into t_user_dict_detail (uuid,dict_type_id,dict_detail_code,value_name_cn,value_name_en,comments,create_user_id,update_user_id) VALUES (uuid(), 'f5ca1dcb-41e4-4553-b41e-f3eeda6d56f9', 'DM0000000069', '穴位注射', NULL, NULL, '34ff5c2e-6625-4d6d-ad39-d1745755b3a8','34ff5c2e-6625-4d6d-ad39-d1745755b3a8');
INSERT into t_user_dict_detail (uuid,dict_type_id,dict_detail_code,value_name_cn,value_name_en,comments,create_user_id,update_user_id) VALUES (uuid(), 'f5ca1dcb-41e4-4553-b41e-f3eeda6d56f9', 'DM0000000070', '腹腔注射', NULL, NULL, '34ff5c2e-6625-4d6d-ad39-d1745755b3a8','34ff5c2e-6625-4d6d-ad39-d1745755b3a8');
INSERT into t_user_dict_detail (uuid,dict_type_id,dict_detail_code,value_name_cn,value_name_en,comments,create_user_id,update_user_id) VALUES (uuid(), 'f5ca1dcb-41e4-4553-b41e-f3eeda6d56f9', 'DM0000000071', '直肠灌注', NULL, NULL, '34ff5c2e-6625-4d6d-ad39-d1745755b3a8','34ff5c2e-6625-4d6d-ad39-d1745755b3a8');
INSERT into t_user_dict_detail (uuid,dict_type_id,dict_detail_code,value_name_cn,value_name_en,comments,create_user_id,update_user_id) VALUES (uuid(), 'f5ca1dcb-41e4-4553-b41e-f3eeda6d5610', 'DM0000000072', '一次/天', NULL, NULL, '34ff5c2e-6625-4d6d-ad39-d1745755b3a8','34ff5c2e-6625-4d6d-ad39-d1745755b3a8');
INSERT into t_user_dict_detail (uuid,dict_type_id,dict_detail_code,value_name_cn,value_name_en,comments,create_user_id,update_user_id) VALUES (uuid(), 'f5ca1dcb-41e4-4553-b41e-f3eeda6d5610', 'DM0000000073', '二次/天', NULL, NULL, '34ff5c2e-6625-4d6d-ad39-d1745755b3a8','34ff5c2e-6625-4d6d-ad39-d1745755b3a8');
INSERT into t_user_dict_detail (uuid,dict_type_id,dict_detail_code,value_name_cn,value_name_en,comments,create_user_id,update_user_id) VALUES (uuid(), 'f5ca1dcb-41e4-4553-b41e-f3eeda6d5610', 'DM0000000074', '三次/天', NULL, NULL, '34ff5c2e-6625-4d6d-ad39-d1745755b3a8','34ff5c2e-6625-4d6d-ad39-d1745755b3a8');
INSERT into t_user_dict_detail (uuid,dict_type_id,dict_detail_code,value_name_cn,value_name_en,comments,create_user_id,update_user_id) VALUES (uuid(), 'f5ca1dcb-41e4-4553-b41e-f3eeda6d5610', 'DM0000000075', '四次/天', NULL, NULL, '34ff5c2e-6625-4d6d-ad39-d1745755b3a8','34ff5c2e-6625-4d6d-ad39-d1745755b3a8');
INSERT into t_user_dict_detail (uuid,dict_type_id,dict_detail_code,value_name_cn,value_name_en,comments,create_user_id,update_user_id) VALUES (uuid(), 'f5ca1dcb-41e4-4553-b41e-f3eeda6d5610', 'DM0000000076', '五次/天', NULL, NULL, '34ff5c2e-6625-4d6d-ad39-d1745755b3a8','34ff5c2e-6625-4d6d-ad39-d1745755b3a8');
INSERT into t_user_dict_detail (uuid,dict_type_id,dict_detail_code,value_name_cn,value_name_en,comments,create_user_id,update_user_id) VALUES (uuid(), 'f5ca1dcb-41e4-4553-b41e-f3eeda6d5610', 'DM0000000077', '六次/天', NULL, NULL, '34ff5c2e-6625-4d6d-ad39-d1745755b3a8','34ff5c2e-6625-4d6d-ad39-d1745755b3a8');
INSERT into t_user_dict_detail (uuid,dict_type_id,dict_detail_code,value_name_cn,value_name_en,comments,create_user_id,update_user_id) VALUES (uuid(), 'f5ca1dcb-41e4-4553-b41e-f3eeda6d56f7', 'DM00078', '10x9/L', NULL, NULL, '34ff5c2e-6625-4d6d-ad39-d1745755b3a8','34ff5c2e-6625-4d6d-ad39-d1745755b3a8');
INSERT into t_user_dict_detail (uuid,dict_type_id,dict_detail_code,value_name_cn,value_name_en,comments,create_user_id,update_user_id) VALUES (uuid(), 'f5ca1dcb-41e4-4553-b41e-f3eeda6d56f7', 'DM00079', '10x3/μL', NULL, NULL, '34ff5c2e-6625-4d6d-ad39-d1745755b3a8','34ff5c2e-6625-4d6d-ad39-d1745755b3a8');
INSERT into t_user_dict_detail (uuid,dict_type_id,dict_detail_code,value_name_cn,value_name_en,comments,create_user_id,update_user_id) VALUES (uuid(), 'f5ca1dcb-41e4-4553-b41e-f3eeda6d56f7', 'DM00080', '10x6/μL', NULL, NULL, '34ff5c2e-6625-4d6d-ad39-d1745755b3a8','34ff5c2e-6625-4d6d-ad39-d1745755b3a8');
INSERT into t_user_dict_detail (uuid,dict_type_id,dict_detail_code,value_name_cn,value_name_en,comments,create_user_id,update_user_id) VALUES (uuid(), 'f5ca1dcb-41e4-4553-b41e-f3eeda6d56f7', 'DM00081', '10x12/L', NULL, NULL, '34ff5c2e-6625-4d6d-ad39-d1745755b3a8','34ff5c2e-6625-4d6d-ad39-d1745755b3a8');
INSERT into t_user_dict_detail (uuid,dict_type_id,dict_detail_code,value_name_cn,value_name_en,comments,create_user_id,update_user_id) VALUES (uuid(), 'f5ca1dcb-41e4-4553-b41e-f3eeda6d56f7', 'DM00082', 'g/dL', NULL, NULL, '34ff5c2e-6625-4d6d-ad39-d1745755b3a8','34ff5c2e-6625-4d6d-ad39-d1745755b3a8');
INSERT into t_user_dict_detail (uuid,dict_type_id,dict_detail_code,value_name_cn,value_name_en,comments,create_user_id,update_user_id) VALUES (uuid(), 'f5ca1dcb-41e4-4553-b41e-f3eeda6d56f7', 'DM00083', 'K/μL', NULL, NULL, '34ff5c2e-6625-4d6d-ad39-d1745755b3a8','34ff5c2e-6625-4d6d-ad39-d1745755b3a8');
INSERT into t_user_dict_detail (uuid,dict_type_id,dict_detail_code,value_name_cn,value_name_en,comments,create_user_id,update_user_id) VALUES (uuid(), 'f5ca1dcb-41e4-4553-b41e-f3eeda6d56f7', 'DM00084', 'mg/dL', NULL, NULL, '34ff5c2e-6625-4d6d-ad39-d1745755b3a8','34ff5c2e-6625-4d6d-ad39-d1745755b3a8');
INSERT into t_user_dict_detail (uuid,dict_type_id,dict_detail_code,value_name_cn,value_name_en,comments,create_user_id,update_user_id) VALUES (uuid(), 'f5ca1dcb-41e4-4553-b41e-f3eeda6d56f7', 'DM00085', 'K/ul', NULL, NULL, '34ff5c2e-6625-4d6d-ad39-d1745755b3a8','34ff5c2e-6625-4d6d-ad39-d1745755b3a8');
INSERT into t_user_dict_detail (uuid,dict_type_id,dict_detail_code,value_name_cn,value_name_en,comments,create_user_id,update_user_id) VALUES (uuid(), 'f5ca1dcb-41e4-4553-b41e-f3eeda6d56f7', 'DM00086', 'μmol/L', NULL, NULL, '34ff5c2e-6625-4d6d-ad39-d1745755b3a8','34ff5c2e-6625-4d6d-ad39-d1745755b3a8');
INSERT into t_user_dict_detail (uuid,dict_type_id,dict_detail_code,value_name_cn,value_name_en,comments,create_user_id,update_user_id) VALUES (uuid(), 'f5ca1dcb-41e4-4553-b41e-f3eeda6d56f7', 'DM00087', '#', NULL, NULL, '34ff5c2e-6625-4d6d-ad39-d1745755b3a8','34ff5c2e-6625-4d6d-ad39-d1745755b3a8');
INSERT into t_user_dict_detail (uuid,dict_type_id,dict_detail_code,value_name_cn,value_name_en,comments,create_user_id,update_user_id) VALUES (uuid(), 'f5ca1dcb-41e4-4553-b41e-f3eeda6d56f7', 'DM00088', 'sec', NULL, NULL, '34ff5c2e-6625-4d6d-ad39-d1745755b3a8','34ff5c2e-6625-4d6d-ad39-d1745755b3a8');
INSERT into t_user_dict_detail (uuid,dict_type_id,dict_detail_code,value_name_cn,value_name_en,comments,create_user_id,update_user_id) VALUES (uuid(), 'f5ca1dcb-41e4-4553-b41e-f3eeda6d56f7', 'DM00089', 'mmHg', NULL, NULL, '34ff5c2e-6625-4d6d-ad39-d1745755b3a8','34ff5c2e-6625-4d6d-ad39-d1745755b3a8');
INSERT into t_user_dict_detail (uuid,dict_type_id,dict_detail_code,value_name_cn,value_name_en,comments,create_user_id,update_user_id) VALUES (uuid(), 'f5ca1dcb-41e4-4553-b41e-f3eeda6d56f7', 'DM00090', 'mEq/L', NULL, NULL, '34ff5c2e-6625-4d6d-ad39-d1745755b3a8','34ff5c2e-6625-4d6d-ad39-d1745755b3a8');
INSERT into t_user_dict_detail (uuid,dict_type_id,dict_detail_code,value_name_cn,value_name_en,comments,create_user_id,update_user_id) VALUES (uuid(), 'f5ca1dcb-41e4-4553-b41e-f3eeda6d56f7', 'DM00091', 'ul/dL', NULL, NULL, '34ff5c2e-6625-4d6d-ad39-d1745755b3a8','34ff5c2e-6625-4d6d-ad39-d1745755b3a8');
INSERT into t_user_dict_detail (uuid,dict_type_id,dict_detail_code,value_name_cn,value_name_en,comments,create_user_id,update_user_id) VALUES (uuid(), 'f5ca1dcb-41e4-4553-b41e-f3eeda6d56f7', 'DM00092', 'Leu/μL', NULL, NULL, '34ff5c2e-6625-4d6d-ad39-d1745755b3a8','34ff5c2e-6625-4d6d-ad39-d1745755b3a8');
INSERT into t_user_dict_detail (uuid,dict_type_id,dict_detail_code,value_name_cn,value_name_en,comments,create_user_id,update_user_id) VALUES (uuid(), 'f5ca1dcb-41e4-4553-b41e-f3eeda6d56f7', 'DM00093', 'Ery/μL', NULL, NULL, '34ff5c2e-6625-4d6d-ad39-d1745755b3a8','34ff5c2e-6625-4d6d-ad39-d1745755b3a8');
---t_user_dict_detail----
---t_user_dict---
INSERT into t_user_dict(uuid,dict_name,can_edit, can_view,create_user_id,update_user_id) VALUES ('f5ca1dcb-41e4-4553-b41e-f3eeda6d56f1', '性别', '0', '0', '34ff5c2e-6625-4d6d-ad39-d1745755b3a8','34ff5c2e-6625-4d6d-ad39-d1745755b3a8');
INSERT into t_user_dict(uuid,dict_name,can_edit, can_view,create_user_id,update_user_id) VALUES ('f5ca1dcb-41e4-4553-b41e-f3eeda6d56f2', '动物性别', '0', '1','34ff5c2e-6625-4d6d-ad39-d1745755b3a8','34ff5c2e-6625-4d6d-ad39-d1745755b3a8');
INSERT into t_user_dict(uuid,dict_name,can_edit, can_view,create_user_id,update_user_id) VALUES ('f5ca1dcb-41e4-4553-b41e-f3eeda6d56f3', '动物颜色', '1', '1', '34ff5c2e-6625-4d6d-ad39-d1745755b3a8','34ff5c2e-6625-4d6d-ad39-d1745755b3a8');
INSERT into t_user_dict(uuid,dict_name,can_edit, can_view,create_user_id,update_user_id) VALUES ('f5ca1dcb-41e4-4553-b41e-f3eeda6d56f4', '剂型', '1', '1', '34ff5c2e-6625-4d6d-ad39-d1745755b3a8','34ff5c2e-6625-4d6d-ad39-d1745755b3a8');
INSERT into t_user_dict(uuid,dict_name,can_edit, can_view,create_user_id,update_user_id) VALUES ('f5ca1dcb-41e4-4553-b41e-f3eeda6d56f5', '物品单位', '1', '1', '34ff5c2e-6625-4d6d-ad39-d1745755b3a8','34ff5c2e-6625-4d6d-ad39-d1745755b3a8');
INSERT into t_user_dict(uuid,dict_name,can_edit, can_view,create_user_id,update_user_id) VALUES ('f5ca1dcb-41e4-4553-b41e-f3eeda6d56f6', '医疗类型', '1', '1', '34ff5c2e-6625-4d6d-ad39-d1745755b3a8','34ff5c2e-6625-4d6d-ad39-d1745755b3a8');
INSERT into t_user_dict(uuid,dict_name,can_edit, can_view,create_user_id,update_user_id) VALUES ('f5ca1dcb-41e4-4553-b41e-f3eeda6d56f7', '化验单位', '1', '1', '34ff5c2e-6625-4d6d-ad39-d1745755b3a8','34ff5c2e-6625-4d6d-ad39-d1745755b3a8');
INSERT into t_user_dict(uuid,dict_name,can_edit, can_view,create_user_id,update_user_id) VALUES ('f5ca1dcb-41e4-4553-b41e-f3eeda6d56f8', '出库原因', '1', '1', '34ff5c2e-6625-4d6d-ad39-d1745755b3a8','34ff5c2e-6625-4d6d-ad39-d1745755b3a8');
INSERT into t_user_dict(uuid,dict_name,can_edit, can_view,create_user_id,update_user_id) VALUES ('f5ca1dcb-41e4-4553-b41e-f3eeda6d56f9', '药品使用方法', '1', '1', '34ff5c2e-6625-4d6d-ad39-d1745755b3a8','34ff5c2e-6625-4d6d-ad39-d1745755b3a8');
INSERT into t_user_dict(uuid,dict_name,can_edit, can_view,create_user_id,update_user_id) VALUES ('f5ca1dcb-41e4-4553-b41e-f3eeda6d5610', '用药频次', '1', '1', '34ff5c2e-6625-4d6d-ad39-d1745755b3a8','34ff5c2e-6625-4d6d-ad39-d1745755b3a8');

---t_user_dict---
---t_dict_type_detail---
INSERT into t_dict_type_detail (uuid, Dict_Type_ID, Dict_Detail_Code, value_name_CN, value_name_EN, comments,create_user_id,update_user_id) VALUES (uuid(), '34ff5c2e-6625-4d6d-ad39-d1745755b3a1', 'SM00001', '正常', '', '', '34ff5c2e-6625-4d6d-ad39-d1745755b3a8','34ff5c2e-6625-4d6d-ad39-d1745755b3a8');
INSERT into t_dict_type_detail (uuid, Dict_Type_ID, Dict_Detail_Code, value_name_CN, value_name_EN, comments,create_user_id,update_user_id) VALUES (uuid(), '34ff5c2e-6625-4d6d-ad39-d1745755b3a1', 'SM00002', '停用', '', '', '34ff5c2e-6625-4d6d-ad39-d1745755b3a8','34ff5c2e-6625-4d6d-ad39-d1745755b3a8');
INSERT into t_dict_type_detail (uuid, Dict_Type_ID, Dict_Detail_Code, value_name_CN, value_name_EN, comments,create_user_id,update_user_id) VALUES (uuid(), '34ff5c2e-6625-4d6d-ad39-d1745755b3a2', 'SM00003', '未绝育', '', '', '34ff5c2e-6625-4d6d-ad39-d1745755b3a8','34ff5c2e-6625-4d6d-ad39-d1745755b3a8');
INSERT into t_dict_type_detail (uuid, Dict_Type_ID, Dict_Detail_Code, value_name_CN, value_name_EN, comments,create_user_id,update_user_id) VALUES (uuid(), '34ff5c2e-6625-4d6d-ad39-d1745755b3a2', 'SM00004', '已绝育', '', '', '34ff5c2e-6625-4d6d-ad39-d1745755b3a8','34ff5c2e-6625-4d6d-ad39-d1745755b3a8');
INSERT into t_dict_type_detail (uuid, Dict_Type_ID, Dict_Detail_Code, value_name_CN, value_name_EN, comments,create_user_id,update_user_id) VALUES (uuid(), '34ff5c2e-6625-4d6d-ad39-d1745755b3a3', 'SM00005', '一联', '', '', '34ff5c2e-6625-4d6d-ad39-d1745755b3a8','34ff5c2e-6625-4d6d-ad39-d1745755b3a8');
INSERT into t_dict_type_detail (uuid, Dict_Type_ID, Dict_Detail_Code, value_name_CN, value_name_EN, comments,create_user_id,update_user_id) VALUES (uuid(), '34ff5c2e-6625-4d6d-ad39-d1745755b3a3', 'SM00006', '二联', '', '', '34ff5c2e-6625-4d6d-ad39-d1745755b3a8','34ff5c2e-6625-4d6d-ad39-d1745755b3a8');
INSERT into t_dict_type_detail (uuid, Dict_Type_ID, Dict_Detail_Code, value_name_CN, value_name_EN, comments,create_user_id,update_user_id) VALUES (uuid(), '34ff5c2e-6625-4d6d-ad39-d1745755b3a3', 'SM00007', '三联', '', '', '34ff5c2e-6625-4d6d-ad39-d1745755b3a8','34ff5c2e-6625-4d6d-ad39-d1745755b3a8');
INSERT into t_dict_type_detail (uuid, Dict_Type_ID, Dict_Detail_Code, value_name_CN, value_name_EN, comments,create_user_id,update_user_id) VALUES (uuid(), '34ff5c2e-6625-4d6d-ad39-d1745755b3a3', 'SM00008', '四联', '', '', '34ff5c2e-6625-4d6d-ad39-d1745755b3a8','34ff5c2e-6625-4d6d-ad39-d1745755b3a8');
INSERT into t_dict_type_detail (uuid, Dict_Type_ID, Dict_Detail_Code, value_name_CN, value_name_EN, comments,create_user_id,update_user_id) VALUES (uuid(), '34ff5c2e-6625-4d6d-ad39-d1745755b3a3', 'SM00009', '五联', '', '', '34ff5c2e-6625-4d6d-ad39-d1745755b3a8','34ff5c2e-6625-4d6d-ad39-d1745755b3a8');
INSERT into t_dict_type_detail (uuid, Dict_Type_ID, Dict_Detail_Code, value_name_CN, value_name_EN, comments,create_user_id,update_user_id) VALUES (uuid(), '34ff5c2e-6625-4d6d-ad39-d1745755b3a3', 'SM00010', '六联', '', '', '34ff5c2e-6625-4d6d-ad39-d1745755b3a8','34ff5c2e-6625-4d6d-ad39-d1745755b3a8');
INSERT into t_dict_type_detail (uuid, Dict_Type_ID, Dict_Detail_Code, value_name_CN, value_name_EN, comments,create_user_id,update_user_id) VALUES (uuid(), '34ff5c2e-6625-4d6d-ad39-d1745755b3a3', 'SM00011', '七联', '', '', '34ff5c2e-6625-4d6d-ad39-d1745755b3a8','34ff5c2e-6625-4d6d-ad39-d1745755b3a8');
INSERT into t_dict_type_detail (uuid, Dict_Type_ID, Dict_Detail_Code, value_name_CN, value_name_EN, comments,create_user_id,update_user_id) VALUES (uuid(), '34ff5c2e-6625-4d6d-ad39-d1745755b3a3', 'SM00012', '八联', '', '', '34ff5c2e-6625-4d6d-ad39-d1745755b3a8','34ff5c2e-6625-4d6d-ad39-d1745755b3a8');
INSERT into t_dict_type_detail (uuid, Dict_Type_ID, Dict_Detail_Code, value_name_CN, value_name_EN, comments,create_user_id,update_user_id) VALUES (uuid(), '34ff5c2e-6625-4d6d-ad39-d1745755b3a3', 'SM00013', '九联', '', '', '34ff5c2e-6625-4d6d-ad39-d1745755b3a8','34ff5c2e-6625-4d6d-ad39-d1745755b3a8');
INSERT into t_dict_type_detail (uuid, Dict_Type_ID, Dict_Detail_Code, value_name_CN, value_name_EN, comments,create_user_id,update_user_id) VALUES (uuid(), '34ff5c2e-6625-4d6d-ad39-d1745755b3a3', 'SM00014', '十联', '', '', '34ff5c2e-6625-4d6d-ad39-d1745755b3a8','34ff5c2e-6625-4d6d-ad39-d1745755b3a8');
INSERT into t_dict_type_detail (uuid, Dict_Type_ID, Dict_Detail_Code, value_name_CN, value_name_EN, comments,create_user_id,update_user_id) VALUES (uuid(), '34ff5c2e-6625-4d6d-ad39-d1745755b3a4', 'SM00015', '首免', '', '', '34ff5c2e-6625-4d6d-ad39-d1745755b3a8','34ff5c2e-6625-4d6d-ad39-d1745755b3a8');
INSERT into t_dict_type_detail (uuid, Dict_Type_ID, Dict_Detail_Code, value_name_CN, value_name_EN, comments,create_user_id,update_user_id) VALUES (uuid(), '34ff5c2e-6625-4d6d-ad39-d1745755b3a4', 'SM00016', '1免', '', '', '34ff5c2e-6625-4d6d-ad39-d1745755b3a8','34ff5c2e-6625-4d6d-ad39-d1745755b3a8');
INSERT into t_dict_type_detail (uuid, Dict_Type_ID, Dict_Detail_Code, value_name_CN, value_name_EN, comments,create_user_id,update_user_id) VALUES (uuid(), '34ff5c2e-6625-4d6d-ad39-d1745755b3a4', 'SM00017', '2免', '', '', '34ff5c2e-6625-4d6d-ad39-d1745755b3a8','34ff5c2e-6625-4d6d-ad39-d1745755b3a8');
INSERT into t_dict_type_detail (uuid, Dict_Type_ID, Dict_Detail_Code, value_name_CN, value_name_EN, comments,create_user_id,update_user_id) VALUES (uuid(), '34ff5c2e-6625-4d6d-ad39-d1745755b3a4', 'SM00018', '3免', '', '', '34ff5c2e-6625-4d6d-ad39-d1745755b3a8','34ff5c2e-6625-4d6d-ad39-d1745755b3a8');
INSERT into t_dict_type_detail (uuid, Dict_Type_ID, Dict_Detail_Code, value_name_CN, value_name_EN, comments,create_user_id,update_user_id) VALUES (uuid(), '34ff5c2e-6625-4d6d-ad39-d1745755b3a4', 'SM00019', '4免', '', '', '34ff5c2e-6625-4d6d-ad39-d1745755b3a8','34ff5c2e-6625-4d6d-ad39-d1745755b3a8');
INSERT into t_dict_type_detail (uuid, Dict_Type_ID, Dict_Detail_Code, value_name_CN, value_name_EN, comments,create_user_id,update_user_id) VALUES (uuid(), '34ff5c2e-6625-4d6d-ad39-d1745755b3a4', 'SM00020', '5免', '', '', '34ff5c2e-6625-4d6d-ad39-d1745755b3a8','34ff5c2e-6625-4d6d-ad39-d1745755b3a8');
INSERT into t_dict_type_detail (uuid, Dict_Type_ID, Dict_Detail_Code, value_name_CN, value_name_EN, comments,create_user_id,update_user_id) VALUES (uuid(), '34ff5c2e-6625-4d6d-ad39-d1745755b3a4', 'SM00021', '6免', '', '', '34ff5c2e-6625-4d6d-ad39-d1745755b3a8','34ff5c2e-6625-4d6d-ad39-d1745755b3a8');
INSERT into t_dict_type_detail (uuid, Dict_Type_ID, Dict_Detail_Code, value_name_CN, value_name_EN, comments,create_user_id,update_user_id) VALUES (uuid(), '34ff5c2e-6625-4d6d-ad39-d1745755b3a4', 'SM00022', '7免', '', '', '34ff5c2e-6625-4d6d-ad39-d1745755b3a8','34ff5c2e-6625-4d6d-ad39-d1745755b3a8');
INSERT into t_dict_type_detail (uuid, Dict_Type_ID, Dict_Detail_Code, value_name_CN, value_name_EN, comments,create_user_id,update_user_id) VALUES (uuid(), '34ff5c2e-6625-4d6d-ad39-d1745755b3a4', 'SM00023', '8免', '', '', '34ff5c2e-6625-4d6d-ad39-d1745755b3a8','34ff5c2e-6625-4d6d-ad39-d1745755b3a8');
INSERT into t_dict_type_detail (uuid, Dict_Type_ID, Dict_Detail_Code, value_name_CN, value_name_EN, comments,create_user_id,update_user_id) VALUES (uuid(), '34ff5c2e-6625-4d6d-ad39-d1745755b3a4', 'SM00024', '9免', '', '', '34ff5c2e-6625-4d6d-ad39-d1745755b3a8','34ff5c2e-6625-4d6d-ad39-d1745755b3a8');
INSERT into t_dict_type_detail (uuid, Dict_Type_ID, Dict_Detail_Code, value_name_CN, value_name_EN, comments,create_user_id,update_user_id) VALUES (uuid(), '34ff5c2e-6625-4d6d-ad39-d1745755b3a4', 'SM00025', '10免', '', '', '34ff5c2e-6625-4d6d-ad39-d1745755b3a8','34ff5c2e-6625-4d6d-ad39-d1745755b3a8');
INSERT into t_dict_type_detail (uuid, Dict_Type_ID, Dict_Detail_Code, value_name_CN, value_name_EN, comments,create_user_id,update_user_id) VALUES (uuid(), '34ff5c2e-6625-4d6d-ad39-d1745755b3a4', 'SM00026', '11免', '', '', '34ff5c2e-6625-4d6d-ad39-d1745755b3a8','34ff5c2e-6625-4d6d-ad39-d1745755b3a8');
INSERT into t_dict_type_detail (uuid, Dict_Type_ID, Dict_Detail_Code, value_name_CN, value_name_EN, comments,create_user_id,update_user_id) VALUES (uuid(), '34ff5c2e-6625-4d6d-ad39-d1745755b3a5', 'SM00027', '未提醒', '', '', '34ff5c2e-6625-4d6d-ad39-d1745755b3a8','34ff5c2e-6625-4d6d-ad39-d1745755b3a8');
INSERT into t_dict_type_detail (uuid, Dict_Type_ID, Dict_Detail_Code, value_name_CN, value_name_EN, comments,create_user_id,update_user_id) VALUES (uuid(), '34ff5c2e-6625-4d6d-ad39-d1745755b3a5', 'SM00028', '已提醒', '', '', '34ff5c2e-6625-4d6d-ad39-d1745755b3a8','34ff5c2e-6625-4d6d-ad39-d1745755b3a8');
INSERT into t_dict_type_detail (uuid, Dict_Type_ID, Dict_Detail_Code, value_name_CN, value_name_EN, comments,create_user_id,update_user_id) VALUES (uuid(), '34ff5c2e-6625-4d6d-ad39-d1745755b3a6', 'SM00029', '未执行', '', '', '驱虫疫苗状态', '34ff5c2e-6625-4d6d-ad39-d1745755b3a8','34ff5c2e-6625-4d6d-ad39-d1745755b3a8');
INSERT into t_dict_type_detail (uuid, Dict_Type_ID, Dict_Detail_Code, value_name_CN, value_name_EN, comments,create_user_id,update_user_id) VALUES (uuid(), '34ff5c2e-6625-4d6d-ad39-d1745755b3a6', 'SM00030', '已执行', '', '', '驱虫疫苗状态', '34ff5c2e-6625-4d6d-ad39-d1745755b3a8','34ff5c2e-6625-4d6d-ad39-d1745755b3a8');
INSERT into t_dict_type_detail (uuid, Dict_Type_ID, Dict_Detail_Code, value_name_CN, value_name_EN, comments,create_user_id,update_user_id) VALUES (uuid(), '34ff5c2e-6625-4d6d-ad39-d1745755b3a7', 'SM00031', '未执行', '""', '""', '""', '34ff5c2e-6625-4d6d-ad39-d1745755b3a8','34ff5c2e-6625-4d6d-ad39-d1745755b3a8');
INSERT into t_dict_type_detail (uuid, Dict_Type_ID, Dict_Detail_Code, value_name_CN, value_name_EN, comments,create_user_id,update_user_id) VALUES (uuid(), '34ff5c2e-6625-4d6d-ad39-d1745755b3a7', 'SM00032', '已执行', '""', '""', '""', '34ff5c2e-6625-4d6d-ad39-d1745755b3a8','34ff5c2e-6625-4d6d-ad39-d1745755b3a8');
INSERT into t_dict_type_detail (uuid, Dict_Type_ID, Dict_Detail_Code, value_name_CN, value_name_EN, comments,create_user_id,update_user_id) VALUES (uuid(), '34ff5c2e-6625-4d6d-ad39-d1745755b3a7', 'SM00033', '处方已退回，就诊中止', '""', '""', '""', '34ff5c2e-6625-4d6d-ad39-d1745755b3a8','34ff5c2e-6625-4d6d-ad39-d1745755b3a8');
INSERT into t_dict_type_detail (uuid, Dict_Type_ID, Dict_Detail_Code, value_name_CN, value_name_EN, comments,create_user_id,update_user_id) VALUES (uuid(), '34ff5c2e-6625-4d6d-ad39-d1745755b3a8', 'SM00034', '待就诊', '', '', '34ff5c2e-6625-4d6d-ad39-d1745755b3a8','34ff5c2e-6625-4d6d-ad39-d1745755b3a8');
INSERT into t_dict_type_detail (uuid, Dict_Type_ID, Dict_Detail_Code, value_name_CN, value_name_EN, comments,create_user_id,update_user_id) VALUES (uuid(), '34ff5c2e-6625-4d6d-ad39-d1745755b3a8', 'SM00035', '就诊中', '', '', '34ff5c2e-6625-4d6d-ad39-d1745755b3a8','34ff5c2e-6625-4d6d-ad39-d1745755b3a8');
INSERT into t_dict_type_detail (uuid, Dict_Type_ID, Dict_Detail_Code, value_name_CN, value_name_EN, comments,create_user_id,update_user_id) VALUES (uuid(), '34ff5c2e-6625-4d6d-ad39-d1745755b3a8', 'SM00036', '已中止', '""', '""', '""', '34ff5c2e-6625-4d6d-ad39-d1745755b3a8','34ff5c2e-6625-4d6d-ad39-d1745755b3a8');
INSERT into t_dict_type_detail (uuid, Dict_Type_ID, Dict_Detail_Code, value_name_CN, value_name_EN, comments,create_user_id,update_user_id) VALUES (uuid(), '34ff5c2e-6625-4d6d-ad39-d1745755b3a8', 'SM00037', '已就诊', '', '', '34ff5c2e-6625-4d6d-ad39-d1745755b3a8','34ff5c2e-6625-4d6d-ad39-d1745755b3a8');
INSERT into t_dict_type_detail (uuid, Dict_Type_ID, Dict_Detail_Code, value_name_CN, value_name_EN, comments,create_user_id,update_user_id) VALUES (uuid(), '34ff5c2e-6625-4d6d-ad39-d1745755b3a9', 'SM00038', '住院中', '', '', '34ff5c2e-6625-4d6d-ad39-d1745755b3a8','34ff5c2e-6625-4d6d-ad39-d1745755b3a8');
INSERT into t_dict_type_detail (uuid, Dict_Type_ID, Dict_Detail_Code, value_name_CN, value_name_EN, comments,create_user_id,update_user_id) VALUES (uuid(), '34ff5c2e-6625-4d6d-ad39-d1745755b3a9', 'SM00039', '已出院', '', '', '34ff5c2e-6625-4d6d-ad39-d1745755b3a8','34ff5c2e-6625-4d6d-ad39-d1745755b3a8');
INSERT into t_dict_type_detail (uuid, Dict_Type_ID, Dict_Detail_Code, value_name_CN, value_name_EN, comments,create_user_id,update_user_id) VALUES (uuid(), '34ff5c2e-6625-4d6d-ad39-d1745755b310', 'SM00040', '未付款', '', '', '34ff5c2e-6625-4d6d-ad39-d1745755b3a8','34ff5c2e-6625-4d6d-ad39-d1745755b3a8');
INSERT into t_dict_type_detail (uuid, Dict_Type_ID, Dict_Detail_Code, value_name_CN, value_name_EN, comments,create_user_id,update_user_id) VALUES (uuid(), '34ff5c2e-6625-4d6d-ad39-d1745755b310', 'SM00041', '已记账', '""', '""', '""', '34ff5c2e-6625-4d6d-ad39-d1745755b3a8','34ff5c2e-6625-4d6d-ad39-d1745755b3a8');
INSERT into t_dict_type_detail (uuid, Dict_Type_ID, Dict_Detail_Code, value_name_CN, value_name_EN, comments,create_user_id,update_user_id) VALUES (uuid(), '34ff5c2e-6625-4d6d-ad39-d1745755b311', 'SM00042', '入库中', '', '', '34ff5c2e-6625-4d6d-ad39-d1745755b3a8','34ff5c2e-6625-4d6d-ad39-d1745755b3a8');
INSERT into t_dict_type_detail (uuid, Dict_Type_ID, Dict_Detail_Code, value_name_CN, value_name_EN, comments,create_user_id,update_user_id) VALUES (uuid(), '34ff5c2e-6625-4d6d-ad39-d1745755b311', 'SM00043', '已审核', '', '', '34ff5c2e-6625-4d6d-ad39-d1745755b3a8','34ff5c2e-6625-4d6d-ad39-d1745755b3a8');
INSERT into t_dict_type_detail (uuid, Dict_Type_ID, Dict_Detail_Code, value_name_CN, value_name_EN, comments,create_user_id,update_user_id) VALUES (uuid(), '34ff5c2e-6625-4d6d-ad39-d1745755b311', 'SM00044', '调拨中', '', '', '34ff5c2e-6625-4d6d-ad39-d1745755b3a8','34ff5c2e-6625-4d6d-ad39-d1745755b3a8');
INSERT into t_dict_type_detail (uuid, Dict_Type_ID, Dict_Detail_Code, value_name_CN, value_name_EN, comments,create_user_id,update_user_id) VALUES (uuid(), '34ff5c2e-6625-4d6d-ad39-d1745755b311', 'SM00045', '出库中', '', '', '34ff5c2e-6625-4d6d-ad39-d1745755b3a8','34ff5c2e-6625-4d6d-ad39-d1745755b3a8');
INSERT into t_dict_type_detail (uuid, Dict_Type_ID, Dict_Detail_Code, value_name_CN, value_name_EN, comments,create_user_id,update_user_id) VALUES (uuid(), '34ff5c2e-6625-4d6d-ad39-d1745755b311', 'SM00046', '退货中', '', '', '34ff5c2e-6625-4d6d-ad39-d1745755b3a8','34ff5c2e-6625-4d6d-ad39-d1745755b3a8');
INSERT into t_dict_type_detail (uuid, Dict_Type_ID, Dict_Detail_Code, value_name_CN, value_name_EN, comments,create_user_id,update_user_id) VALUES (uuid(), '34ff5c2e-6625-4d6d-ad39-d1745755b312', 'SM00047', '未检查', '', '', '34ff5c2e-6625-4d6d-ad39-d1745755b3a8','34ff5c2e-6625-4d6d-ad39-d1745755b3a8');
INSERT into t_dict_type_detail (uuid, Dict_Type_ID, Dict_Detail_Code, value_name_CN, value_name_EN, comments,create_user_id,update_user_id) VALUES (uuid(), '34ff5c2e-6625-4d6d-ad39-d1745755b312', 'SM00048', '已检查', '', '', '34ff5c2e-6625-4d6d-ad39-d1745755b3a8','34ff5c2e-6625-4d6d-ad39-d1745755b3a8');
INSERT into t_dict_type_detail (uuid, Dict_Type_ID, Dict_Detail_Code, value_name_CN, value_name_EN, comments,create_user_id,update_user_id) VALUES (uuid(), '34ff5c2e-6625-4d6d-ad39-d1745755b313', 'SM00049', '寄养中', '', '', '34ff5c2e-6625-4d6d-ad39-d1745755b3a8','34ff5c2e-6625-4d6d-ad39-d1745755b3a8');
INSERT into t_dict_type_detail (uuid, Dict_Type_ID, Dict_Detail_Code, value_name_CN, value_name_EN, comments,create_user_id,update_user_id) VALUES (uuid(), '34ff5c2e-6625-4d6d-ad39-d1745755b313', 'SM00050', '寄养结束', '', '', '34ff5c2e-6625-4d6d-ad39-d1745755b3a8','34ff5c2e-6625-4d6d-ad39-d1745755b3a8');
INSERT into t_dict_type_detail (uuid, Dict_Type_ID, Dict_Detail_Code, value_name_CN, value_name_EN, comments,create_user_id,update_user_id) VALUES (uuid(), '34ff5c2e-6625-4d6d-ad39-d1745755b310', 'SM00051', '已付款', '""', '""', '""', '34ff5c2e-6625-4d6d-ad39-d1745755b3a8','34ff5c2e-6625-4d6d-ad39-d1745755b3a8');
INSERT into t_dict_type_detail (uuid, Dict_Type_ID, Dict_Detail_Code, value_name_CN, value_name_EN, comments,create_user_id,update_user_id) VALUES (uuid(), '34ff5c2e-6625-4d6d-ad39-d1745755b327', 'SM00052', '在世', '', '', '34ff5c2e-6625-4d6d-ad39-d1745755b3a8','34ff5c2e-6625-4d6d-ad39-d1745755b3a8');
INSERT into t_dict_type_detail (uuid, Dict_Type_ID, Dict_Detail_Code, value_name_CN, value_name_EN, comments,create_user_id,update_user_id) VALUES (uuid(), '34ff5c2e-6625-4d6d-ad39-d1745755b327', 'SM00053', '已死亡', '', '', '34ff5c2e-6625-4d6d-ad39-d1745755b3a8','34ff5c2e-6625-4d6d-ad39-d1745755b3a8');
INSERT into t_dict_type_detail (uuid, Dict_Type_ID, Dict_Detail_Code, value_name_CN, value_name_EN, comments,create_user_id,update_user_id) VALUES (uuid(), '34ff5c2e-6625-4d6d-ad39-d1745755b328', 'SM00054', '会员', '', '', '34ff5c2e-6625-4d6d-ad39-d1745755b3a8','34ff5c2e-6625-4d6d-ad39-d1745755b3a8');
INSERT into t_dict_type_detail (uuid, Dict_Type_ID, Dict_Detail_Code, value_name_CN, value_name_EN, comments,create_user_id,update_user_id) VALUES (uuid(), '34ff5c2e-6625-4d6d-ad39-d1745755b328', 'SM00055', '散客', '""', '', '34ff5c2e-6625-4d6d-ad39-d1745755b3a8','34ff5c2e-6625-4d6d-ad39-d1745755b3a8');
INSERT into t_dict_type_detail (uuid, Dict_Type_ID, Dict_Detail_Code, value_name_CN, value_name_EN, comments,create_user_id,update_user_id) VALUES (uuid(), '34ff5c2e-6625-4d6d-ad39-d1745755b329', 'SM00056', '开始申请', '', '', '34ff5c2e-6625-4d6d-ad39-d1745755b3a8','34ff5c2e-6625-4d6d-ad39-d1745755b3a8');
INSERT into t_dict_type_detail (uuid, Dict_Type_ID, Dict_Detail_Code, value_name_CN, value_name_EN, comments,create_user_id,update_user_id) VALUES (uuid(), '34ff5c2e-6625-4d6d-ad39-d1745755b329', 'SM00057', '申请提交', '', '', '34ff5c2e-6625-4d6d-ad39-d1745755b3a8','34ff5c2e-6625-4d6d-ad39-d1745755b3a8');
INSERT into t_dict_type_detail (uuid, Dict_Type_ID, Dict_Detail_Code, value_name_CN, value_name_EN, comments,create_user_id,update_user_id) VALUES (uuid(), '34ff5c2e-6625-4d6d-ad39-d1745755b329', 'SM00058', '检测正常结束', '', '', '34ff5c2e-6625-4d6d-ad39-d1745755b3a8','34ff5c2e-6625-4d6d-ad39-d1745755b3a8');
INSERT into t_dict_type_detail (uuid, Dict_Type_ID, Dict_Detail_Code, value_name_CN, value_name_EN, comments,create_user_id,update_user_id) VALUES (uuid(), '34ff5c2e-6625-4d6d-ad39-d1745755b329', 'SM00059', '检测异常中止', '', '', '34ff5c2e-6625-4d6d-ad39-d1745755b3a8','34ff5c2e-6625-4d6d-ad39-d1745755b3a8');
INSERT into t_dict_type_detail (uuid, Dict_Type_ID, Dict_Detail_Code, value_name_CN, value_name_EN, comments,create_user_id,update_user_id) VALUES (uuid(), '34ff5c2e-6625-4d6d-ad39-d1745755b330', 'SM00060', '申请人提交检测申请单', '', '', '34ff5c2e-6625-4d6d-ad39-d1745755b3a8','34ff5c2e-6625-4d6d-ad39-d1745755b3a8');
INSERT into t_dict_type_detail (uuid, Dict_Type_ID, Dict_Detail_Code, value_name_CN, value_name_EN, comments,create_user_id,update_user_id) VALUES (uuid(), '34ff5c2e-6625-4d6d-ad39-d1745755b330', 'SM00061', '样本初检员审核', '', '', '34ff5c2e-6625-4d6d-ad39-d1745755b3a8','34ff5c2e-6625-4d6d-ad39-d1745755b3a8');
INSERT into t_dict_type_detail (uuid, Dict_Type_ID, Dict_Detail_Code, value_name_CN, value_name_EN, comments,create_user_id,update_user_id) VALUES (uuid(), '34ff5c2e-6625-4d6d-ad39-d1745755b330', 'SM00062', '实验室检测人员审核', '', '', '34ff5c2e-6625-4d6d-ad39-d1745755b3a8','34ff5c2e-6625-4d6d-ad39-d1745755b3a8');
INSERT into t_dict_type_detail (uuid, Dict_Type_ID, Dict_Detail_Code, value_name_CN, value_name_EN, comments,create_user_id,update_user_id) VALUES (uuid(), '34ff5c2e-6625-4d6d-ad39-d1745755b330', 'SM00063', '实验室审核人员审核', '', '', '34ff5c2e-6625-4d6d-ad39-d1745755b3a8','34ff5c2e-6625-4d6d-ad39-d1745755b3a8');
INSERT into t_dict_type_detail (uuid, Dict_Type_ID, Dict_Detail_Code, value_name_CN, value_name_EN, comments,create_user_id,update_user_id) VALUES (uuid(), '34ff5c2e-6625-4d6d-ad39-d1745755b330', 'SM00064', '医疗组提供专业指导意见', '', '', '34ff5c2e-6625-4d6d-ad39-d1745755b3a8','34ff5c2e-6625-4d6d-ad39-d1745755b3a8');
INSERT into t_dict_type_detail (uuid, Dict_Type_ID, Dict_Detail_Code, value_name_CN, value_name_EN, comments,create_user_id,update_user_id) VALUES (uuid(), '34ff5c2e-6625-4d6d-ad39-d1745755b330', 'SM00065', '检测正常完成', '', '', '34ff5c2e-6625-4d6d-ad39-d1745755b3a8','34ff5c2e-6625-4d6d-ad39-d1745755b3a8');
INSERT into t_dict_type_detail (uuid, Dict_Type_ID, Dict_Detail_Code, value_name_CN, value_name_EN, comments,create_user_id,update_user_id) VALUES (uuid(), '34ff5c2e-6625-4d6d-ad39-d1745755b330', 'SM00066', '检测异常中止', '', '', '34ff5c2e-6625-4d6d-ad39-d1745755b3a8','34ff5c2e-6625-4d6d-ad39-d1745755b3a8');
INSERT into t_dict_type_detail (uuid, Dict_Type_ID, Dict_Detail_Code, value_name_CN, value_name_EN, comments,create_user_id,update_user_id) VALUES (uuid(), '34ff5c2e-6625-4d6d-ad39-d1745755b331', 'SM00068', '未审批', '', '', '34ff5c2e-6625-4d6d-ad39-d1745755b3a8','34ff5c2e-6625-4d6d-ad39-d1745755b3a8');
INSERT into t_dict_type_detail (uuid, Dict_Type_ID, Dict_Detail_Code, value_name_CN, value_name_EN, comments,create_user_id,update_user_id) VALUES (uuid(), '34ff5c2e-6625-4d6d-ad39-d1745755b331', 'SM00069', '已审批', '', '', '34ff5c2e-6625-4d6d-ad39-d1745755b3a8','34ff5c2e-6625-4d6d-ad39-d1745755b3a8');
INSERT into t_dict_type_detail (uuid, Dict_Type_ID, Dict_Detail_Code, value_name_CN, value_name_EN, comments,create_user_id,update_user_id) VALUES (uuid(), '34ff5c2e-6625-4d6d-ad39-d1745755b332', 'SM00071', '未归还', '', '', '34ff5c2e-6625-4d6d-ad39-d1745755b3a8','34ff5c2e-6625-4d6d-ad39-d1745755b3a8');
INSERT into t_dict_type_detail (uuid, Dict_Type_ID, Dict_Detail_Code, value_name_CN, value_name_EN, comments,create_user_id,update_user_id) VALUES (uuid(), '34ff5c2e-6625-4d6d-ad39-d1745755b332', 'SM00072', '已归还', '', '', '34ff5c2e-6625-4d6d-ad39-d1745755b3a8','34ff5c2e-6625-4d6d-ad39-d1745755b3a8');
INSERT into t_dict_type_detail (uuid, Dict_Type_ID, Dict_Detail_Code, value_name_CN, value_name_EN, comments,create_user_id,update_user_id) VALUES (uuid(), '34ff5c2e-6625-4d6d-ad39-d1745755b333', 'SM00073', '销售退货', '', '', '34ff5c2e-6625-4d6d-ad39-d1745755b3a8','34ff5c2e-6625-4d6d-ad39-d1745755b3a8');
INSERT into t_dict_type_detail (uuid, Dict_Type_ID, Dict_Detail_Code, value_name_CN, value_name_EN, comments,create_user_id,update_user_id) VALUES (uuid(), '34ff5c2e-6625-4d6d-ad39-d1745755b334', 'SM00074', '化验耗材', NULL, NULL,'34ff5c2e-6625-4d6d-ad39-d1745755b3a8','34ff5c2e-6625-4d6d-ad39-d1745755b3a8');
INSERT into t_dict_type_detail (uuid, Dict_Type_ID, Dict_Detail_Code, value_name_CN, value_name_EN, comments,create_user_id,update_user_id) VALUES (uuid(), '34ff5c2e-6625-4d6d-ad39-d1745755b334', 'SM00075', '影像耗材', NULL, NULL,'34ff5c2e-6625-4d6d-ad39-d1745755b3a8','34ff5c2e-6625-4d6d-ad39-d1745755b3a8');
---t_dict_type_detail---
---t_dict_type----
INSERT INTO t_dict_type (uuid, dict_name, create_user_id,update_user_id) VALUES ('34ff5c2e-6625-4d6d-ad39-d1745755b3a1', '会员状态', '34ff5c2e-6625-4d6d-ad39-d1745755b3a8','34ff5c2e-6625-4d6d-ad39-d1745755b3a8');
INSERT INTO t_dict_type (uuid, dict_name, create_user_id,update_user_id) VALUES ('34ff5c2e-6625-4d6d-ad39-d1745755b3a2', '绝育状态', '34ff5c2e-6625-4d6d-ad39-d1745755b3a8','34ff5c2e-6625-4d6d-ad39-d1745755b3a8');
INSERT INTO t_dict_type (uuid, dict_name, create_user_id,update_user_id) VALUES ('34ff5c2e-6625-4d6d-ad39-d1745755b3a3', '疫苗联数', '34ff5c2e-6625-4d6d-ad39-d1745755b3a8','34ff5c2e-6625-4d6d-ad39-d1745755b3a8');
INSERT INTO t_dict_type (uuid, dict_name, create_user_id,update_user_id) VALUES ('34ff5c2e-6625-4d6d-ad39-d1745755b3a4', '单联名称', '34ff5c2e-6625-4d6d-ad39-d1745755b3a8','34ff5c2e-6625-4d6d-ad39-d1745755b3a8');
INSERT INTO t_dict_type (uuid, dict_name, create_user_id,update_user_id) VALUES ('34ff5c2e-6625-4d6d-ad39-d1745755b3a5', '提醒状态', '34ff5c2e-6625-4d6d-ad39-d1745755b3a8','34ff5c2e-6625-4d6d-ad39-d1745755b3a8');
INSERT INTO t_dict_type (uuid, dict_name, create_user_id,update_user_id) VALUES ('34ff5c2e-6625-4d6d-ad39-d1745755b3a6', '执行状态', '34ff5c2e-6625-4d6d-ad39-d1745755b3a8','34ff5c2e-6625-4d6d-ad39-d1745755b3a8');
INSERT INTO t_dict_type (uuid, dict_name, create_user_id,update_user_id) VALUES ('34ff5c2e-6625-4d6d-ad39-d1745755b3a7', '取药状态', '34ff5c2e-6625-4d6d-ad39-d1745755b3a8','34ff5c2e-6625-4d6d-ad39-d1745755b3a8');
INSERT INTO t_dict_type (uuid, dict_name, create_user_id,update_user_id) VALUES ('34ff5c2e-6625-4d6d-ad39-d1745755b3a8', '就诊状态', '34ff5c2e-6625-4d6d-ad39-d1745755b3a8','34ff5c2e-6625-4d6d-ad39-d1745755b3a8');
INSERT INTO t_dict_type (uuid, dict_name, create_user_id,update_user_id) VALUES ('34ff5c2e-6625-4d6d-ad39-d1745755b3a9', '住院状态', '34ff5c2e-6625-4d6d-ad39-d1745755b3a8','34ff5c2e-6625-4d6d-ad39-d1745755b3a8');
INSERT INTO t_dict_type (uuid, dict_name, create_user_id,update_user_id) VALUES ('34ff5c2e-6625-4d6d-ad39-d1745755b310', '付款状态', '34ff5c2e-6625-4d6d-ad39-d1745755b3a8','34ff5c2e-6625-4d6d-ad39-d1745755b3a8');
INSERT INTO t_dict_type (uuid, dict_name, create_user_id,update_user_id) VALUES ('34ff5c2e-6625-4d6d-ad39-d1745755b311', '仓库管理状态', '34ff5c2e-6625-4d6d-ad39-d1745755b3a8','34ff5c2e-6625-4d6d-ad39-d1745755b3a8');
INSERT INTO t_dict_type (uuid, dict_name, create_user_id,update_user_id) VALUES ('34ff5c2e-6625-4d6d-ad39-d1745755b312', '检查状态', '34ff5c2e-6625-4d6d-ad39-d1745755b3a8','34ff5c2e-6625-4d6d-ad39-d1745755b3a8');
INSERT INTO t_dict_type (uuid, dict_name, create_user_id,update_user_id) VALUES ('34ff5c2e-6625-4d6d-ad39-d1745755b313', '寄养状态', '34ff5c2e-6625-4d6d-ad39-d1745755b3a8','34ff5c2e-6625-4d6d-ad39-d1745755b3a8');
INSERT INTO t_dict_type (uuid, dict_name, create_user_id,update_user_id) VALUES ('34ff5c2e-6625-4d6d-ad39-d1745755b327', '宠物状态', '34ff5c2e-6625-4d6d-ad39-d1745755b3a8','34ff5c2e-6625-4d6d-ad39-d1745755b3a8');
INSERT INTO t_dict_type (uuid, dict_name, create_user_id,update_user_id) VALUES ('34ff5c2e-6625-4d6d-ad39-d1745755b328', '会员类型', '34ff5c2e-6625-4d6d-ad39-d1745755b3a8','34ff5c2e-6625-4d6d-ad39-d1745755b3a8');
INSERT INTO t_dict_type (uuid, dict_name, create_user_id,update_user_id) VALUES ('34ff5c2e-6625-4d6d-ad39-d1745755b329', '拓瑞检测状态', '34ff5c2e-6625-4d6d-ad39-d1745755b3a8','34ff5c2e-6625-4d6d-ad39-d1745755b3a8');
INSERT INTO t_dict_type (uuid, dict_name, create_user_id,update_user_id) VALUES ('34ff5c2e-6625-4d6d-ad39-d1745755b330', '拓瑞查询状态', '34ff5c2e-6625-4d6d-ad39-d1745755b3a8','34ff5c2e-6625-4d6d-ad39-d1745755b3a8');
INSERT INTO t_dict_type (uuid, dict_name, create_user_id,update_user_id) VALUES ('34ff5c2e-6625-4d6d-ad39-d1745755b331', '销售退货状态', '34ff5c2e-6625-4d6d-ad39-d1745755b3a8','34ff5c2e-6625-4d6d-ad39-d1745755b3a8');
INSERT INTO t_dict_type (uuid, dict_name, create_user_id,update_user_id) VALUES ('34ff5c2e-6625-4d6d-ad39-d1745755b332', '归还状态', '34ff5c2e-6625-4d6d-ad39-d1745755b3a8','34ff5c2e-6625-4d6d-ad39-d1745755b3a8');
INSERT INTO t_dict_type (uuid, dict_name, create_user_id,update_user_id) VALUES ('34ff5c2e-6625-4d6d-ad39-d1745755b333', '退货类型', '34ff5c2e-6625-4d6d-ad39-d1745755b3a8','34ff5c2e-6625-4d6d-ad39-d1745755b3a8');
INSERT INTO t_dict_type (uuid, dict_name, create_user_id,update_user_id) VALUES ('34ff5c2e-6625-4d6d-ad39-d1745755b334', '耗材类型', '34ff5c2e-6625-4d6d-ad39-d1745755b3a8','34ff5c2e-6625-4d6d-ad39-d1745755b3a8');
---t_dict_type----
---t_app_config---
INSERT INTO t_app_config (uuid,config_name,config_value, description, create_user_id,update_user_id) VALUES (uuid(), '会员生日提醒', '30', '','34ff5c2e-6625-4d6d-ad39-d1745755b3a8','34ff5c2e-6625-4d6d-ad39-d1745755b3a8');
INSERT INTO t_app_config (uuid,config_name,config_value, description, create_user_id,update_user_id) VALUES (uuid(), '宠物生日提醒', '30', '','34ff5c2e-6625-4d6d-ad39-d1745755b3a8','34ff5c2e-6625-4d6d-ad39-d1745755b3a8');
INSERT INTO t_app_config (uuid,config_name,config_value, description, create_user_id,update_user_id) VALUES (uuid(), '寄养预付不足提醒', '5','', '34ff5c2e-6625-4d6d-ad39-d1745755b3a8','34ff5c2e-6625-4d6d-ad39-d1745755b3a8');
INSERT INTO t_app_config (uuid,config_name,config_value, description, create_user_id,update_user_id) VALUES (uuid(), '住院预付不足提醒', '5','', '34ff5c2e-6625-4d6d-ad39-d1745755b3a8','34ff5c2e-6625-4d6d-ad39-d1745755b3a8');
INSERT INTO t_app_config (uuid,config_name,config_value, description, create_user_id,update_user_id) VALUES (uuid(), '寄养到期提醒', '3', '','34ff5c2e-6625-4d6d-ad39-d1745755b3a8','34ff5c2e-6625-4d6d-ad39-d1745755b3a8');
INSERT INTO t_app_config (uuid,config_name,config_value, description, create_user_id,update_user_id) VALUES (uuid(), '住院到期提醒', '3', '','34ff5c2e-6625-4d6d-ad39-d1745755b3a8','34ff5c2e-6625-4d6d-ad39-d1745755b3a8');
INSERT INTO t_app_config (uuid,config_name,config_value, description, create_user_id,update_user_id) VALUES (uuid(), '库存不足提醒', '5', '','34ff5c2e-6625-4d6d-ad39-d1745755b3a8','34ff5c2e-6625-4d6d-ad39-d1745755b3a8');
INSERT INTO t_app_config (uuid,config_name,config_value, description, create_user_id,update_user_id) VALUES (uuid(), '商品到期提醒', '60','', '34ff5c2e-6625-4d6d-ad39-d1745755b3a8','34ff5c2e-6625-4d6d-ad39-d1745755b3a8');
INSERT INTO t_app_config (uuid,config_name,config_value, description, create_user_id,update_user_id) VALUES (uuid(), '驱虫疫苗提醒', '15', '驱虫疫苗提醒', '34ff5c2e-6625-4d6d-ad39-d1745755b3a8','34ff5c2e-6625-4d6d-ad39-d1745755b3a8');
INSERT INTO t_app_config (uuid,config_name,config_value, description, create_user_id,update_user_id) VALUES (uuid(), '挂号业务员', 'YGJS000000001,YGJS000000002,YGJS000000003,YGJS000000004', '挂号业务员', '34ff5c2e-6625-4d6d-ad39-d1745755b3a8','34ff5c2e-6625-4d6d-ad39-d1745755b3a8');
INSERT INTO t_app_config (uuid,config_name,config_value, description, create_user_id,update_user_id) VALUES (uuid(), '挂号医生', 'YGJS000000001,YGJS000000002,YGJS000000003,YGJS000000004', '挂号医生', '34ff5c2e-6625-4d6d-ad39-d1745755b3a8','34ff5c2e-6625-4d6d-ad39-d1745755b3a8');
INSERT INTO t_app_config (uuid,config_name,config_value, description, create_user_id,update_user_id) VALUES (uuid(), '寄养主管人员', 'YGJS000000001,YGJS000000002,YGJS000000003,YGJS000000004', '寄养主管人员', '34ff5c2e-6625-4d6d-ad39-d1745755b3a8','34ff5c2e-6625-4d6d-ad39-d1745755b3a8');
INSERT INTO t_app_config (uuid,config_name,config_value, description, create_user_id,update_user_id) VALUES (uuid(), '住院主管人员', 'YGJS000000001,YGJS000000002,YGJS000000003,YGJS000000004', '住院主管人员', '34ff5c2e-6625-4d6d-ad39-d1745755b3a8','34ff5c2e-6625-4d6d-ad39-d1745755b3a8');
INSERT INTO t_app_config (uuid,config_name,config_value, description, create_user_id,update_user_id) VALUES (uuid(), '会员生日提醒是否发送信息', '是', '是否发送信息', '34ff5c2e-6625-4d6d-ad39-d1745755b3a8','34ff5c2e-6625-4d6d-ad39-d1745755b3a8');
INSERT INTO t_app_config (uuid,config_name,config_value, description, create_user_id,update_user_id) VALUES (uuid(), '宠物生日提醒是否发送信息', '是', '是否发送信息', '34ff5c2e-6625-4d6d-ad39-d1745755b3a8','34ff5c2e-6625-4d6d-ad39-d1745755b3a8');
INSERT INTO t_app_config (uuid,config_name,config_value, description, create_user_id,update_user_id) VALUES (uuid(), '住院到期提醒是否发送信息', '是', '是否发送信息', '34ff5c2e-6625-4d6d-ad39-d1745755b3a8','34ff5c2e-6625-4d6d-ad39-d1745755b3a8');
INSERT INTO t_app_config (uuid,config_name,config_value, description, create_user_id,update_user_id) VALUES (uuid(), '寄养到期提醒是否发送信息', '是', '是否发送信息', '34ff5c2e-6625-4d6d-ad39-d1745755b3a8','34ff5c2e-6625-4d6d-ad39-d1745755b3a8');
INSERT INTO t_app_config (uuid,config_name,config_value, description, create_user_id,update_user_id) VALUES (uuid(), '寄养预付不足提醒是否发送信息', '是', '是否发送信息', '34ff5c2e-6625-4d6d-ad39-d1745755b3a8','34ff5c2e-6625-4d6d-ad39-d1745755b3a8');
INSERT INTO t_app_config (uuid,config_name,config_value, description, create_user_id,update_user_id) VALUES (uuid(), '住院预付不足提醒是否发送信息', '是', '是否发送信息', '34ff5c2e-6625-4d6d-ad39-d1745755b3a8','34ff5c2e-6625-4d6d-ad39-d1745755b3a8');
INSERT INTO t_app_config (uuid,config_name,config_value, description, create_user_id,update_user_id) VALUES (uuid(), '驱虫疫苗是否发送信息', '是', '驱虫疫苗是否发送信息', '34ff5c2e-6625-4d6d-ad39-d1745755b3a8','34ff5c2e-6625-4d6d-ad39-d1745755b3a8');
INSERT INTO t_app_config (uuid,config_name,config_value, description, create_user_id,update_user_id) VALUES (uuid(), '会员生日提醒短信模板', '亲爱的{{会员姓名}},{{生日日期}}是您的生日 ,祝您生日快乐', '会员生日提醒短信模板', '34ff5c2e-6625-4d6d-ad39-d1745755b3a8','34ff5c2e-6625-4d6d-ad39-d1745755b3a8');
INSERT INTO t_app_config (uuid,config_name,config_value, description, create_user_id,update_user_id) VALUES (uuid(), '宠物生日提醒短信模板', '亲爱的{{会员姓名}},{{生日日期}}是您的爱宠{{宠物昵称}}的生日,生日快乐', '宠物生日提醒短信模板', '34ff5c2e-6625-4d6d-ad39-d1745755b3a8','34ff5c2e-6625-4d6d-ad39-d1745755b3a8');
INSERT INTO t_app_config (uuid,config_name,config_value, description, create_user_id,update_user_id) VALUES (uuid(), '住院过期提醒短信模板', '亲爱的{{会员姓名}},您的{{宠物昵称}}将于{{到期日期}}住院到期', '住院到期提醒短信模板', '34ff5c2e-6625-4d6d-ad39-d1745755b3a8','34ff5c2e-6625-4d6d-ad39-d1745755b3a8');
INSERT INTO t_app_config (uuid,config_name,config_value, description, create_user_id,update_user_id) VALUES (uuid(), '寄养过期提醒短信模板', '亲爱的{{会员姓名}},您的{{宠物昵称}}将于{{到期日期}}寄养到期', '寄养到期提醒短信模板', '34ff5c2e-6625-4d6d-ad39-d1745755b3a8','34ff5c2e-6625-4d6d-ad39-d1745755b3a8');
INSERT INTO t_app_config (uuid,config_name,config_value, description, create_user_id,update_user_id) VALUES (uuid(), '寄养预付不足提醒短信模板', '亲爱的{{会员姓名}},您的{{宠物昵称}}寄养预付已不足,请及时续费', '寄养预付不足提醒短信模板', '34ff5c2e-6625-4d6d-ad39-d1745755b3a8','34ff5c2e-6625-4d6d-ad39-d1745755b3a8');
INSERT INTO t_app_config (uuid,config_name,config_value, description, create_user_id,update_user_id) VALUES (uuid(), '住院预付不足提醒短信模板', '亲爱的{{会员姓名}},您的{{宠物昵称}}住院预付已不足,请及时续费', '住院预付不足提醒短信模板', '34ff5c2e-6625-4d6d-ad39-d1745755b3a8','34ff5c2e-6625-4d6d-ad39-d1745755b3a8');
INSERT INTO t_app_config (uuid,config_name,config_value, description, create_user_id,update_user_id) VALUES (uuid(), '驱虫疫苗提醒短信模板', '亲爱的{{会员姓名}},您的{{宠物昵称}}需要在{{执行日期}}执行驱虫疫苗,请如期执行', '驱虫疫苗提醒短信模板', '34ff5c2e-6625-4d6d-ad39-d1745755b3a8','34ff5c2e-6625-4d6d-ad39-d1745755b3a8');
INSERT INTO t_app_config (uuid,config_name,config_value, description, create_user_id,update_user_id) VALUES (uuid(), '拓瑞权威模板更新日期', '2016-01-07 12:12:12', '拓瑞权威模板更新日期', '34ff5c2e-6625-4d6d-ad39-d1745755b3a8','34ff5c2e-6625-4d6d-ad39-d1745755b3a8');
INSERT INTO t_app_config (uuid,config_name,config_value, description, create_user_id,update_user_id) VALUES (uuid(), '拓瑞检测单提醒短信模板', '亲爱的{{会员姓名}},您的{{宠物昵称}}检测单号为{{拓瑞检测单号}}的检测已经有结果,请与医生联系查看结果', '拓瑞检测单提醒短信模板', '34ff5c2e-6625-4d6d-ad39-d1745755b3a8','34ff5c2e-6625-4d6d-ad39-d1745755b3a8');
INSERT INTO t_app_config (uuid,config_name,config_value, description, create_user_id,update_user_id) VALUES (uuid(), '上传更新配置参数', '60', '上传更新配置参数，单位为分钟。', '34ff5c2e-6625-4d6d-ad39-d1745755b3a8','34ff5c2e-6625-4d6d-ad39-d1745755b3a8');
INSERT INTO t_app_config (uuid,config_name,config_value, description, create_user_id,update_user_id) VALUES (uuid(), '宠物编号前缀', 'CP', '宠物编号前缀', '34ff5c2e-6625-4d6d-ad39-d1745755b3a8','34ff5c2e-6625-4d6d-ad39-d1745755b3a8');
INSERT INTO t_app_config (uuid,config_name,config_value, description, create_user_id,update_user_id) VALUES (uuid(), '会员编号前缀', 'VIP', '会员编号前缀', '34ff5c2e-6625-4d6d-ad39-d1745755b3a8','34ff5c2e-6625-4d6d-ad39-d1745755b3a8');
INSERT INTO t_app_config (uuid,config_name,config_value, description, create_user_id,update_user_id) VALUES (uuid(), '病历编号前缀', 'BL', '病历编号前缀', '34ff5c2e-6625-4d6d-ad39-d1745755b3a8','34ff5c2e-6625-4d6d-ad39-d1745755b3a8');
INSERT INTO t_app_config (uuid,config_name,config_value, description, create_user_id,update_user_id) VALUES (uuid(), '销售单号前缀', 'XS', '销售单号前缀', '34ff5c2e-6625-4d6d-ad39-d1745755b3a8','34ff5c2e-6625-4d6d-ad39-d1745755b3a8');
INSERT INTO t_app_config (uuid,config_name,config_value, description, create_user_id,update_user_id) VALUES (uuid(), '寄养编号前缀', 'JY', '寄养编号前缀', '34ff5c2e-6625-4d6d-ad39-d1745755b3a8','34ff5c2e-6625-4d6d-ad39-d1745755b3a8');
INSERT INTO t_app_config (uuid,config_name,config_value, description, create_user_id,update_user_id) VALUES (uuid(), '住院编号前缀', 'ZY', '住院编号前缀', '34ff5c2e-6625-4d6d-ad39-d1745755b3a8','34ff5c2e-6625-4d6d-ad39-d1745755b3a8');
INSERT INTO t_app_config (uuid,config_name,config_value, description, create_user_id,update_user_id) VALUES (uuid(), '结算单号前缀', 'JS', '结算单号前缀', '34ff5c2e-6625-4d6d-ad39-d1745755b3a8','34ff5c2e-6625-4d6d-ad39-d1745755b3a8');
INSERT INTO t_app_config (uuid,config_name,config_value, description, create_user_id,update_user_id) VALUES (uuid(), '驱虫疫苗组号前缀', 'YM', '驱虫疫苗组号前缀', '34ff5c2e-6625-4d6d-ad39-d1745755b3a8','34ff5c2e-6625-4d6d-ad39-d1745755b3a8');
INSERT INTO t_app_config (uuid,config_name,config_value, description, create_user_id,update_user_id) VALUES (uuid(), '库存条码前缀', 'WF', '库存条码前缀', '34ff5c2e-6625-4d6d-ad39-d1745755b3a8','34ff5c2e-6625-4d6d-ad39-d1745755b3a8');
INSERT INTO t_app_config (uuid,config_name,config_value, description, create_user_id,update_user_id) VALUES (uuid(), '入库单号前缀', 'RK', '入库单号前缀', '34ff5c2e-6625-4d6d-ad39-d1745755b3a8','34ff5c2e-6625-4d6d-ad39-d1745755b3a8');
INSERT INTO t_app_config (uuid,config_name,config_value, description, create_user_id,update_user_id) VALUES (uuid(), '出库单号前缀', 'CK', '出库单号前缀', '34ff5c2e-6625-4d6d-ad39-d1745755b3a8','34ff5c2e-6625-4d6d-ad39-d1745755b3a8');
INSERT INTO t_app_config (uuid,config_name,config_value, description, create_user_id,update_user_id) VALUES (uuid(), '退货单号前缀', 'TH', '退货单号前缀', '34ff5c2e-6625-4d6d-ad39-d1745755b3a8','34ff5c2e-6625-4d6d-ad39-d1745755b3a8');
INSERT INTO t_app_config (uuid,config_name,config_value, description, create_user_id,update_user_id) VALUES (uuid(), '处方流水前缀', 'CF', '处方流水前缀', '34ff5c2e-6625-4d6d-ad39-d1745755b3a8','34ff5c2e-6625-4d6d-ad39-d1745755b3a8');
INSERT INTO t_app_config (uuid,config_name,config_value, description, create_user_id,update_user_id) VALUES (uuid(), '宠物编号长度', '10', '宠物编号长度', '34ff5c2e-6625-4d6d-ad39-d1745755b3a8','34ff5c2e-6625-4d6d-ad39-d1745755b3a8');
INSERT INTO t_app_config (uuid,config_name,config_value, description, create_user_id,update_user_id) VALUES (uuid(), '会员编号长度', '10', '会员编号长度', '34ff5c2e-6625-4d6d-ad39-d1745755b3a8','34ff5c2e-6625-4d6d-ad39-d1745755b3a8');
INSERT INTO t_app_config (uuid,config_name,config_value, description, create_user_id,update_user_id) VALUES (uuid(), '病历编号长度', '10', '病历编号长度', '34ff5c2e-6625-4d6d-ad39-d1745755b3a8','34ff5c2e-6625-4d6d-ad39-d1745755b3a8');
INSERT INTO t_app_config (uuid,config_name,config_value, description, create_user_id,update_user_id) VALUES (uuid(), '销售单号长度', '5', '销售单号长度', '34ff5c2e-6625-4d6d-ad39-d1745755b3a8','34ff5c2e-6625-4d6d-ad39-d1745755b3a8');
INSERT INTO t_app_config (uuid,config_name,config_value, description, create_user_id,update_user_id) VALUES (uuid(), '寄养编号长度', '5', '寄养编号长度', '34ff5c2e-6625-4d6d-ad39-d1745755b3a8','34ff5c2e-6625-4d6d-ad39-d1745755b3a8');
INSERT INTO t_app_config (uuid,config_name,config_value, description, create_user_id,update_user_id) VALUES (uuid(), '住院编号长度', '5', '住院编号长度', '34ff5c2e-6625-4d6d-ad39-d1745755b3a8','34ff5c2e-6625-4d6d-ad39-d1745755b3a8');
INSERT INTO t_app_config (uuid,config_name,config_value, description, create_user_id,update_user_id) VALUES (uuid(), '结算单号长度', '5', '结算单号长度', '34ff5c2e-6625-4d6d-ad39-d1745755b3a8','34ff5c2e-6625-4d6d-ad39-d1745755b3a8');
INSERT INTO t_app_config (uuid,config_name,config_value, description, create_user_id,update_user_id) VALUES (uuid(), '驱虫疫苗组号长度', '5', '驱虫疫苗组号长度', '34ff5c2e-6625-4d6d-ad39-d1745755b3a8','34ff5c2e-6625-4d6d-ad39-d1745755b3a8');
INSERT INTO t_app_config (uuid,config_name,config_value, description, create_user_id,update_user_id) VALUES (uuid(), '库存条码长度', '5', '库存条码长度', '34ff5c2e-6625-4d6d-ad39-d1745755b3a8','34ff5c2e-6625-4d6d-ad39-d1745755b3a8');
INSERT INTO t_app_config (uuid,config_name,config_value, description, create_user_id,update_user_id) VALUES (uuid(), '入库单号长度', '5', '入库单号长度', '34ff5c2e-6625-4d6d-ad39-d1745755b3a8','34ff5c2e-6625-4d6d-ad39-d1745755b3a8');
INSERT INTO t_app_config (uuid,config_name,config_value, description, create_user_id,update_user_id) VALUES (uuid(), '出库单号长度', '5', '出库单号长度', '34ff5c2e-6625-4d6d-ad39-d1745755b3a8','34ff5c2e-6625-4d6d-ad39-d1745755b3a8');
INSERT INTO t_app_config (uuid,config_name,config_value, description, create_user_id,update_user_id) VALUES (uuid(), '退货单号长度', '5', '退货单号长度', '34ff5c2e-6625-4d6d-ad39-d1745755b3a8','34ff5c2e-6625-4d6d-ad39-d1745755b3a8');
INSERT INTO t_app_config (uuid,config_name,config_value, description, create_user_id,update_user_id) VALUES (uuid(), '处方流水长度', '5', '处方流水长度', '34ff5c2e-6625-4d6d-ad39-d1745755b3a8','34ff5c2e-6625-4d6d-ad39-d1745755b3a8');
INSERT INTO t_app_config (uuid,config_name,config_value, description, create_user_id,update_user_id) VALUES (uuid(), '经销商编号前缀', 'SP', '经销商号前缀', '34ff5c2e-6625-4d6d-ad39-d1745755b3a8','34ff5c2e-6625-4d6d-ad39-d1745755b3a8');
INSERT INTO t_app_config (uuid,config_name,config_value, description, create_user_id,update_user_id) VALUES (uuid(), '商品服务前缀', 'BC', '商品服务前缀', '34ff5c2e-6625-4d6d-ad39-d1745755b3a8','34ff5c2e-6625-4d6d-ad39-d1745755b3a8');
INSERT INTO t_app_config (uuid,config_name,config_value, description, create_user_id,update_user_id) VALUES (uuid(), '字典编号前缀', 'DM', '字典编号前缀', '34ff5c2e-6625-4d6d-ad39-d1745755b3a8','34ff5c2e-6625-4d6d-ad39-d1745755b3a8');
INSERT INTO t_app_config (uuid,config_name,config_value, description, create_user_id,update_user_id) VALUES (uuid(), '角色编号前缀', 'YGJS', '角色编号前缀', '34ff5c2e-6625-4d6d-ad39-d1745755b3a8','34ff5c2e-6625-4d6d-ad39-d1745755b3a8');
INSERT INTO t_app_config (uuid,config_name,config_value, description, create_user_id,update_user_id) VALUES (uuid(), '个人处方模板前缀', 'GRMB', '个人处方模板前缀', '34ff5c2e-6625-4d6d-ad39-d1745755b3a8','34ff5c2e-6625-4d6d-ad39-d1745755b3a8');
INSERT INTO t_app_config (uuid,config_name,config_value, description, create_user_id,update_user_id) VALUES (uuid(), '个人处方前缀', 'GRCF', '个人处方前缀', '34ff5c2e-6625-4d6d-ad39-d1745755b3a8','34ff5c2e-6625-4d6d-ad39-d1745755b3a8');
INSERT INTO t_app_config (uuid,config_name,config_value, description, create_user_id,update_user_id) VALUES (uuid(), '仓库编号前缀', 'CK', '仓库编号前缀', '34ff5c2e-6625-4d6d-ad39-d1745755b3a8','34ff5c2e-6625-4d6d-ad39-d1745755b3a8');
INSERT INTO t_app_config (uuid,config_name,config_value, description, create_user_id,update_user_id) VALUES (uuid(), '员工编号前缀', 'EM', '员工编号前缀', '34ff5c2e-6625-4d6d-ad39-d1745755b3a8','34ff5c2e-6625-4d6d-ad39-d1745755b3a8');
INSERT INTO t_app_config (uuid,config_name,config_value, description, create_user_id,update_user_id) VALUES (uuid(), '经销商编号长度', '10', '经销商号长度', '34ff5c2e-6625-4d6d-ad39-d1745755b3a8','34ff5c2e-6625-4d6d-ad39-d1745755b3a8');
INSERT INTO t_app_config (uuid,config_name,config_value, description, create_user_id,update_user_id) VALUES (uuid(), '商品服务长度', '5', '商品服务长度', '34ff5c2e-6625-4d6d-ad39-d1745755b3a8','34ff5c2e-6625-4d6d-ad39-d1745755b3a8');
INSERT INTO t_app_config (uuid,config_name,config_value, description, create_user_id,update_user_id) VALUES (uuid(), '字典编号长度', '10', '字典编号长度', '34ff5c2e-6625-4d6d-ad39-d1745755b3a8','34ff5c2e-6625-4d6d-ad39-d1745755b3a8');
INSERT INTO t_app_config (uuid,config_name,config_value, description, create_user_id,update_user_id) VALUES (uuid(), '角色编号长度', '10', '角色编号长度', '34ff5c2e-6625-4d6d-ad39-d1745755b3a8','34ff5c2e-6625-4d6d-ad39-d1745755b3a8');
INSERT INTO t_app_config (uuid,config_name,config_value, description, create_user_id,update_user_id) VALUES (uuid(), '个人处方模板长度', '5', '个人处方模板长度', '34ff5c2e-6625-4d6d-ad39-d1745755b3a8','34ff5c2e-6625-4d6d-ad39-d1745755b3a8');
INSERT INTO t_app_config (uuid,config_name,config_value, description, create_user_id,update_user_id) VALUES (uuid(), '个人处方长度', '5', '个人处方长度', '34ff5c2e-6625-4d6d-ad39-d1745755b3a8','34ff5c2e-6625-4d6d-ad39-d1745755b3a8');
INSERT INTO t_app_config (uuid,config_name,config_value, description, create_user_id,update_user_id) VALUES (uuid(), '仓库编号长度', '5', '仓库编号长度', '34ff5c2e-6625-4d6d-ad39-d1745755b3a8','34ff5c2e-6625-4d6d-ad39-d1745755b3a8');
INSERT INTO t_app_config (uuid,config_name,config_value, description, create_user_id,update_user_id) VALUES (uuid(), '员工编号长度', '10', '员工编号长度', '34ff5c2e-6625-4d6d-ad39-d1745755b3a8','34ff5c2e-6625-4d6d-ad39-d1745755b3a8');
INSERT INTO t_app_config (uuid,config_name,config_value, description, create_user_id,update_user_id) VALUES (uuid(), '服务类型前缀', 'FWLX', '服务类型前缀', '34ff5c2e-6625-4d6d-ad39-d1745755b3a8','34ff5c2e-6625-4d6d-ad39-d1745755b3a8');
INSERT INTO t_app_config (uuid,config_name,config_value, description, create_user_id,update_user_id) VALUES (uuid(), '服务类型长度', '5', '服务类型长度', '34ff5c2e-6625-4d6d-ad39-d1745755b3a8','34ff5c2e-6625-4d6d-ad39-d1745755b3a8');
INSERT INTO t_app_config (uuid,config_name,config_value, description, create_user_id,update_user_id) VALUES (uuid(), '会员等级前缀', 'HYDJ', '会员等级前缀', '34ff5c2e-6625-4d6d-ad39-d1745755b3a8','34ff5c2e-6625-4d6d-ad39-d1745755b3a8');
INSERT INTO t_app_config (uuid,config_name,config_value, description, create_user_id,update_user_id) VALUES (uuid(), '会员等级长度', '5', '会员等级长度', '34ff5c2e-6625-4d6d-ad39-d1745755b3a8','34ff5c2e-6625-4d6d-ad39-d1745755b3a8');
INSERT INTO t_app_config (uuid,config_name,config_value, description, create_user_id,update_user_id) VALUES (uuid(), '移库编号前缀', 'YK', '移库编号前缀', '34ff5c2e-6625-4d6d-ad39-d1745755b3a8','34ff5c2e-6625-4d6d-ad39-d1745755b3a8');
INSERT INTO t_app_config (uuid,config_name,config_value, description, create_user_id,update_user_id) VALUES (uuid(), '移库编号长度', '5', '移库编号长度', '34ff5c2e-6625-4d6d-ad39-d1745755b3a8','34ff5c2e-6625-4d6d-ad39-d1745755b3a8');
INSERT INTO t_app_config (uuid,config_name,config_value, description, create_user_id,update_user_id) VALUES (uuid(), '服务编号前缀', 'FW', '服务编号前缀', '34ff5c2e-6625-4d6d-ad39-d1745755b3a8','34ff5c2e-6625-4d6d-ad39-d1745755b3a8');
INSERT INTO t_app_config (uuid,config_name,config_value, description, create_user_id,update_user_id) VALUES (uuid(), '服务编号长度', '5', '服务编号长度', '34ff5c2e-6625-4d6d-ad39-d1745755b3a8','34ff5c2e-6625-4d6d-ad39-d1745755b3a8');
INSERT INTO t_app_config (uuid,config_name,config_value, description, create_user_id,update_user_id) VALUES (uuid(), '美容师', 'YGJS000000001,YGJS000000002,YGJS000000003,YGJS000000004,YGJS0000000005,YGJS0000000006', '美容师', '34ff5c2e-6625-4d6d-ad39-d1745755b3a8','34ff5c2e-6625-4d6d-ad39-d1745755b3a8');
INSERT INTO t_app_config (uuid,config_name,config_value, description, create_user_id,update_user_id) VALUES (uuid(), '美容助理', 'YGJS000000001,YGJS000000002,YGJS000000003,YGJS000000004,YGJS0000000005,YGJS0000000006', '美容助理', '34ff5c2e-6625-4d6d-ad39-d1745755b3a8','34ff5c2e-6625-4d6d-ad39-d1745755b3a8');
INSERT INTO t_app_config (uuid,config_name,config_value, description, create_user_id,update_user_id) VALUES (uuid(), '助理医生', 'YGJS000000001,YGJS000000002,YGJS000000003,YGJS000000004', '助理医生', '34ff5c2e-6625-4d6d-ad39-d1745755b3a8','34ff5c2e-6625-4d6d-ad39-d1745755b3a8');
INSERT INTO t_app_config (uuid,config_name,config_value, description, create_user_id,update_user_id) VALUES (uuid(), '住院业务员', 'YGJS000000001,YGJS000000002,YGJS000000003,YGJS000000004', '住院业务员', '34ff5c2e-6625-4d6d-ad39-d1745755b3a8','34ff5c2e-6625-4d6d-ad39-d1745755b3a8');
INSERT INTO t_app_config (uuid,config_name,config_value, description, create_user_id,update_user_id) VALUES (uuid(), '寄养业务员', 'YGJS000000001,YGJS000000002,YGJS000000003,YGJS000000004', '寄养业务员', '34ff5c2e-6625-4d6d-ad39-d1745755b3a8','34ff5c2e-6625-4d6d-ad39-d1745755b3a8');
INSERT INTO t_app_config (uuid,config_name,config_value, description, create_user_id,update_user_id) VALUES (uuid(), '盘点单编号前缀', 'PD', '盘点单编号前缀', '34ff5c2e-6625-4d6d-ad39-d1745755b3a8','34ff5c2e-6625-4d6d-ad39-d1745755b3a8');
INSERT INTO t_app_config (uuid,config_name,config_value, description, create_user_id,update_user_id) VALUES (uuid(), '盘点单编号长度', '5', '盘点单编号长度', '34ff5c2e-6625-4d6d-ad39-d1745755b3a8','34ff5c2e-6625-4d6d-ad39-d1745755b3a8');
INSERT INTO t_app_config (uuid,config_name,config_value, description, create_user_id,update_user_id) VALUES (uuid(), '驱虫疫苗免责声明', '生命是一个动态的过程，潜在很多不可预知的变数，本医院为您的宠物提供尽可能的安全驱虫疫苗服务，但宠物在执行驱虫疫苗后可能会出现过敏反应，这些过敏反应包括：呕吐、皮肤红斑、皮肤红肿、瘙痒、粘膜红肿、急性休克等。如果非药物质量问题或用药失误问题，本医院概不负责。', '驱虫疫苗免责声明', '34ff5c2e-6625-4d6d-ad39-d1745755b3a8','34ff5c2e-6625-4d6d-ad39-d1745755b3a8');
INSERT INTO t_app_config (uuid,config_name,config_value, description, create_user_id,update_user_id) VALUES (uuid(), '销售退货单号前缀', 'XT', '销售退货单号前缀', '34ff5c2e-6625-4d6d-ad39-d1745755b3a8','34ff5c2e-6625-4d6d-ad39-d1745755b3a8');
INSERT INTO t_app_config (uuid,config_name,config_value, description, create_user_id,update_user_id) VALUES (uuid(), '销售退货单号长度', '5', '销售退货单号长度', '34ff5c2e-6625-4d6d-ad39-d1745755b3a8','34ff5c2e-6625-4d6d-ad39-d1745755b3a8');
INSERT INTO t_app_config (uuid,config_name,config_value, description, create_user_id,update_user_id) VALUES (uuid(), '驱虫疫苗主冶医生', 'YGJS000000001,YGJS000000002,YGJS000000003,YGJS000000004', '驱虫疫苗主冶医生', '34ff5c2e-6625-4d6d-ad39-d1745755b3a8','34ff5c2e-6625-4d6d-ad39-d1745755b3a8');
INSERT INTO t_app_config (uuid,config_name,config_value, description, create_user_id,update_user_id) VALUES (uuid(), '驱虫疫苗助理医生', 'YGJS000000001,YGJS000000002,YGJS000000003,YGJS000000004', '驱虫疫苗助理医生', '34ff5c2e-6625-4d6d-ad39-d1745755b3a8','34ff5c2e-6625-4d6d-ad39-d1745755b3a8');
INSERT INTO t_app_config (uuid,config_name,config_value, description, create_user_id,update_user_id) VALUES (uuid(), '刷新间隔', '60', '单位（秒）', '34ff5c2e-6625-4d6d-ad39-d1745755b3a8','34ff5c2e-6625-4d6d-ad39-d1745755b3a8');
INSERT INTO t_app_config (uuid,config_name,config_value, description, create_user_id,update_user_id) VALUES (uuid(), '驱虫疫苗执行人', 'YGJS000000001,YGJS000000002,YGJS000000003,YGJS000000004', '驱虫疫苗执行人', '34ff5c2e-6625-4d6d-ad39-d1745755b3a8','34ff5c2e-6625-4d6d-ad39-d1745755b3a8');
INSERT INTO t_app_config (uuid,config_name,config_value, description, create_user_id,update_user_id) VALUES (uuid(), '驱虫疫苗提醒过期时间', '7', '天', '34ff5c2e-6625-4d6d-ad39-d1745755b3a8','34ff5c2e-6625-4d6d-ad39-d1745755b3a8');
INSERT INTO t_app_config (uuid,config_name,config_value, description, create_user_id,update_user_id) VALUES (uuid(), '是否启用积分', '否', '积分启用状态', '34ff5c2e-6625-4d6d-ad39-d1745755b3a8','34ff5c2e-6625-4d6d-ad39-d1745755b3a8');
INSERT INTO t_app_config (uuid,config_name,config_value, description, create_user_id,update_user_id) VALUES (uuid(), '积分比例', '1', '每消费一元累积积分数量', '34ff5c2e-6625-4d6d-ad39-d1745755b3a8','34ff5c2e-6625-4d6d-ad39-d1745755b3a8');
INSERT INTO t_app_config (uuid,config_name,config_value, description, create_user_id,update_user_id) VALUES (uuid(), '费用不足提醒', '5', '费用不足提醒', '34ff5c2e-6625-4d6d-ad39-d1745755b3a8','34ff5c2e-6625-4d6d-ad39-d1745755b3a8');
INSERT INTO t_app_config (uuid,config_name,config_value, description, create_user_id,update_user_id) VALUES (uuid(), '费用不足提醒短信模板', '亲爱的{{会员姓名}},您的预付：{{预付金}}消费总额：{{消费总额}},请及时续费', '', '34ff5c2e-6625-4d6d-ad39-d1745755b3a8','34ff5c2e-6625-4d6d-ad39-d1745755b3a8');
INSERT INTO t_app_config (uuid,config_name,config_value, description, create_user_id,update_user_id) VALUES (uuid(), '费用不足提醒是否发送信息', '是', '', '34ff5c2e-6625-4d6d-ad39-d1745755b3a8','34ff5c2e-6625-4d6d-ad39-d1745755b3a8');
INSERT INTO t_app_config (uuid,config_name,config_value, description, create_user_id,update_user_id) VALUES (uuid(), '尿检设备号', '', '尿检设备号', '34ff5c2e-6625-4d6d-ad39-d1745755b3a8','34ff5c2e-6625-4d6d-ad39-d1745755b3a8');
---t_app_config---

---t_trprescription_template_type---

INSERT INTO t_trprescription_template_type (uuid, type_no,parent_id,type_name,gest_id,create_user_id,update_user_id) VALUES ('34ff5c2e-6625-4d6d-ad39-d1745755b3a1', 'MB10', '', '犬、猫免疫性疾病', 0, '34ff5c2e-6625-4d6d-ad39-d1745755b3a8','34ff5c2e-6625-4d6d-ad39-d1745755b3a8');
INSERT INTO t_trprescription_template_type (uuid, type_no,parent_id,type_name,gest_id,create_user_id,update_user_id) VALUES ('34ff5c2e-6625-4d6d-ad39-d1745755b3a2', 'MB11', '', '犬、猫营养及代谢性疾病', 0, '34ff5c2e-6625-4d6d-ad39-d1745755b3a8','34ff5c2e-6625-4d6d-ad39-d1745755b3a8');
INSERT INTO t_trprescription_template_type (uuid, type_no,parent_id,type_name,gest_id,create_user_id,update_user_id) VALUES ('34ff5c2e-6625-4d6d-ad39-d1745755b3a3', 'MB101', '', '呼吸器官', 0, '34ff5c2e-6625-4d6d-ad39-d1745755b3a8','34ff5c2e-6625-4d6d-ad39-d1745755b3a8');
INSERT INTO t_trprescription_template_type (uuid, type_no,parent_id,type_name,gest_id,create_user_id,update_user_id) VALUES ('34ff5c2e-6625-4d6d-ad39-d1745755b3a4', 'MB102', '', '皮肤科', 0, '34ff5c2e-6625-4d6d-ad39-d1745755b3a8','34ff5c2e-6625-4d6d-ad39-d1745755b3a8');
INSERT INTO t_trprescription_template_type (uuid, type_no,parent_id,type_name,gest_id,create_user_id,update_user_id) VALUES ('34ff5c2e-6625-4d6d-ad39-d1745755b3a5', 'MB103', '', '手术', 0, '34ff5c2e-6625-4d6d-ad39-d1745755b3a8','34ff5c2e-6625-4d6d-ad39-d1745755b3a8');
INSERT INTO t_trprescription_template_type (uuid, type_no,parent_id,type_name,gest_id,create_user_id,update_user_id) VALUES ('34ff5c2e-6625-4d6d-ad39-d1745755b3a6', 'MB104', '', '外耳炎', 0, '34ff5c2e-6625-4d6d-ad39-d1745755b3a8','34ff5c2e-6625-4d6d-ad39-d1745755b3a8');
INSERT INTO t_trprescription_template_type (uuid, type_no,parent_id,type_name,gest_id,create_user_id,update_user_id) VALUES ('34ff5c2e-6625-4d6d-ad39-d1745755b3a7', 'MB105', '', '细小', 0, '34ff5c2e-6625-4d6d-ad39-d1745755b3a8','34ff5c2e-6625-4d6d-ad39-d1745755b3a8');
INSERT INTO t_trprescription_template_type (uuid, type_no,parent_id,type_name,gest_id,create_user_id,update_user_id) VALUES ('34ff5c2e-6625-4d6d-ad39-d1745755b3a8', 'MB106', '', '消化器官', 0, '34ff5c2e-6625-4d6d-ad39-d1745755b3a8','34ff5c2e-6625-4d6d-ad39-d1745755b3a8');
INSERT INTO t_trprescription_template_type (uuid, type_no,parent_id,type_name,gest_id,create_user_id,update_user_id) VALUES ('34ff5c2e-6625-4d6d-ad39-d1745755b3a9', 'MB107', '', '心丝虫', 0, '34ff5c2e-6625-4d6d-ad39-d1745755b3a8','34ff5c2e-6625-4d6d-ad39-d1745755b3a8');
INSERT INTO t_trprescription_template_type (uuid, type_no,parent_id,type_name,gest_id,create_user_id,update_user_id) VALUES ('34ff5c2e-6625-4d6d-ad39-d1745755b310', 'MB108', '', '心脏', 0, '34ff5c2e-6625-4d6d-ad39-d1745755b3a8','34ff5c2e-6625-4d6d-ad39-d1745755b3a8');
INSERT INTO t_trprescription_template_type (uuid, type_no,parent_id,type_name,gest_id,create_user_id,update_user_id) VALUES ('34ff5c2e-6625-4d6d-ad39-d1745755b311', 'MB109', '', '牙科', 0, '34ff5c2e-6625-4d6d-ad39-d1745755b3a8','34ff5c2e-6625-4d6d-ad39-d1745755b3a8');
INSERT INTO t_trprescription_template_type (uuid, type_no,parent_id,type_name,gest_id,create_user_id,update_user_id) VALUES ('34ff5c2e-6625-4d6d-ad39-d1745755b312', 'MB110', '', '眼科', 0, '34ff5c2e-6625-4d6d-ad39-d1745755b3a8','34ff5c2e-6625-4d6d-ad39-d1745755b3a8');
INSERT INTO t_trprescription_template_type (uuid, type_no,parent_id,type_name,gest_id,create_user_id,update_user_id) VALUES ('34ff5c2e-6625-4d6d-ad39-d1745755b313', 'MB103101', '34ff5c2e-6625-4d6d-ad39-d1745755b3a5', '产科', 0, '34ff5c2e-6625-4d6d-ad39-d1745755b3a8','34ff5c2e-6625-4d6d-ad39-d1745755b3a8');
INSERT INTO t_trprescription_template_type (uuid, type_no,parent_id,type_name,gest_id,create_user_id,update_user_id) VALUES ('34ff5c2e-6625-4d6d-ad39-d1745755b314', 'MB103102', '34ff5c2e-6625-4d6d-ad39-d1745755b3a5', '消化器官', 0, '34ff5c2e-6625-4d6d-ad39-d1745755b3a8','34ff5c2e-6625-4d6d-ad39-d1745755b3a8');

---t_trprescription_template_type----

---t_trprescription_template_detail---
insert into t_trprescription_template_detail(uuid,template_id, template_no, item_code, item_name, item_num, sell_price, recipe_unit, use_way, gest_id, item_style,create_user_id,update_user_id) VALUES (uuid(), '34ff5c2e-6625-4d6d-ad39-d1745755b3a3', 'AM1', '', '发士大夫', 0, 0.00, '', '时代的说法', 0, '稍等', '34ff5c2e-6625-4d6d-ad39-d1745755b3a8','34ff5c2e-6625-4d6d-ad39-d1745755b3a8');
insert into t_trprescription_template_detail(uuid,template_id, template_no, item_code, item_name, item_num, sell_price, recipe_unit, use_way, gest_id, item_style,create_user_id,update_user_id) VALUES (uuid(), '34ff5c2e-6625-4d6d-ad39-d1745755b3a4', 'AM2', '', '双叶草', 0, 0.00, '', '用法简介', 0, '分组2', '34ff5c2e-6625-4d6d-ad39-d1745755b3a8','34ff5c2e-6625-4d6d-ad39-d1745755b3a8');
insert into t_trprescription_template_detail(uuid,template_id, template_no, item_code, item_name, item_num, sell_price, recipe_unit, use_way, gest_id, item_style,create_user_id,update_user_id) VALUES (uuid(), '34ff5c2e-6625-4d6d-ad39-d1745755b3a3', 'AM1', '', '双黄连', 0, 0.00, '', '医药的用法', 0, '某一分组', '34ff5c2e-6625-4d6d-ad39-d1745755b3a8','34ff5c2e-6625-4d6d-ad39-d1745755b3a8');
insert into t_trprescription_template_detail(uuid,template_id, template_no, item_code, item_name, item_num, sell_price, recipe_unit, use_way, gest_id, item_style,create_user_id,update_user_id) VALUES (uuid(), '34ff5c2e-6625-4d6d-ad39-d1745755b3a4', 'AM2', '', '的税费负担', 0, 0.00, '', '用法说明', 0, '无', '34ff5c2e-6625-4d6d-ad39-d1745755b3a8','34ff5c2e-6625-4d6d-ad39-d1745755b3a8');
insert into t_trprescription_template_detail(uuid,template_id, template_no, item_code, item_name, item_num, sell_price, recipe_unit, use_way, gest_id, item_style,create_user_id,update_user_id) VALUES (uuid(), '34ff5c2e-6625-4d6d-ad39-d1745755b3a6', 'AM3', '', '头孢拉定', 0, 0.00, '', '每日一次，一次十ML', 0, '无', '34ff5c2e-6625-4d6d-ad39-d1745755b3a8','34ff5c2e-6625-4d6d-ad39-d1745755b3a8');
insert into t_trprescription_template_detail(uuid,template_id, template_no, item_code, item_name, item_num, sell_price, recipe_unit, use_way, gest_id, item_style,create_user_id,update_user_id) VALUES (uuid(), '34ff5c2e-6625-4d6d-ad39-d1745755b3a9', 'AM4', '', '旺旺五联抗', 0, 0.00, '', '肌肉注射：0.1ml/kg体重，1次/天，连用2天。预防剂量减半或遵医嘱。', 0, '', '34ff5c2e-6625-4d6d-ad39-d1745755b3a8','34ff5c2e-6625-4d6d-ad39-d1745755b3a8');
insert into t_trprescription_template_detail(uuid,template_id, template_no, item_code, item_name, item_num, sell_price, recipe_unit, use_way, gest_id, item_style,create_user_id,update_user_id) VALUES (uuid(), '34ff5c2e-6625-4d6d-ad39-d1745755b3a9', 'AM4', '', '美沙同', 0, 0.00, '', '皮下注射', 0, '', '34ff5c2e-6625-4d6d-ad39-d1745755b3a8','34ff5c2e-6625-4d6d-ad39-d1745755b3a8');
insert into t_trprescription_template_detail(uuid,template_id, template_no, item_code, item_name, item_num, sell_price, recipe_unit, use_way, gest_id, item_style,create_user_id,update_user_id) VALUES (uuid(), '34ff5c2e-6625-4d6d-ad39-d1745755b3a6', 'AM3', '', '奥美拉唑', 0, 0.00, '', '口服，每日一次，饭前服用。', 0, '', '34ff5c2e-6625-4d6d-ad39-d1745755b3a8','34ff5c2e-6625-4d6d-ad39-d1745755b3a8');
insert into t_trprescription_template_detail(uuid,template_id, template_no, item_code, item_name, item_num, sell_price, recipe_unit, use_way, gest_id, item_style,create_user_id,update_user_id) VALUES (uuid(), '34ff5c2e-6625-4d6d-ad39-d1745755b311', 'AM6', '', '犬干扰素', 0, 0.00, '', '一天一次', 0, '', '34ff5c2e-6625-4d6d-ad39-d1745755b3a8','34ff5c2e-6625-4d6d-ad39-d1745755b3a8');
insert into t_trprescription_template_detail(uuid,template_id, template_no, item_code, item_name, item_num, sell_price, recipe_unit, use_way, gest_id, item_style,create_user_id,update_user_id) VALUES (uuid(), '34ff5c2e-6625-4d6d-ad39-d1745755b312', 'AM7', '', '舒一宁', 0, 0.00, '', '每天一包', 0, '', '34ff5c2e-6625-4d6d-ad39-d1745755b3a8','34ff5c2e-6625-4d6d-ad39-d1745755b3a8');
insert into t_trprescription_template_detail(uuid,template_id, template_no, item_code, item_name, item_num, sell_price, recipe_unit, use_way, gest_id, item_style,create_user_id,update_user_id) VALUES (uuid(), '34ff5c2e-6625-4d6d-ad39-d1745755b312', 'AM7', '', '清热颗粒', 0, 0.00, '', '每天三次', 0, '', '34ff5c2e-6625-4d6d-ad39-d1745755b3a8','34ff5c2e-6625-4d6d-ad39-d1745755b3a8');
insert into t_trprescription_template_detail(uuid,template_id, template_no, item_code, item_name, item_num, sell_price, recipe_unit, use_way, gest_id, item_style,create_user_id,update_user_id) VALUES (uuid(), '34ff5c2e-6625-4d6d-ad39-d1745755b313', 'AM8', '', 'sadas', 0, 0.00, '', 'asdasdsa', 0, '', '34ff5c2e-6625-4d6d-ad39-d1745755b3a8','34ff5c2e-6625-4d6d-ad39-d1745755b3a8');
insert into t_trprescription_template_detail(uuid,template_id, template_no, item_code, item_name, item_num, sell_price, recipe_unit, use_way, gest_id, item_style,create_user_id,update_user_id) VALUES (uuid(), '34ff5c2e-6625-4d6d-ad39-d1745755b313', 'AM8', '', 'ssaas', 0, 0.00, '', 'xccxzxzcxz', 0, '', '34ff5c2e-6625-4d6d-ad39-d1745755b3a8','34ff5c2e-6625-4d6d-ad39-d1745755b3a8');
insert into t_trprescription_template_detail(uuid,template_id, template_no, item_code, item_name, item_num, sell_price, recipe_unit, use_way, gest_id, item_style,create_user_id,update_user_id) VALUES (uuid(), '34ff5c2e-6625-4d6d-ad39-d1745755b313', 'AM8', '', 'sacsa', 0, 0.00, '', 'ascas', 0, '', '34ff5c2e-6625-4d6d-ad39-d1745755b3a8','34ff5c2e-6625-4d6d-ad39-d1745755b3a8');
insert into t_trprescription_template_detail(uuid,template_id, template_no, item_code, item_name, item_num, sell_price, recipe_unit, use_way, gest_id, item_style,create_user_id,update_user_id) VALUES (uuid(), '34ff5c2e-6625-4d6d-ad39-d1745755b3a6', 'AM3', '', '益生菌', 0, 0.00, '', '口服，拌于宠物食物中与食物一同食用，或与温热水混合均匀后直接饲喂，最好用不高于40度温水冲泡开 完全', 0, '', '34ff5c2e-6625-4d6d-ad39-d1745755b3a8','34ff5c2e-6625-4d6d-ad39-d1745755b3a8');
insert into t_trprescription_template_detail(uuid,template_id, template_no, item_code, item_name, item_num, sell_price, recipe_unit, use_way, gest_id, item_style,create_user_id,update_user_id) VALUES (uuid(), '34ff5c2e-6625-4d6d-ad39-d1745755b3a6', 'AM3', '', '康定', 0, 0.00, '', '口服，拌于宠物食物中与食物一同食用，或与温热水混合均匀后直接饲喂，最好用不高于40度温水冲泡开 完全', 0, '', '34ff5c2e-6625-4d6d-ad39-d1745755b3a8','34ff5c2e-6625-4d6d-ad39-d1745755b3a8');
insert into t_trprescription_template_detail(uuid,template_id, template_no, item_code, item_name, item_num, sell_price, recipe_unit, use_way, gest_id, item_style,create_user_id,update_user_id) VALUES (uuid(), '34ff5c2e-6625-4d6d-ad39-d1745755b314', 'AM8', '', '23423', 0, 0.00, '', 'DSJFKLDSJAFDLSJFDS;AFSD', 0, '','34ff5c2e-6625-4d6d-ad39-d1745755b3a8','34ff5c2e-6625-4d6d-ad39-d1745755b3a8');
insert into t_trprescription_template_detail(uuid,template_id, template_no, item_code, item_name, item_num, sell_price, recipe_unit, use_way, gest_id, item_style,create_user_id,update_user_id) VALUES (uuid(), '34ff5c2e-6625-4d6d-ad39-d1745755b314', 'AM8', '', '32492341032843092', 0, 0.00, '', 'REWUR9EWRE9W8R9EW8QRW90', 0, '', '34ff5c2e-6625-4d6d-ad39-d1745755b3a8','34ff5c2e-6625-4d6d-ad39-d1745755b3a8');
insert into t_trprescription_template_detail(uuid,template_id, template_no, item_code, item_name, item_num, sell_price, recipe_unit, use_way, gest_id, item_style,create_user_id,update_user_id) VALUES (uuid(), '34ff5c2e-6625-4d6d-ad39-d1745755b315', 'AM9', '', 'dsjfslkd', 0, 0.00, '', 'dsjflkdsjafkldjfkldsajfadsjfdsl', 0, '', '34ff5c2e-6625-4d6d-ad39-d1745755b3a8','34ff5c2e-6625-4d6d-ad39-d1745755b3a8');
insert into t_trprescription_template_detail(uuid,template_id, template_no, item_code, item_name, item_num, sell_price, recipe_unit, use_way, gest_id, item_style,create_user_id,update_user_id) VALUES (uuid(), '34ff5c2e-6625-4d6d-ad39-d1745755b316', 'AM1', '', 'jkjhjkkjjk', 0, 0.00, '', 'jkhjhjkhkjhjkjkhkj', 0, '', '34ff5c2e-6625-4d6d-ad39-d1745755b3a8','34ff5c2e-6625-4d6d-ad39-d1745755b3a8');
insert into t_trprescription_template_detail(uuid,template_id, template_no, item_code, item_name, item_num, sell_price, recipe_unit, use_way, gest_id, item_style,create_user_id,update_user_id) VALUES (uuid(), '34ff5c2e-6625-4d6d-ad39-d1745755b317', 'AM1', '', '头孢拉定', 0, 0.00, '', '每次一片，一天3次，3个月以内的幼仔，需在医生建议下使用', 0, '','34ff5c2e-6625-4d6d-ad39-d1745755b3a8','34ff5c2e-6625-4d6d-ad39-d1745755b3a8');
insert into t_trprescription_template_detail(uuid,template_id, template_no, item_code, item_name, item_num, sell_price, recipe_unit, use_way, gest_id, item_style,create_user_id,update_user_id) VALUES (uuid(), '34ff5c2e-6625-4d6d-ad39-d1745755b317', 'AM1', '', '阿莫西林', 0, 0.00, '', '每次一片，一天3次，3个月以内的幼仔，需在医生建议下使用', 0, '','34ff5c2e-6625-4d6d-ad39-d1745755b3a8','34ff5c2e-6625-4d6d-ad39-d1745755b3a8');
insert into t_trprescription_template_detail(uuid,template_id, template_no, item_code, item_name, item_num, sell_price, recipe_unit, use_way, gest_id, item_style,create_user_id,update_user_id) VALUES (uuid(), '34ff5c2e-6625-4d6d-ad39-d1745755b317', 'AM1', '', '舒血丸', 0, 0.00, '', '每次3粒，一天3次，3个月以内的幼仔，需在医生建议下使用', 0, '', '34ff5c2e-6625-4d6d-ad39-d1745755b3a8','34ff5c2e-6625-4d6d-ad39-d1745755b3a8');
insert into t_trprescription_template_detail(uuid,template_id, template_no, item_code, item_name, item_num, sell_price, recipe_unit, use_way, gest_id, item_style,create_user_id,update_user_id) VALUES (uuid(), '34ff5c2e-6625-4d6d-ad39-d1745755b318', 'AM2', '', '89798', 0, 0.00, '', '89798798', 0, '', '34ff5c2e-6625-4d6d-ad39-d1745755b3a8','34ff5c2e-6625-4d6d-ad39-d1745755b3a8');
insert into t_trprescription_template_detail(uuid,template_id, template_no, item_code, item_name, item_num, sell_price, recipe_unit, use_way, gest_id, item_style,create_user_id,update_user_id) VALUES (uuid(), '34ff5c2e-6625-4d6d-ad39-d1745755b319', 'AM2', '', '4567', 0, 0.00, '', '556788u8998', 0, '', '34ff5c2e-6625-4d6d-ad39-d1745755b3a8','34ff5c2e-6625-4d6d-ad39-d1745755b3a8');
insert into t_trprescription_template_detail(uuid,template_id, template_no, item_code, item_name, item_num, sell_price, recipe_unit, use_way, gest_id, item_style,create_user_id,update_user_id) VALUES (uuid(), '34ff5c2e-6625-4d6d-ad39-d1745755b319', 'AM2', '', '687', 0, 0.00, '', 'iuhihihjkhjk', 0, '', '34ff5c2e-6625-4d6d-ad39-d1745755b3a8','34ff5c2e-6625-4d6d-ad39-d1745755b3a8');
insert into t_trprescription_template_detail(uuid,template_id, template_no, item_code, item_name, item_num, sell_price, recipe_unit, use_way, gest_id, item_style,create_user_id,update_user_id) VALUES (uuid(), '34ff5c2e-6625-4d6d-ad39-d17457551017', 'QW0017', '', '恩诺沙星', 2, 0.00, '', '每次2.5毫克每千克，每日1次      ', 0, '', '34ff5c2e-6625-4d6d-ad39-d1745755b3a8','34ff5c2e-6625-4d6d-ad39-d1745755b3a8');
insert into t_trprescription_template_detail(uuid,template_id, template_no, item_code, item_name, item_num, sell_price, recipe_unit, use_way, gest_id, item_style,create_user_id,update_user_id) VALUES (uuid(), '34ff5c2e-6625-4d6d-ad39-d17457551017', 'QW0017', '', '硫酸头孢噻肟', 20, 0.00, '', '每次20毫克每千克，每日1次      ', 0, '', '34ff5c2e-6625-4d6d-ad39-d1745755b3a8','34ff5c2e-6625-4d6d-ad39-d1745755b3a8');
insert into t_trprescription_template_detail(uuid,template_id, template_no, item_code, item_name, item_num, sell_price, recipe_unit, use_way, gest_id, item_style,create_user_id,update_user_id) VALUES (uuid(), '34ff5c2e-6625-4d6d-ad39-d17457551017', 'QW0017', '', '磺胺甲恶唑/甲氧苄氨嘧啶', 0, 0.00, '', '每次0.2毫升每千克，每日1次      ', 0, '', '34ff5c2e-6625-4d6d-ad39-d1745755b3a8','34ff5c2e-6625-4d6d-ad39-d1745755b3a8');
insert into t_trprescription_template_detail(uuid,template_id, template_no, item_code, item_name, item_num, sell_price, recipe_unit, use_way, gest_id, item_style,create_user_id,update_user_id) VALUES (uuid(), '34ff5c2e-6625-4d6d-ad39-d17457551017', 'QW0017', '', '西咪替丁', 5, 0.00, '', '每次5毫克每千克，每日1次      ', 0, '',  '34ff5c2e-6625-4d6d-ad39-d1745755b3a8','34ff5c2e-6625-4d6d-ad39-d1745755b3a8');
insert into t_trprescription_template_detail(uuid,template_id, template_no, item_code, item_name, item_num, sell_price, recipe_unit, use_way, gest_id, item_style,create_user_id,update_user_id) VALUES (uuid(), '34ff5c2e-6625-4d6d-ad39-d17457551017', 'QW0017', '', '甲氧氯普安', 1, 0.00, '', '每次1毫克每千克，每日1次      ', 0, '',  '34ff5c2e-6625-4d6d-ad39-d1745755b3a8','34ff5c2e-6625-4d6d-ad39-d1745755b3a8');
insert into t_trprescription_template_detail(uuid,template_id, template_no, item_code, item_name, item_num, sell_price, recipe_unit, use_way, gest_id, item_style,create_user_id,update_user_id) VALUES (uuid(), '34ff5c2e-6625-4d6d-ad39-d17457551027', 'QW0027', '', '阿托品', 1, 0.00, '', '每次1EA，每日3次      ', 0, '',  '34ff5c2e-6625-4d6d-ad39-d1745755b3a8','34ff5c2e-6625-4d6d-ad39-d1745755b3a8');
insert into t_trprescription_template_detail(uuid,template_id, template_no, item_code, item_name, item_num, sell_price, recipe_unit, use_way, gest_id, item_style,create_user_id,update_user_id) VALUES (uuid(), '34ff5c2e-6625-4d6d-ad39-d17457551027', 'QW0027', '', '地塞米松+多粘菌素B+新霉素', 1, 0.00, '', '每次1EA，每日3次      ', 0, '',  '34ff5c2e-6625-4d6d-ad39-d1745755b3a8','34ff5c2e-6625-4d6d-ad39-d1745755b3a8');
insert into t_trprescription_template_detail(uuid,template_id, template_no, item_code, item_name, item_num, sell_price, recipe_unit, use_way, gest_id, item_style,create_user_id,update_user_id) VALUES (uuid(), '34ff5c2e-6625-4d6d-ad39-d17457551027', 'QW0027', '', '恩诺沙星', 2, 0.00, '', '每次2.5毫克每千克，每日1次      ', 0, '',  '34ff5c2e-6625-4d6d-ad39-d1745755b3a8','34ff5c2e-6625-4d6d-ad39-d1745755b3a8');
insert into t_trprescription_template_detail(uuid,template_id, template_no, item_code, item_name, item_num, sell_price, recipe_unit, use_way, gest_id, item_style,create_user_id,update_user_id) VALUES (uuid(), '34ff5c2e-6625-4d6d-ad39-d17457551027', 'QW0027', '', '泼尼松龙、强的松', 0, 0.00, '', '每次0.5毫克每千克，每日1次      ', 0, '',  '34ff5c2e-6625-4d6d-ad39-d1745755b3a8','34ff5c2e-6625-4d6d-ad39-d1745755b3a8');
insert into t_trprescription_template_detail(uuid,template_id, template_no, item_code, item_name, item_num, sell_price, recipe_unit, use_way, gest_id, item_style,create_user_id,update_user_id) VALUES (uuid(), '34ff5c2e-6625-4d6d-ad39-d17457551027', 'QW0027', '', '环丙沙星', 5, 0.00, '', '每次5毫克每千克，每日2次      ', 0, '',  '34ff5c2e-6625-4d6d-ad39-d1745755b3a8','34ff5c2e-6625-4d6d-ad39-d1745755b3a8');
insert into t_trprescription_template_detail(uuid,template_id, template_no, item_code, item_name, item_num, sell_price, recipe_unit, use_way, gest_id, item_style,create_user_id,update_user_id) VALUES (uuid(), '34ff5c2e-6625-4d6d-ad39-d17457551027', 'QW0027', '', '泼尼松龙、强的松', 0, 0.00, '', '每次0.5毫克每千克，每日2次      ', 0, '',  '34ff5c2e-6625-4d6d-ad39-d1745755b3a8','34ff5c2e-6625-4d6d-ad39-d1745755b3a8');
insert into t_trprescription_template_detail(uuid,template_id, template_no, item_code, item_name, item_num, sell_price, recipe_unit, use_way, gest_id, item_style,create_user_id,update_user_id) VALUES (uuid(), '34ff5c2e-6625-4d6d-ad39-d17457551027', 'QW0027', '', '沙氏菌蛋白酶', 0, 0.00, '', '每次0.1T/kg，每日2次      ', 0, '',  '34ff5c2e-6625-4d6d-ad39-d1745755b3a8','34ff5c2e-6625-4d6d-ad39-d1745755b3a8');
insert into t_trprescription_template_detail(uuid,template_id, template_no, item_code, item_name, item_num, sell_price, recipe_unit, use_way, gest_id, item_style,create_user_id,update_user_id) VALUES (uuid(), '34ff5c2e-6625-4d6d-ad39-d17457551011', 'QW0011', '', '恩诺沙星', 2, 0.00, '', '每次2.5毫克每千克，每日1次      ', 0, '',  '34ff5c2e-6625-4d6d-ad39-d1745755b3a8','34ff5c2e-6625-4d6d-ad39-d1745755b3a8');
insert into t_trprescription_template_detail(uuid,template_id, template_no, item_code, item_name, item_num, sell_price, recipe_unit, use_way, gest_id, item_style,create_user_id,update_user_id) VALUES (uuid(), '34ff5c2e-6625-4d6d-ad39-d17457551011', 'QW0011', '', '泼尼松龙、强的松', 0, 0.00, '', '每次0.5毫克每千克，每日1次      ', 0, '',  '34ff5c2e-6625-4d6d-ad39-d1745755b3a8','34ff5c2e-6625-4d6d-ad39-d1745755b3a8');
insert into t_trprescription_template_detail(uuid,template_id, template_no, item_code, item_name, item_num, sell_price, recipe_unit, use_way, gest_id, item_style,create_user_id,update_user_id) VALUES (uuid(), '34ff5c2e-6625-4d6d-ad39-d17457551011', 'QW0011', '', '伊维菌素', 0, 0.00, '', '每次0.05毫克每千克，每日1次      ', 0, '',  '34ff5c2e-6625-4d6d-ad39-d1745755b3a8','34ff5c2e-6625-4d6d-ad39-d1745755b3a8');
insert into t_trprescription_template_detail(uuid,template_id, template_no, item_code, item_name, item_num, sell_price, recipe_unit, use_way, gest_id, item_style,create_user_id,update_user_id) VALUES (uuid(), '34ff5c2e-6625-4d6d-ad39-d17457551011', 'QW0011', '', '新霉素+制霉菌素+曲安奈德+林丹', 0, 0.00, '', '每次0EA，每日0次      ', 0, '',  '34ff5c2e-6625-4d6d-ad39-d1745755b3a8','34ff5c2e-6625-4d6d-ad39-d1745755b3a8');
insert into t_trprescription_template_detail(uuid,template_id, template_no, item_code, item_name, item_num, sell_price, recipe_unit, use_way, gest_id, item_style,create_user_id,update_user_id) VALUES (uuid(), '34ff5c2e-6625-4d6d-ad39-d17457551011', 'QW0011', '', '阿莫西林', 10, 0.00, '', '每次10毫克每千克，每日2次      ', 0, '',  '34ff5c2e-6625-4d6d-ad39-d1745755b3a8','34ff5c2e-6625-4d6d-ad39-d1745755b3a8');
insert into t_trprescription_template_detail(uuid,template_id, template_no, item_code, item_name, item_num, sell_price, recipe_unit, use_way, gest_id, item_style,create_user_id,update_user_id) VALUES (uuid(), '34ff5c2e-6625-4d6d-ad39-d17457551011', 'QW0011', '', '头孢拉定', 10, 0.00, '', '每次10毫克每千克，每日2次      ', 0, '',  '34ff5c2e-6625-4d6d-ad39-d1745755b3a8','34ff5c2e-6625-4d6d-ad39-d1745755b3a8');
insert into t_trprescription_template_detail(uuid,template_id, template_no, item_code, item_name, item_num, sell_price, recipe_unit, use_way, gest_id, item_style,create_user_id,update_user_id) VALUES (uuid(), '34ff5c2e-6625-4d6d-ad39-d17457551011', 'QW0011', '', '氧氟沙星', 0, 0.00, '', '每次0.05T/kg，每日2次      ', 0, '',  '34ff5c2e-6625-4d6d-ad39-d1745755b3a8','34ff5c2e-6625-4d6d-ad39-d1745755b3a8');
insert into t_trprescription_template_detail(uuid,template_id, template_no, item_code, item_name, item_num, sell_price, recipe_unit, use_way, gest_id, item_style,create_user_id,update_user_id) VALUES (uuid(), '34ff5c2e-6625-4d6d-ad39-d17457551011', 'QW0011', '', '泼尼松龙、强的松', 0, 0.00, '', '每次0.5毫克每千克，每日2次      ', 0, '',  '34ff5c2e-6625-4d6d-ad39-d1745755b3a8','34ff5c2e-6625-4d6d-ad39-d1745755b3a8');
insert into t_trprescription_template_detail(uuid,template_id, template_no, item_code, item_name, item_num, sell_price, recipe_unit, use_way, gest_id, item_style,create_user_id,update_user_id) VALUES (uuid(), '34ff5c2e-6625-4d6d-ad39-d17457551011', 'QW0011', '', '沙氏菌蛋白酶', 0, 0.00, '', '每次0.1T/kg，每日2次      ', 0, '',  '34ff5c2e-6625-4d6d-ad39-d1745755b3a8','34ff5c2e-6625-4d6d-ad39-d1745755b3a8');
insert into t_trprescription_template_detail(uuid,template_id, template_no, item_code, item_name, item_num, sell_price, recipe_unit, use_way, gest_id, item_style,create_user_id,update_user_id) VALUES (uuid(), '34ff5c2e-6625-4d6d-ad39-d17457551028', 'QW0028', '', '地塞米松+多粘菌素B+新霉素', 1, 0.00, '', '每次1EA，每日3次      ', 0, '',  '34ff5c2e-6625-4d6d-ad39-d1745755b3a8','34ff5c2e-6625-4d6d-ad39-d1745755b3a8');
insert into t_trprescription_template_detail(uuid,template_id, template_no, item_code, item_name, item_num, sell_price, recipe_unit, use_way, gest_id, item_style,create_user_id,update_user_id) VALUES (uuid(), '34ff5c2e-6625-4d6d-ad39-d17457551028', 'QW0028', '', '氧氟沙星', 1, 0.00, '', '每次1EA，每日3次      ', 0, '',  '34ff5c2e-6625-4d6d-ad39-d1745755b3a8','34ff5c2e-6625-4d6d-ad39-d1745755b3a8');
insert into t_trprescription_template_detail(uuid,template_id, template_no, item_code, item_name, item_num, sell_price, recipe_unit, use_way, gest_id, item_style,create_user_id,update_user_id) VALUES (uuid(), '34ff5c2e-6625-4d6d-ad39-d17457551028', 'QW0028', '', '恩诺沙星', 2, 0.00, '', '每次2.5毫克每千克，每日1次      ', 0, '',  '34ff5c2e-6625-4d6d-ad39-d1745755b3a8','34ff5c2e-6625-4d6d-ad39-d1745755b3a8');
insert into t_trprescription_template_detail(uuid,template_id, template_no, item_code, item_name, item_num, sell_price, recipe_unit, use_way, gest_id, item_style,create_user_id,update_user_id) VALUES (uuid(), '34ff5c2e-6625-4d6d-ad39-d17457551028', 'QW0028', '', '泼尼松龙、强的松', 0, 0.00, '', '每次0.5毫克每千克，每日1次      ', 0, '',  '34ff5c2e-6625-4d6d-ad39-d1745755b3a8','34ff5c2e-6625-4d6d-ad39-d1745755b3a8');
insert into t_trprescription_template_detail(uuid,template_id, template_no, item_code, item_name, item_num, sell_price, recipe_unit, use_way, gest_id, item_style,create_user_id,update_user_id) VALUES (uuid(), '34ff5c2e-6625-4d6d-ad39-d17457551028', 'QW0028', '', '环丙沙星', 5, 0.00, '', '每次5毫克每千克，每日2次      ', 0, '',  '34ff5c2e-6625-4d6d-ad39-d1745755b3a8','34ff5c2e-6625-4d6d-ad39-d1745755b3a8');
insert into t_trprescription_template_detail(uuid,template_id, template_no, item_code, item_name, item_num, sell_price, recipe_unit, use_way, gest_id, item_style,create_user_id,update_user_id) VALUES (uuid(), '34ff5c2e-6625-4d6d-ad39-d17457551028', 'QW0028', '', '泼尼松龙、强的松', 0, 0.00, '', '每次0.5毫克每千克，每日2次      ', 0, '',  '34ff5c2e-6625-4d6d-ad39-d1745755b3a8','34ff5c2e-6625-4d6d-ad39-d1745755b3a8');
insert into t_trprescription_template_detail(uuid,template_id, template_no, item_code, item_name, item_num, sell_price, recipe_unit, use_way, gest_id, item_style,create_user_id,update_user_id) VALUES (uuid(), '34ff5c2e-6625-4d6d-ad39-d17457551012', 'QW0012', '', '恩诺沙星', 2, 0.00, '', '每次2.5毫克每千克，每日1次      ', 0, '',  '34ff5c2e-6625-4d6d-ad39-d1745755b3a8','34ff5c2e-6625-4d6d-ad39-d1745755b3a8');
insert into t_trprescription_template_detail(uuid,template_id, template_no, item_code, item_name, item_num, sell_price, recipe_unit, use_way, gest_id, item_style,create_user_id,update_user_id) VALUES (uuid(), '34ff5c2e-6625-4d6d-ad39-d17457551012', 'QW0012', '', '泼尼松龙、强的松', 0, 0.00, '', '每次0.5毫克每千克，每日1次      ', 0, '',  '34ff5c2e-6625-4d6d-ad39-d1745755b3a8','34ff5c2e-6625-4d6d-ad39-d1745755b3a8');
insert into t_trprescription_template_detail(uuid,template_id, template_no, item_code, item_name, item_num, sell_price, recipe_unit, use_way, gest_id, item_style,create_user_id,update_user_id) VALUES (uuid(), '34ff5c2e-6625-4d6d-ad39-d17457551012', 'QW0012', '', '伊维菌素', 0, 0.00, '', '每次0.05毫克每千克，每日1次      ', 0, '',  '34ff5c2e-6625-4d6d-ad39-d1745755b3a8','34ff5c2e-6625-4d6d-ad39-d1745755b3a8');
insert into t_trprescription_template_detail(uuid,template_id, template_no, item_code, item_name, item_num, sell_price, recipe_unit, use_way, gest_id, item_style,create_user_id,update_user_id) VALUES (uuid(), '34ff5c2e-6625-4d6d-ad39-d17457551012', 'QW0012', '', '阿莫西林', 10, 0.00, '', '每次10毫克每千克，每日2次      ', 0, '',  '34ff5c2e-6625-4d6d-ad39-d1745755b3a8','34ff5c2e-6625-4d6d-ad39-d1745755b3a8');
insert into t_trprescription_template_detail(uuid,template_id, template_no, item_code, item_name, item_num, sell_price, recipe_unit, use_way, gest_id, item_style,create_user_id,update_user_id) VALUES (uuid(), '34ff5c2e-6625-4d6d-ad39-d17457551012', 'QW0012', '', '头孢拉定', 10, 0.00, '', '每次10毫克每千克，每日2次      ', 0, '',  '34ff5c2e-6625-4d6d-ad39-d1745755b3a8','34ff5c2e-6625-4d6d-ad39-d1745755b3a8');
insert into t_trprescription_template_detail(uuid,template_id, template_no, item_code, item_name, item_num, sell_price, recipe_unit, use_way, gest_id, item_style,create_user_id,update_user_id) VALUES (uuid(), '34ff5c2e-6625-4d6d-ad39-d17457551012', 'QW0012', '', '氧氟沙星', 0, 0.00, '', '每次0.05毫克每千克，每日2次      ', 0, '',  '34ff5c2e-6625-4d6d-ad39-d1745755b3a8','34ff5c2e-6625-4d6d-ad39-d1745755b3a8');
insert into t_trprescription_template_detail(uuid,template_id, template_no, item_code, item_name, item_num, sell_price, recipe_unit, use_way, gest_id, item_style,create_user_id,update_user_id) VALUES (uuid(), '34ff5c2e-6625-4d6d-ad39-d17457551012', 'QW0012', '', '泼尼松龙、强的松', 0, 0.00, '', '每次0.5毫克每千克，每日2次      ', 0, '',  '34ff5c2e-6625-4d6d-ad39-d1745755b3a8','34ff5c2e-6625-4d6d-ad39-d1745755b3a8');
insert into t_trprescription_template_detail(uuid,template_id, template_no, item_code, item_name, item_num, sell_price, recipe_unit, use_way, gest_id, item_style,create_user_id,update_user_id) VALUES (uuid(), '34ff5c2e-6625-4d6d-ad39-d17457551012', 'QW0012', '', '沙氏菌蛋白酶', 0, 0.00, '', '每次0.1毫克每千克，每日2次      ', 0, '',  '34ff5c2e-6625-4d6d-ad39-d1745755b3a8','34ff5c2e-6625-4d6d-ad39-d1745755b3a8');
insert into t_trprescription_template_detail(uuid,template_id, template_no, item_code, item_name, item_num, sell_price, recipe_unit, use_way, gest_id, item_style,create_user_id,update_user_id) VALUES (uuid(), '34ff5c2e-6625-4d6d-ad39-d17457551018', 'QW0018', '', '恩诺沙星', 2, 0.00, '', '每次2.5毫克每千克，每日1次      ', 0, '',  '34ff5c2e-6625-4d6d-ad39-d1745755b3a8','34ff5c2e-6625-4d6d-ad39-d1745755b3a8');
insert into t_trprescription_template_detail(uuid,template_id, template_no, item_code, item_name, item_num, sell_price, recipe_unit, use_way, gest_id, item_style,create_user_id,update_user_id) VALUES (uuid(), '34ff5c2e-6625-4d6d-ad39-d17457551018', 'QW0018', '', '伊多-甲氧萘丁酮酸（孟布酮100mg/ml)', 0, 0.00, '', '每次0.1毫升每千克，每日1次      ', 0, '',  '34ff5c2e-6625-4d6d-ad39-d1745755b3a8','34ff5c2e-6625-4d6d-ad39-d1745755b3a8');
insert into t_trprescription_template_detail(uuid,template_id, template_no, item_code, item_name, item_num, sell_price, recipe_unit, use_way, gest_id, item_style,create_user_id,update_user_id) VALUES (uuid(), '34ff5c2e-6625-4d6d-ad39-d17457551018', 'QW0018', '', '甲硝唑', 10, 0.00, '', '每次10毫克每千克，每日1次      ', 0, '',  '34ff5c2e-6625-4d6d-ad39-d1745755b3a8','34ff5c2e-6625-4d6d-ad39-d1745755b3a8');
insert into t_trprescription_template_detail(uuid,template_id, template_no, item_code, item_name, item_num, sell_price, recipe_unit, use_way, gest_id, item_style,create_user_id,update_user_id) VALUES (uuid(), '34ff5c2e-6625-4d6d-ad39-d17457551018', 'QW0018', '', '甲硝唑', 10, 0.00, '', '每次10毫克每千克，每日2次      ', 0, '',  '34ff5c2e-6625-4d6d-ad39-d1745755b3a8','34ff5c2e-6625-4d6d-ad39-d1745755b3a8');
insert into t_trprescription_template_detail(uuid,template_id, template_no, item_code, item_name, item_num, sell_price, recipe_unit, use_way, gest_id, item_style,create_user_id,update_user_id) VALUES (uuid(), '34ff5c2e-6625-4d6d-ad39-d17457551018', 'QW0018', '', '阿苯达唑', 25, 0.00, '', '每次25毫克每千克，每日2次      ', 0, '',  '34ff5c2e-6625-4d6d-ad39-d1745755b3a8','34ff5c2e-6625-4d6d-ad39-d1745755b3a8');
insert into t_trprescription_template_detail(uuid,template_id, template_no, item_code, item_name, item_num, sell_price, recipe_unit, use_way, gest_id, item_style,create_user_id,update_user_id) VALUES (uuid(), '34ff5c2e-6625-4d6d-ad39-d17457551018', 'QW0018', '', '甲氧苄氨嘧啶+磺胺嘧啶片剂', 15, 0.00, '', '每次15毫克每千克，每日2次      ', 0, '',  '34ff5c2e-6625-4d6d-ad39-d1745755b3a8','34ff5c2e-6625-4d6d-ad39-d1745755b3a8');
insert into t_trprescription_template_detail(uuid,template_id, template_no, item_code, item_name, item_num, sell_price, recipe_unit, use_way, gest_id, item_style,create_user_id,update_user_id) VALUES (uuid(), '34ff5c2e-6625-4d6d-ad39-d17457551018', 'QW0018', '', '促甲状腺激素注射剂', 10, 0.00, '', '每次10毫克每千克，每日2次      ', 0, '',  '34ff5c2e-6625-4d6d-ad39-d1745755b3a8','34ff5c2e-6625-4d6d-ad39-d1745755b3a8');
insert into t_trprescription_template_detail(uuid,template_id, template_no, item_code, item_name, item_num, sell_price, recipe_unit, use_way, gest_id, item_style,create_user_id,update_user_id) VALUES (uuid(), '34ff5c2e-6625-4d6d-ad39-d17457551019', 'QW0019', '', '恩诺沙星', 2, 0.00, '', '每次2.5毫克每千克，每日1次      ', 0, '',  '34ff5c2e-6625-4d6d-ad39-d1745755b3a8','34ff5c2e-6625-4d6d-ad39-d1745755b3a8');
insert into t_trprescription_template_detail(uuid,template_id, template_no, item_code, item_name, item_num, sell_price, recipe_unit, use_way, gest_id, item_style,create_user_id,update_user_id) VALUES (uuid(), '34ff5c2e-6625-4d6d-ad39-d17457551019', 'QW0019', '', '泼尼松龙、强的松', 0, 0.00, '', '每次0.5毫克每千克，每日1次      ', 0, '',  '34ff5c2e-6625-4d6d-ad39-d1745755b3a8','34ff5c2e-6625-4d6d-ad39-d1745755b3a8');
insert into t_trprescription_template_detail(uuid,template_id, template_no, item_code, item_name, item_num, sell_price, recipe_unit, use_way, gest_id, item_style,create_user_id,update_user_id) VALUES (uuid(), '34ff5c2e-6625-4d6d-ad39-d17457551019', 'QW0019', '', '甲氧苄氨嘧啶+磺胺嘧啶片剂', 0, 0.00, '', '每次0.1毫克每千克，每日1次      ', 0, '',  '34ff5c2e-6625-4d6d-ad39-d1745755b3a8','34ff5c2e-6625-4d6d-ad39-d1745755b3a8');
insert into t_trprescription_template_detail(uuid,template_id, template_no, item_code, item_name, item_num, sell_price, recipe_unit, use_way, gest_id, item_style,create_user_id,update_user_id) VALUES (uuid(), '34ff5c2e-6625-4d6d-ad39-d17457551019', 'QW0019', '', '伊多-甲氧萘丁酮酸（孟布酮100mg/ml)', 10, 0.00, '', '每次10毫升每千克，每日2次      ', 0, '',  '34ff5c2e-6625-4d6d-ad39-d1745755b3a8','34ff5c2e-6625-4d6d-ad39-d1745755b3a8');
insert into t_trprescription_template_detail(uuid,template_id, template_no, item_code, item_name, item_num, sell_price, recipe_unit, use_way, gest_id, item_style,create_user_id,update_user_id) VALUES (uuid(), '34ff5c2e-6625-4d6d-ad39-d17457551019', 'QW0019', '', '他克莫司注射剂', 10, 0.00, '', '每次10毫克每千克，每日2次      ', 0, '',  '34ff5c2e-6625-4d6d-ad39-d1745755b3a8','34ff5c2e-6625-4d6d-ad39-d1745755b3a8');
insert into t_trprescription_template_detail(uuid,template_id, template_no, item_code, item_name, item_num, sell_price, recipe_unit, use_way, gest_id, item_style,create_user_id,update_user_id) VALUES (uuid(), '34ff5c2e-6625-4d6d-ad39-d17457551019', 'QW0019', '', '硝呋齐特', 5, 0.00, '', '每次5毫克每千克，每日2次      ', 0, '',  '34ff5c2e-6625-4d6d-ad39-d1745755b3a8','34ff5c2e-6625-4d6d-ad39-d1745755b3a8');
insert into t_trprescription_template_detail(uuid,template_id, template_no, item_code, item_name, item_num, sell_price, recipe_unit, use_way, gest_id, item_style,create_user_id,update_user_id) VALUES (uuid(), '34ff5c2e-6625-4d6d-ad39-d17457551029', 'QW0029', '', '环孢霉素', 0, 0.00, '', '每次0EA，每日0次      ', 0, '',  '34ff5c2e-6625-4d6d-ad39-d1745755b3a8','34ff5c2e-6625-4d6d-ad39-d1745755b3a8');
insert into t_trprescription_template_detail(uuid,template_id, template_no, item_code, item_name, item_num, sell_price, recipe_unit, use_way, gest_id, item_style,create_user_id,update_user_id) VALUES (uuid(), '34ff5c2e-6625-4d6d-ad39-d17457551029', 'QW0029', '', '1%皮洛卡品', 1, 0.00, '', '每次1EA，每日3次      ', 0, '',  '34ff5c2e-6625-4d6d-ad39-d1745755b3a8','34ff5c2e-6625-4d6d-ad39-d1745755b3a8');
insert into t_trprescription_template_detail(uuid,template_id, template_no, item_code, item_name, item_num, sell_price, recipe_unit, use_way, gest_id, item_style,create_user_id,update_user_id) VALUES (uuid(), '34ff5c2e-6625-4d6d-ad39-d17457551029', 'QW0029', '', '人造眼泪', 1, 0.00, '', '每次1EA，每日3次      ', 0, '',  '34ff5c2e-6625-4d6d-ad39-d1745755b3a8','34ff5c2e-6625-4d6d-ad39-d1745755b3a8');
insert into t_trprescription_template_detail(uuid,template_id, template_no, item_code, item_name, item_num, sell_price, recipe_unit, use_way, gest_id, item_style,create_user_id,update_user_id) VALUES (uuid(), '34ff5c2e-6625-4d6d-ad39-d17457551029', 'QW0029', '', '恩诺沙星', 2, 0.00, '', '每次2.5毫克每千克，每日1次      ', 0, '',  '34ff5c2e-6625-4d6d-ad39-d1745755b3a8','34ff5c2e-6625-4d6d-ad39-d1745755b3a8');
insert into t_trprescription_template_detail(uuid,template_id, template_no, item_code, item_name, item_num, sell_price, recipe_unit, use_way, gest_id, item_style,create_user_id,update_user_id) VALUES (uuid(), '34ff5c2e-6625-4d6d-ad39-d17457551029', 'QW0029', '', '胰凝乳蛋白酶', 0, 0.00, '', '每次0.1毫克每千克，每日1次      ', 0, '',  '34ff5c2e-6625-4d6d-ad39-d1745755b3a8','34ff5c2e-6625-4d6d-ad39-d1745755b3a8');
insert into t_trprescription_template_detail(uuid,template_id, template_no, item_code, item_name, item_num, sell_price, recipe_unit, use_way, gest_id, item_style,create_user_id,update_user_id) VALUES (uuid(), '34ff5c2e-6625-4d6d-ad39-d17457551029', 'QW0029', '', '氧氟沙星', 0, 0.00, '', '每次0.05T/kg，每日2次      ', 0, '',  '34ff5c2e-6625-4d6d-ad39-d1745755b3a8','34ff5c2e-6625-4d6d-ad39-d1745755b3a8');
insert into t_trprescription_template_detail(uuid,template_id, template_no, item_code, item_name, item_num, sell_price, recipe_unit, use_way, gest_id, item_style,create_user_id,update_user_id) VALUES (uuid(), '34ff5c2e-6625-4d6d-ad39-d17457551029', 'QW0029', '', '胰凝乳蛋白酶', 0, 0.00, '', '每次0.1毫克每只，每日2次      ', 0, '',  '34ff5c2e-6625-4d6d-ad39-d1745755b3a8','34ff5c2e-6625-4d6d-ad39-d1745755b3a8');
insert into t_trprescription_template_detail(uuid,template_id, template_no, item_code, item_name, item_num, sell_price, recipe_unit, use_way, gest_id, item_style,create_user_id,update_user_id) VALUES (uuid(), '34ff5c2e-6625-4d6d-ad39-d17457551029', 'QW0029', '', '泼尼松龙、强的松', 0, 0.00, '', '每次0.5毫克每千克，每日2次      ', 0, '',  '34ff5c2e-6625-4d6d-ad39-d1745755b3a8','34ff5c2e-6625-4d6d-ad39-d1745755b3a8');
insert into t_trprescription_template_detail(uuid,template_id, template_no, item_code, item_name, item_num, sell_price, recipe_unit, use_way, gest_id, item_style,create_user_id,update_user_id) VALUES (uuid(), '34ff5c2e-6625-4d6d-ad39-d17457551029', 'QW0029', '', '乙酰半胱氨酸', 70, 0.00, '', '每次70毫克每千克，每日2次      ', 0, '',  '34ff5c2e-6625-4d6d-ad39-d1745755b3a8','34ff5c2e-6625-4d6d-ad39-d1745755b3a8');
insert into t_trprescription_template_detail(uuid,template_id, template_no, item_code, item_name, item_num, sell_price, recipe_unit, use_way, gest_id, item_style,create_user_id,update_user_id) VALUES (uuid(), '34ff5c2e-6625-4d6d-ad39-d17457551009', 'QW0009', '', '恩诺沙星', 2, 0.00, '', '每次2.5毫克每千克，每日1次      ', 0, '',  '34ff5c2e-6625-4d6d-ad39-d1745755b3a8','34ff5c2e-6625-4d6d-ad39-d1745755b3a8');
insert into t_trprescription_template_detail(uuid,template_id, template_no, item_code, item_name, item_num, sell_price, recipe_unit, use_way, gest_id, item_style,create_user_id,update_user_id) VALUES (uuid(), '34ff5c2e-6625-4d6d-ad39-d17457551009', 'QW0009', '', '泼尼松龙、强的松', 0, 0.00, '', '每次0.5毫克每千克，每日1次      ', 0, '',  '34ff5c2e-6625-4d6d-ad39-d1745755b3a8','34ff5c2e-6625-4d6d-ad39-d1745755b3a8');
insert into t_trprescription_template_detail(uuid,template_id, template_no, item_code, item_name, item_num, sell_price, recipe_unit, use_way, gest_id, item_style,create_user_id,update_user_id) VALUES (uuid(), '34ff5c2e-6625-4d6d-ad39-d17457551009', 'QW0009', '', '阿莫西林', 10, 0.00, '', '每次10毫克每千克，每日2次      ', 0, '',  '34ff5c2e-6625-4d6d-ad39-d1745755b3a8','34ff5c2e-6625-4d6d-ad39-d1745755b3a8');
insert into t_trprescription_template_detail(uuid,template_id, template_no, item_code, item_name, item_num, sell_price, recipe_unit, use_way, gest_id, item_style,create_user_id,update_user_id) VALUES (uuid(), '34ff5c2e-6625-4d6d-ad39-d17457551009', 'QW0009', '', '沙氏菌蛋白酶', 0, 0.00, '', '每次0.1T/kg，每日2次      ', 0, '',  '34ff5c2e-6625-4d6d-ad39-d1745755b3a8','34ff5c2e-6625-4d6d-ad39-d1745755b3a8');
insert into t_trprescription_template_detail(uuid,template_id, template_no, item_code, item_name, item_num, sell_price, recipe_unit, use_way, gest_id, item_style,create_user_id,update_user_id) VALUES (uuid(), '34ff5c2e-6625-4d6d-ad39-d17457551030', 'QW0030', '', '庆大霉素', 1, 0.00, '', '每次1毫克每千克，每日3次      ', 0, '',  '34ff5c2e-6625-4d6d-ad39-d1745755b3a8','34ff5c2e-6625-4d6d-ad39-d1745755b3a8');
insert into t_trprescription_template_detail(uuid,template_id, template_no, item_code, item_name, item_num, sell_price, recipe_unit, use_way, gest_id, item_style,create_user_id,update_user_id) VALUES (uuid(), '34ff5c2e-6625-4d6d-ad39-d17457551030', 'QW0030', '', '恩诺沙星', 2, 0.00, '', '每次2.5毫克每千克，每日1次      ', 0, '',  '34ff5c2e-6625-4d6d-ad39-d1745755b3a8','34ff5c2e-6625-4d6d-ad39-d1745755b3a8');
insert into t_trprescription_template_detail(uuid,template_id, template_no, item_code, item_name, item_num, sell_price, recipe_unit, use_way, gest_id, item_style,create_user_id,update_user_id) VALUES (uuid(), '34ff5c2e-6625-4d6d-ad39-d17457551030', 'QW0030', '', '氧氟沙星', 0, 0.00, '', '每次0.05T/kg，每日2次      ', 0, '',  '34ff5c2e-6625-4d6d-ad39-d1745755b3a8','34ff5c2e-6625-4d6d-ad39-d1745755b3a8');
insert into t_trprescription_template_detail(uuid,template_id, template_no, item_code, item_name, item_num, sell_price, recipe_unit, use_way, gest_id, item_style,create_user_id,update_user_id) VALUES (uuid(), '34ff5c2e-6625-4d6d-ad39-d17457551030', 'QW0030', '', '沙氏菌蛋白酶', 0, 0.00, '', '每次0.1T/kg，每日2次      ', 0, '',  '34ff5c2e-6625-4d6d-ad39-d1745755b3a8','34ff5c2e-6625-4d6d-ad39-d1745755b3a8');
insert into t_trprescription_template_detail(uuid,template_id, template_no, item_code, item_name, item_num, sell_price, recipe_unit, use_way, gest_id, item_style,create_user_id,update_user_id) VALUES (uuid(), '34ff5c2e-6625-4d6d-ad39-d17457551031', 'QW0031', '', '地塞米松+多粘菌素B+新霉素', 1, 0.00, '', '每次1EA，每日3次      ', 0, '',  '34ff5c2e-6625-4d6d-ad39-d1745755b3a8','34ff5c2e-6625-4d6d-ad39-d1745755b3a8');
insert into t_trprescription_template_detail(uuid,template_id, template_no, item_code, item_name, item_num, sell_price, recipe_unit, use_way, gest_id, item_style,create_user_id,update_user_id) VALUES (uuid(), '34ff5c2e-6625-4d6d-ad39-d17457551031', 'QW0031', '', '氧氟沙星', 1, 0.00, '', '每次1EA，每日3次      ', 0, '',  '34ff5c2e-6625-4d6d-ad39-d1745755b3a8','34ff5c2e-6625-4d6d-ad39-d1745755b3a8');
insert into t_trprescription_template_detail(uuid,template_id, template_no, item_code, item_name, item_num, sell_price, recipe_unit, use_way, gest_id, item_style,create_user_id,update_user_id) VALUES (uuid(), '34ff5c2e-6625-4d6d-ad39-d17457551031', 'QW0031', '', '恩诺沙星', 2, 0.00, '', '每次2.5毫克每千克，每日1次      ', 0, '',  '34ff5c2e-6625-4d6d-ad39-d1745755b3a8','34ff5c2e-6625-4d6d-ad39-d1745755b3a8');
insert into t_trprescription_template_detail(uuid,template_id, template_no, item_code, item_name, item_num, sell_price, recipe_unit, use_way, gest_id, item_style,create_user_id,update_user_id) VALUES (uuid(), '34ff5c2e-6625-4d6d-ad39-d17457551031', 'QW0031', '', '泼尼松龙、强的松', 0, 0.00, '', '每次0.5毫克每千克，每日1次      ', 0, '',  '34ff5c2e-6625-4d6d-ad39-d1745755b3a8','34ff5c2e-6625-4d6d-ad39-d1745755b3a8');
insert into t_trprescription_template_detail(uuid,template_id, template_no, item_code, item_name, item_num, sell_price, recipe_unit, use_way, gest_id, item_style,create_user_id,update_user_id) VALUES (uuid(), '34ff5c2e-6625-4d6d-ad39-d17457551031', 'QW0031', '', '环丙沙星', 5, 0.00, '', '每次5毫克每千克，每日2次      ', 0, '',  '34ff5c2e-6625-4d6d-ad39-d1745755b3a8','34ff5c2e-6625-4d6d-ad39-d1745755b3a8');
insert into t_trprescription_template_detail(uuid,template_id, template_no, item_code, item_name, item_num, sell_price, recipe_unit, use_way, gest_id, item_style,create_user_id,update_user_id) VALUES (uuid(), '34ff5c2e-6625-4d6d-ad39-d17457551031', 'QW0031', '', '泼尼松龙、强的松', 0, 0.00, '', '每次0.5毫克每千克，每日2次      ', 0, '',  '34ff5c2e-6625-4d6d-ad39-d1745755b3a8','34ff5c2e-6625-4d6d-ad39-d1745755b3a8');
insert into t_trprescription_template_detail(uuid,template_id, template_no, item_code, item_name, item_num, sell_price, recipe_unit, use_way, gest_id, item_style,create_user_id,update_user_id) VALUES (uuid(), '34ff5c2e-6625-4d6d-ad39-d17457551003', 'QW0003', '', '伊维菌素', 0, 0.00, '', '每次0.05毫克每千克，每日1次      ', 0, '',  '34ff5c2e-6625-4d6d-ad39-d1745755b3a8','34ff5c2e-6625-4d6d-ad39-d1745755b3a8');
insert into t_trprescription_template_detail(uuid,template_id, template_no, item_code, item_name, item_num, sell_price, recipe_unit, use_way, gest_id, item_style,create_user_id,update_user_id) VALUES (uuid(), '34ff5c2e-6625-4d6d-ad39-d17457551003', 'QW0003', '', '恩诺沙星', 2, 0.00, '', '每次2.5毫克每千克，每日1次      ', 0, '',  '34ff5c2e-6625-4d6d-ad39-d1745755b3a8','34ff5c2e-6625-4d6d-ad39-d1745755b3a8');
insert into t_trprescription_template_detail(uuid,template_id, template_no, item_code, item_name, item_num, sell_price, recipe_unit, use_way, gest_id, item_style,create_user_id,update_user_id) VALUES (uuid(), '34ff5c2e-6625-4d6d-ad39-d17457551003', 'QW0003', '', '泼尼松龙、强的松', 0, 0.00, '', '每次0.5毫克每千克，每日1次      ', 0, '',  '34ff5c2e-6625-4d6d-ad39-d1745755b3a8','34ff5c2e-6625-4d6d-ad39-d1745755b3a8');
insert into t_trprescription_template_detail(uuid,template_id, template_no, item_code, item_name, item_num, sell_price, recipe_unit, use_way, gest_id, item_style,create_user_id,update_user_id) VALUES (uuid(), '34ff5c2e-6625-4d6d-ad39-d17457551003', 'QW0003', '', '马来酸氯苯那敏', 2, 0.00, '', '每次2毫克每只，每日1次      ', 0, '',  '34ff5c2e-6625-4d6d-ad39-d1745755b3a8','34ff5c2e-6625-4d6d-ad39-d1745755b3a8');
insert into t_trprescription_template_detail(uuid,template_id, template_no, item_code, item_name, item_num, sell_price, recipe_unit, use_way, gest_id, item_style,create_user_id,update_user_id) VALUES (uuid(), '34ff5c2e-6625-4d6d-ad39-d17457551003', 'QW0008', '', '头孢氨苄', 10, 0.00, '', '每次10毫克每千克，每日2次      ', 0, '',  '34ff5c2e-6625-4d6d-ad39-d1745755b3a8','34ff5c2e-6625-4d6d-ad39-d1745755b3a8');
insert into t_trprescription_template_detail(uuid,template_id, template_no, item_code, item_name, item_num, sell_price, recipe_unit, use_way, gest_id, item_style,create_user_id,update_user_id) VALUES (uuid(), '34ff5c2e-6625-4d6d-ad39-d17457551003', 'QW0003', '', '阿莫西林', 10, 0.00, '', '每次10毫克每千克，每日2次      ', 0, '',  '34ff5c2e-6625-4d6d-ad39-d1745755b3a8','34ff5c2e-6625-4d6d-ad39-d1745755b3a8');
insert into t_trprescription_template_detail(uuid,template_id, template_no, item_code, item_name, item_num, sell_price, recipe_unit, use_way, gest_id, item_style,create_user_id,update_user_id) VALUES (uuid(), '34ff5c2e-6625-4d6d-ad39-d17457551003', 'QW0003', '', '头孢氨苄', 10, 0.00, '', '每次10毫克每千克，每日2次      ', 0, '',  '34ff5c2e-6625-4d6d-ad39-d1745755b3a8','34ff5c2e-6625-4d6d-ad39-d1745755b3a8');
insert into t_trprescription_template_detail(uuid,template_id, template_no, item_code, item_name, item_num, sell_price, recipe_unit, use_way, gest_id, item_style,create_user_id,update_user_id) VALUES (uuid(), '34ff5c2e-6625-4d6d-ad39-d17457551003', 'QW0003', '', '沙氏菌蛋白酶', 0, 0.00, '', '每次0.1T/kg，每日2次      ', 0, '',  '34ff5c2e-6625-4d6d-ad39-d1745755b3a8','34ff5c2e-6625-4d6d-ad39-d1745755b3a8');
insert into t_trprescription_template_detail(uuid,template_id, template_no, item_code, item_name, item_num, sell_price, recipe_unit, use_way, gest_id, item_style,create_user_id,update_user_id) VALUES (uuid(), '34ff5c2e-6625-4d6d-ad39-d17457551003', 'QW0003', '', '泼尼松龙、强的松', 0, 0.00, '', '每次0.5毫升每千克，每日2次      ', 0, '',  '34ff5c2e-6625-4d6d-ad39-d1745755b3a8','34ff5c2e-6625-4d6d-ad39-d1745755b3a8');
insert into t_trprescription_template_detail(uuid,template_id, template_no, item_code, item_name, item_num, sell_price, recipe_unit, use_way, gest_id, item_style,create_user_id,update_user_id) VALUES (uuid(), '34ff5c2e-6625-4d6d-ad39-d17457551003', 'QW0003', '', '马来酸氯苯那敏', 2, 0.00, '', '每次2毫克每只，每日2次      ', 0, '',  '34ff5c2e-6625-4d6d-ad39-d1745755b3a8','34ff5c2e-6625-4d6d-ad39-d1745755b3a8');
insert into t_trprescription_template_detail(uuid,template_id, template_no, item_code, item_name, item_num, sell_price, recipe_unit, use_way, gest_id, item_style,create_user_id,update_user_id) VALUES (uuid(), '34ff5c2e-6625-4d6d-ad39-d17457551003', 'QW0003', '', '克里马丁', 0, 0.00, '', '每次0.05毫克每千克，每日2次      ', 0, '',  '34ff5c2e-6625-4d6d-ad39-d1745755b3a8','34ff5c2e-6625-4d6d-ad39-d1745755b3a8');
insert into t_trprescription_template_detail(uuid,template_id, template_no, item_code, item_name, item_num, sell_price, recipe_unit, use_way, gest_id, item_style,create_user_id,update_user_id) VALUES (uuid(), '34ff5c2e-6625-4d6d-ad39-d17457551032', 'QW0032', '', '庆大霉素', 1, 0.00, '', '每次1EA，每日3次      ', 0, '',  '34ff5c2e-6625-4d6d-ad39-d1745755b3a8','34ff5c2e-6625-4d6d-ad39-d1745755b3a8');
insert into t_trprescription_template_detail(uuid,template_id, template_no, item_code, item_name, item_num, sell_price, recipe_unit, use_way, gest_id, item_style,create_user_id,update_user_id) VALUES (uuid(), '34ff5c2e-6625-4d6d-ad39-d17457551032', 'QW0032', '', '恩诺沙星', 2, 0.00, '', '每次2.5毫克每千克，每日1次      ', 0, '',  '34ff5c2e-6625-4d6d-ad39-d1745755b3a8','34ff5c2e-6625-4d6d-ad39-d1745755b3a8');
insert into t_trprescription_template_detail(uuid,template_id, template_no, item_code, item_name, item_num, sell_price, recipe_unit, use_way, gest_id, item_style,create_user_id,update_user_id) VALUES (uuid(), '34ff5c2e-6625-4d6d-ad39-d17457551032', 'QW0032', '', '泼尼松龙、强的松', 0, 0.00, '', '每次0.5毫克每千克，每日1次      ', 0, '',  '34ff5c2e-6625-4d6d-ad39-d1745755b3a8','34ff5c2e-6625-4d6d-ad39-d1745755b3a8');
insert into t_trprescription_template_detail(uuid,template_id, template_no, item_code, item_name, item_num, sell_price, recipe_unit, use_way, gest_id, item_style,create_user_id,update_user_id) VALUES (uuid(), '34ff5c2e-6625-4d6d-ad39-d17457551032', 'QW0032', '', '氧氟沙星', 0, 0.00, '', '每次0.05T/kg，每日2次      ', 0, '',  '34ff5c2e-6625-4d6d-ad39-d1745755b3a8','34ff5c2e-6625-4d6d-ad39-d1745755b3a8');
insert into t_trprescription_template_detail(uuid,template_id, template_no, item_code, item_name, item_num, sell_price, recipe_unit, use_way, gest_id, item_style,create_user_id,update_user_id) VALUES (uuid(), '34ff5c2e-6625-4d6d-ad39-d17457551032', 'QW0032', '', '泼尼松龙、强的松', 0, 0.00, '', '每次0.5毫克每千克，每日2次      ', 0, '',  '34ff5c2e-6625-4d6d-ad39-d1745755b3a8','34ff5c2e-6625-4d6d-ad39-d1745755b3a8');
insert into t_trprescription_template_detail(uuid,template_id, template_no, item_code, item_name, item_num, sell_price, recipe_unit, use_way, gest_id, item_style,create_user_id,update_user_id) VALUES (uuid(), '34ff5c2e-6625-4d6d-ad39-d17457551033', 'QW0033', '', '氯霉素', 1, 0.00, '', '每次1EA，每日3次      ', 0, '',  '34ff5c2e-6625-4d6d-ad39-d1745755b3a8','34ff5c2e-6625-4d6d-ad39-d1745755b3a8');
insert into t_trprescription_template_detail(uuid,template_id, template_no, item_code, item_name, item_num, sell_price, recipe_unit, use_way, gest_id, item_style,create_user_id,update_user_id) VALUES (uuid(), '34ff5c2e-6625-4d6d-ad39-d17457551033', 'QW0033', '', '双氯芬酸', 0, 0.00, '', '每次0EA，每日0次      ', 0, '',  '34ff5c2e-6625-4d6d-ad39-d1745755b3a8','34ff5c2e-6625-4d6d-ad39-d1745755b3a8');
insert into t_trprescription_template_detail(uuid,template_id, template_no, item_code, item_name, item_num, sell_price, recipe_unit, use_way, gest_id, item_style,create_user_id,update_user_id) VALUES (uuid(), '34ff5c2e-6625-4d6d-ad39-d17457551033', 'QW0033', '', '地塞米松+多粘菌素B+新霉素', 1, 0.00, '', '每次1EA，每日3次      ', 0, '',  '34ff5c2e-6625-4d6d-ad39-d1745755b3a8','34ff5c2e-6625-4d6d-ad39-d1745755b3a8');
insert into t_trprescription_template_detail(uuid,template_id, template_no, item_code, item_name, item_num, sell_price, recipe_unit, use_way, gest_id, item_style,create_user_id,update_user_id) VALUES (uuid(), '34ff5c2e-6625-4d6d-ad39-d17457551033', 'QW0033', '', '恩诺沙星', 2, 0.00, '', '每次2.5毫克每千克，每日1次      ', 0, '',  '34ff5c2e-6625-4d6d-ad39-d1745755b3a8','34ff5c2e-6625-4d6d-ad39-d1745755b3a8');
insert into t_trprescription_template_detail(uuid,template_id, template_no, item_code, item_name, item_num, sell_price, recipe_unit, use_way, gest_id, item_style,create_user_id,update_user_id) VALUES (uuid(), '34ff5c2e-6625-4d6d-ad39-d17457551033', 'QW0033', '', '地塞米松', 0, 0.00, '', '每次0.1毫克每千克，每日1次      ', 0, '',  '34ff5c2e-6625-4d6d-ad39-d1745755b3a8','34ff5c2e-6625-4d6d-ad39-d1745755b3a8');
insert into t_trprescription_template_detail(uuid,template_id, template_no, item_code, item_name, item_num, sell_price, recipe_unit, use_way, gest_id, item_style,create_user_id,update_user_id) VALUES (uuid(), '34ff5c2e-6625-4d6d-ad39-d17457551033', 'QW0033', '', '马来酸氯苯那敏', 2, 0.00, '', '每次2毫克每只，每日1次      ', 0, '',  '34ff5c2e-6625-4d6d-ad39-d1745755b3a8','34ff5c2e-6625-4d6d-ad39-d1745755b3a8');
insert into t_trprescription_template_detail(uuid,template_id, template_no, item_code, item_name, item_num, sell_price, recipe_unit, use_way, gest_id, item_style,create_user_id,update_user_id) VALUES (uuid(), '34ff5c2e-6625-4d6d-ad39-d17457551033', 'QW0033', '', '血流量增强（草木樨）', 0, 0.00, '', '每次0.1毫升每千克，每日1次      ', 0, '',  '34ff5c2e-6625-4d6d-ad39-d1745755b3a8','34ff5c2e-6625-4d6d-ad39-d1745755b3a8');
insert into t_trprescription_template_detail(uuid,template_id, template_no, item_code, item_name, item_num, sell_price, recipe_unit, use_way, gest_id, item_style,create_user_id,update_user_id) VALUES (uuid(), '34ff5c2e-6625-4d6d-ad39-d17457551033', 'QW0033', '', '头孢氨苄', 10, 0.00, '', '每次10毫克每千克，每日2次      ', 0, '',  '34ff5c2e-6625-4d6d-ad39-d1745755b3a8','34ff5c2e-6625-4d6d-ad39-d1745755b3a8');
insert into t_trprescription_template_detail(uuid,template_id, template_no, item_code, item_name, item_num, sell_price, recipe_unit, use_way, gest_id, item_style,create_user_id,update_user_id) VALUES (uuid(), '34ff5c2e-6625-4d6d-ad39-d17457551033', 'QW0033', '', '酮康唑', 10, 0.00, '', '每次10毫克每千克，每日2次      ', 0, '',  '34ff5c2e-6625-4d6d-ad39-d1745755b3a8','34ff5c2e-6625-4d6d-ad39-d1745755b3a8');
insert into t_trprescription_template_detail(uuid,template_id, template_no, item_code, item_name, item_num, sell_price, recipe_unit, use_way, gest_id, item_style,create_user_id,update_user_id) VALUES (uuid(), '34ff5c2e-6625-4d6d-ad39-d17457551033', 'QW0033', '', '马来酸氯苯那敏', 2, 0.00, '', '每次2毫克每只，每日2次      ', 0, '',  '34ff5c2e-6625-4d6d-ad39-d1745755b3a8','34ff5c2e-6625-4d6d-ad39-d1745755b3a8');
insert into t_trprescription_template_detail(uuid,template_id, template_no, item_code, item_name, item_num, sell_price, recipe_unit, use_way, gest_id, item_style,create_user_id,update_user_id) VALUES (uuid(), '34ff5c2e-6625-4d6d-ad39-d17457551033', 'QW0033', '', '泼尼松龙、强的松', 0, 0.00, '', '每次0.5毫克每千克，每日2次      ', 0, '',  '34ff5c2e-6625-4d6d-ad39-d1745755b3a8','34ff5c2e-6625-4d6d-ad39-d1745755b3a8');
insert into t_trprescription_template_detail(uuid,template_id, template_no, item_code, item_name, item_num, sell_price, recipe_unit, use_way, gest_id, item_style,create_user_id,update_user_id) VALUES (uuid(), '34ff5c2e-6625-4d6d-ad39-d17457551004', 'QW0004', '', '恩诺沙星', 2, 0.00, '', '每次2.5毫克每千克，每日1次      ', 0, '',  '34ff5c2e-6625-4d6d-ad39-d1745755b3a8','34ff5c2e-6625-4d6d-ad39-d1745755b3a8');
insert into t_trprescription_template_detail(uuid,template_id, template_no, item_code, item_name, item_num, sell_price, recipe_unit, use_way, gest_id, item_style,create_user_id,update_user_id) VALUES (uuid(), '34ff5c2e-6625-4d6d-ad39-d17457551004', 'QW0004', '', '阿莫西林', 10, 0.00, '', '每次10毫克每千克，每日2次      ', 0, '',  '34ff5c2e-6625-4d6d-ad39-d1745755b3a8','34ff5c2e-6625-4d6d-ad39-d1745755b3a8');
insert into t_trprescription_template_detail(uuid,template_id, template_no, item_code, item_name, item_num, sell_price, recipe_unit, use_way, gest_id, item_style,create_user_id,update_user_id) VALUES (uuid(), '34ff5c2e-6625-4d6d-ad39-d17457551004', 'QW0004', '', '阿莫西林克拉维酸', 12, 0.00, '', '每次12.5毫克每千克，每日2次      ', 0, '',  '34ff5c2e-6625-4d6d-ad39-d1745755b3a8','34ff5c2e-6625-4d6d-ad39-d1745755b3a8');
insert into t_trprescription_template_detail(uuid,template_id, template_no, item_code, item_name, item_num, sell_price, recipe_unit, use_way, gest_id, item_style,create_user_id,update_user_id) VALUES (uuid(), '34ff5c2e-6625-4d6d-ad39-d17457551004', 'QW0004', '', '头孢氨苄', 10, 0.00, '', '每次10毫克每千克，每日2次      ', 0, '',  '34ff5c2e-6625-4d6d-ad39-d1745755b3a8','34ff5c2e-6625-4d6d-ad39-d1745755b3a8');
insert into t_trprescription_template_detail(uuid,template_id, template_no, item_code, item_name, item_num, sell_price, recipe_unit, use_way, gest_id, item_style,create_user_id,update_user_id) VALUES (uuid(), '34ff5c2e-6625-4d6d-ad39-d17457551004', 'QW0004', '', '酮康唑', 10, 0.00, '', '每次10毫克每千克，每日2次      ', 0, '',  '34ff5c2e-6625-4d6d-ad39-d1745755b3a8','34ff5c2e-6625-4d6d-ad39-d1745755b3a8');
insert into t_trprescription_template_detail(uuid,template_id, template_no, item_code, item_name, item_num, sell_price, recipe_unit, use_way, gest_id, item_style,create_user_id,update_user_id) VALUES (uuid(), '34ff5c2e-6625-4d6d-ad39-d17457551004', 'QW0004', '', '伊曲康唑', 5, 0.00, '', '每次5毫克每千克，每日2次      ', 0, '',  '34ff5c2e-6625-4d6d-ad39-d1745755b3a8','34ff5c2e-6625-4d6d-ad39-d1745755b3a8');
insert into t_trprescription_template_detail(uuid,template_id, template_no, item_code, item_name, item_num, sell_price, recipe_unit, use_way, gest_id, item_style,create_user_id,update_user_id) VALUES (uuid(), '34ff5c2e-6625-4d6d-ad39-d17457551004', 'QW0004', '', '沙氏菌蛋白酶', 0, 0.00, '', '每次0.1T/kg，每日2次      ', 0, '',  '34ff5c2e-6625-4d6d-ad39-d1745755b3a8','34ff5c2e-6625-4d6d-ad39-d1745755b3a8');
insert into t_trprescription_template_detail(uuid,template_id, template_no, item_code, item_name, item_num, sell_price, recipe_unit, use_way, gest_id, item_style,create_user_id,update_user_id) VALUES (uuid(), '34ff5c2e-6625-4d6d-ad39-d17457551004', 'QW0004', '', '酮康唑', 0, 0.00, '', '每次0EA，每日0次      ', 0, '',  '34ff5c2e-6625-4d6d-ad39-d1745755b3a8','34ff5c2e-6625-4d6d-ad39-d1745755b3a8');
insert into t_trprescription_template_detail(uuid,template_id, template_no, item_code, item_name, item_num, sell_price, recipe_unit, use_way, gest_id, item_style,create_user_id,update_user_id) VALUES (uuid(), '34ff5c2e-6625-4d6d-ad39-d17457551013', 'QW0013', '', '恩诺沙星', 2, 0.00, '', '每次2.5毫克每千克，每日1次      ', 0, '',  '34ff5c2e-6625-4d6d-ad39-d1745755b3a8','34ff5c2e-6625-4d6d-ad39-d1745755b3a8');
insert into t_trprescription_template_detail(uuid,template_id, template_no, item_code, item_name, item_num, sell_price, recipe_unit, use_way, gest_id, item_style,create_user_id,update_user_id) VALUES (uuid(), '34ff5c2e-6625-4d6d-ad39-d17457551013', 'QW0013', '', '泼尼松龙', 0, 0.00, '', '每次0.5毫克每千克，每日1次      ', 0, '',  '34ff5c2e-6625-4d6d-ad39-d1745755b3a8','34ff5c2e-6625-4d6d-ad39-d1745755b3a8');
insert into t_trprescription_template_detail(uuid,template_id, template_no, item_code, item_name, item_num, sell_price, recipe_unit, use_way, gest_id, item_style,create_user_id,update_user_id) VALUES (uuid(), '34ff5c2e-6625-4d6d-ad39-d17457551013', 'QW0013', '', '氧氟沙星', 1, 0.00, '', '每次1毫克每千克，每日3次      ', 0, '',  '34ff5c2e-6625-4d6d-ad39-d1745755b3a8','34ff5c2e-6625-4d6d-ad39-d1745755b3a8');
insert into t_trprescription_template_detail(uuid,template_id, template_no, item_code, item_name, item_num, sell_price, recipe_unit, use_way, gest_id, item_style,create_user_id,update_user_id) VALUES (uuid(), '34ff5c2e-6625-4d6d-ad39-d17457551013', 'QW0013', '', '阿莫西林', 10, 0.00, '', '每次10毫克每千克，每日2次      ', 0, '',  '34ff5c2e-6625-4d6d-ad39-d1745755b3a8','34ff5c2e-6625-4d6d-ad39-d1745755b3a8');
insert into t_trprescription_template_detail(uuid,template_id, template_no, item_code, item_name, item_num, sell_price, recipe_unit, use_way, gest_id, item_style,create_user_id,update_user_id) VALUES (uuid(), '34ff5c2e-6625-4d6d-ad39-d17457551013', 'QW0013', '', '头孢拉定', 10, 0.00, '', '每次10毫克每千克，每日2次      ', 0, '',  '34ff5c2e-6625-4d6d-ad39-d1745755b3a8','34ff5c2e-6625-4d6d-ad39-d1745755b3a8');
insert into t_trprescription_template_detail(uuid,template_id, template_no, item_code, item_name, item_num, sell_price, recipe_unit, use_way, gest_id, item_style,create_user_id,update_user_id) VALUES (uuid(), '34ff5c2e-6625-4d6d-ad39-d17457551013', 'QW0013', '', '氧氟沙星', 0, 0.00, '', '每次0.05T/kg，每日2次      ', 0, '',  '34ff5c2e-6625-4d6d-ad39-d1745755b3a8','34ff5c2e-6625-4d6d-ad39-d1745755b3a8');
insert into t_trprescription_template_detail(uuid,template_id, template_no, item_code, item_name, item_num, sell_price, recipe_unit, use_way, gest_id, item_style,create_user_id,update_user_id) VALUES (uuid(), '34ff5c2e-6625-4d6d-ad39-d17457551013', 'QW0013', '', '酮康唑', 10, 0.00, '', '每次10毫克每千克，每日2次      ', 0, '',  '34ff5c2e-6625-4d6d-ad39-d1745755b3a8','34ff5c2e-6625-4d6d-ad39-d1745755b3a8');
insert into t_trprescription_template_detail(uuid,template_id, template_no, item_code, item_name, item_num, sell_price, recipe_unit, use_way, gest_id, item_style,create_user_id,update_user_id) VALUES (uuid(), '34ff5c2e-6625-4d6d-ad39-d17457551013', 'QW0013', '', '伊曲康唑', 5, 0.00, '', '每次5毫克每千克，每日2次      ', 0, '',  '34ff5c2e-6625-4d6d-ad39-d1745755b3a8','34ff5c2e-6625-4d6d-ad39-d1745755b3a8');
insert into t_trprescription_template_detail(uuid,template_id, template_no, item_code, item_name, item_num, sell_price, recipe_unit, use_way, gest_id, item_style,create_user_id,update_user_id) VALUES (uuid(), '34ff5c2e-6625-4d6d-ad39-d17457551013', 'QW0013', '', '泼尼松龙、强的松', 0, 0.00, '', '每次0.5毫克每千克，每日2次      ', 0, '',  '34ff5c2e-6625-4d6d-ad39-d1745755b3a8','34ff5c2e-6625-4d6d-ad39-d1745755b3a8');
insert into t_trprescription_template_detail(uuid,template_id, template_no, item_code, item_name, item_num, sell_price, recipe_unit, use_way, gest_id, item_style,create_user_id,update_user_id) VALUES (uuid(), '34ff5c2e-6625-4d6d-ad39-d17457551013', 'QW0013', '', '沙氏菌蛋白酶', 0, 0.00, '', '每次0.1T/kg，每日2次      ', 0, '',  '34ff5c2e-6625-4d6d-ad39-d1745755b3a8','34ff5c2e-6625-4d6d-ad39-d1745755b3a8');
insert into t_trprescription_template_detail(uuid,template_id, template_no, item_code, item_name, item_num, sell_price, recipe_unit, use_way, gest_id, item_style,create_user_id,update_user_id) VALUES (uuid(), '34ff5c2e-6625-4d6d-ad39-d17457551013', 'QW0013', '', '熊去氧胆酸', 10, 0.00, '', '每次10毫克每千克，每日2次      ', 0, '',  '34ff5c2e-6625-4d6d-ad39-d1745755b3a8','34ff5c2e-6625-4d6d-ad39-d1745755b3a8');
insert into t_trprescription_template_detail(uuid,template_id, template_no, item_code, item_name, item_num, sell_price, recipe_unit, use_way, gest_id, item_style,create_user_id,update_user_id) VALUES (uuid(), '34ff5c2e-6625-4d6d-ad39-d17457551014', 'QW0014', '', '恩诺沙星', 2, 0.00, '', '每次2.5毫克每千克，每日1次      ', 0, '',  '34ff5c2e-6625-4d6d-ad39-d1745755b3a8','34ff5c2e-6625-4d6d-ad39-d1745755b3a8');
insert into t_trprescription_template_detail(uuid,template_id, template_no, item_code, item_name, item_num, sell_price, recipe_unit, use_way, gest_id, item_style,create_user_id,update_user_id) VALUES (uuid(), '34ff5c2e-6625-4d6d-ad39-d17457551014', 'QW0014', '', '泼尼松龙、强的松', 0, 0.00, '', '每次0.5毫克每千克，每日1次      ', 0, '',  '34ff5c2e-6625-4d6d-ad39-d1745755b3a8','34ff5c2e-6625-4d6d-ad39-d1745755b3a8');
insert into t_trprescription_template_detail(uuid,template_id, template_no, item_code, item_name, item_num, sell_price, recipe_unit, use_way, gest_id, item_style,create_user_id,update_user_id) VALUES (uuid(), '34ff5c2e-6625-4d6d-ad39-d17457551014', 'QW0014', '', '阿莫西林', 10, 0.00, '', '每次10毫克每千克，每日2次      ', 0, '',  '34ff5c2e-6625-4d6d-ad39-d1745755b3a8','34ff5c2e-6625-4d6d-ad39-d1745755b3a8');
insert into t_trprescription_template_detail(uuid,template_id, template_no, item_code, item_name, item_num, sell_price, recipe_unit, use_way, gest_id, item_style,create_user_id,update_user_id) VALUES (uuid(), '34ff5c2e-6625-4d6d-ad39-d17457551014', 'QW0014', '', '酮康唑', 10, 0.00, '', '每次10毫克每千克，每日2次      ', 0, '',  '34ff5c2e-6625-4d6d-ad39-d1745755b3a8','34ff5c2e-6625-4d6d-ad39-d1745755b3a8');
insert into t_trprescription_template_detail(uuid,template_id, template_no, item_code, item_name, item_num, sell_price, recipe_unit, use_way, gest_id, item_style,create_user_id,update_user_id) VALUES (uuid(), '34ff5c2e-6625-4d6d-ad39-d17457551014', 'QW0014', '', '伊曲康唑', 5, 0.00, '', '每次5毫克每千克，每日2次      ', 0, '',  '34ff5c2e-6625-4d6d-ad39-d1745755b3a8','34ff5c2e-6625-4d6d-ad39-d1745755b3a8');
insert into t_trprescription_template_detail(uuid,template_id, template_no, item_code, item_name, item_num, sell_price, recipe_unit, use_way, gest_id, item_style,create_user_id,update_user_id) VALUES (uuid(), '34ff5c2e-6625-4d6d-ad39-d17457551014', 'QW0014', '', '头孢拉定', 10, 0.00, '', '每次10毫克每千克，每日2次      ', 0, '',  '34ff5c2e-6625-4d6d-ad39-d1745755b3a8','34ff5c2e-6625-4d6d-ad39-d1745755b3a8');
insert into t_trprescription_template_detail(uuid,template_id, template_no, item_code, item_name, item_num, sell_price, recipe_unit, use_way, gest_id, item_style,create_user_id,update_user_id) VALUES (uuid(), '34ff5c2e-6625-4d6d-ad39-d17457551014', 'QW0014', '', '氧氟沙星', 0, 0.00, '', '每次0.05T/kg，每日2次      ', 0, '',  '34ff5c2e-6625-4d6d-ad39-d1745755b3a8','34ff5c2e-6625-4d6d-ad39-d1745755b3a8');
insert into t_trprescription_template_detail(uuid,template_id, template_no, item_code, item_name, item_num, sell_price, recipe_unit, use_way, gest_id, item_style,create_user_id,update_user_id) VALUES (uuid(), '34ff5c2e-6625-4d6d-ad39-d17457551014', 'QW0014', '', '泼尼松龙、强的松', 0, 0.00, '', '每次0.5毫克每千克，每日2次      ', 0, '',  '34ff5c2e-6625-4d6d-ad39-d1745755b3a8','34ff5c2e-6625-4d6d-ad39-d1745755b3a8');
insert into t_trprescription_template_detail(uuid,template_id, template_no, item_code, item_name, item_num, sell_price, recipe_unit, use_way, gest_id, item_style,create_user_id,update_user_id) VALUES (uuid(), '34ff5c2e-6625-4d6d-ad39-d17457551014', 'QW0014', '', '沙氏菌蛋白酶', 0, 0.00, '', '每次0.1T/kg，每日2次      ', 0, '',  '34ff5c2e-6625-4d6d-ad39-d1745755b3a8','34ff5c2e-6625-4d6d-ad39-d1745755b3a8');
insert into t_trprescription_template_detail(uuid,template_id, template_no, item_code, item_name, item_num, sell_price, recipe_unit, use_way, gest_id, item_style,create_user_id,update_user_id) VALUES (uuid(), '34ff5c2e-6625-4d6d-ad39-d17457551014', 'QW0014', '', '熊去氧胆酸', 10, 0.00, '', '每次10毫克每千克，每日2次      ', 0, '',  '34ff5c2e-6625-4d6d-ad39-d1745755b3a8','34ff5c2e-6625-4d6d-ad39-d1745755b3a8');
insert into t_trprescription_template_detail(uuid,template_id, template_no, item_code, item_name, item_num, sell_price, recipe_unit, use_way, gest_id, item_style,create_user_id,update_user_id) VALUES (uuid(), '34ff5c2e-6625-4d6d-ad39-d17457551005', 'QW0005', '', '伊维菌素', 0, 0.00, '', '每次0.05毫克每千克，每日1次      ', 0, '',  '34ff5c2e-6625-4d6d-ad39-d1745755b3a8','34ff5c2e-6625-4d6d-ad39-d1745755b3a8');
insert into t_trprescription_template_detail(uuid,template_id, template_no, item_code, item_name, item_num, sell_price, recipe_unit, use_way, gest_id, item_style,create_user_id,update_user_id) VALUES (uuid(), '34ff5c2e-6625-4d6d-ad39-d17457551005', 'QW0005', '', '恩诺沙星', 2, 0.00, '', '每次2.5毫克每千克，每日1次      ', 0, '',  '34ff5c2e-6625-4d6d-ad39-d1745755b3a8','34ff5c2e-6625-4d6d-ad39-d1745755b3a8');
insert into t_trprescription_template_detail(uuid,template_id, template_no, item_code, item_name, item_num, sell_price, recipe_unit, use_way, gest_id, item_style,create_user_id,update_user_id) VALUES (uuid(), '34ff5c2e-6625-4d6d-ad39-d17457551005', 'QW0005', '', '阿莫西林', 10, 0.00, '', '每次10毫克每千克，每日2次      ', 0, '',  '34ff5c2e-6625-4d6d-ad39-d1745755b3a8','34ff5c2e-6625-4d6d-ad39-d1745755b3a8');
insert into t_trprescription_template_detail(uuid,template_id, template_no, item_code, item_name, item_num, sell_price, recipe_unit, use_way, gest_id, item_style,create_user_id,update_user_id) VALUES (uuid(), '34ff5c2e-6625-4d6d-ad39-d17457551005', 'QW0005', '', '头孢氨苄', 10, 0.00, '', '每次10毫克每千克，每日2次      ', 0, '',  '34ff5c2e-6625-4d6d-ad39-d1745755b3a8','34ff5c2e-6625-4d6d-ad39-d1745755b3a8');
insert into t_trprescription_template_detail(uuid,template_id, template_no, item_code, item_name, item_num, sell_price, recipe_unit, use_way, gest_id, item_style,create_user_id,update_user_id) VALUES (uuid(), '34ff5c2e-6625-4d6d-ad39-d17457551005', 'QW0005', '', '沙氏菌蛋白酶', 0, 0.00, '', '每次0.1T/kg，每日2次      ', 0, '',  '34ff5c2e-6625-4d6d-ad39-d1745755b3a8','34ff5c2e-6625-4d6d-ad39-d1745755b3a8');
insert into t_trprescription_template_detail(uuid,template_id, template_no, item_code, item_name, item_num, sell_price, recipe_unit, use_way, gest_id, item_style,create_user_id,update_user_id) VALUES (uuid(), '34ff5c2e-6625-4d6d-ad39-d17457551020', 'QW0020', '', '阿莫西林钠', 10, 0.00, '', '每次10毫克每千克，每日1次      ', 0, '',  '34ff5c2e-6625-4d6d-ad39-d1745755b3a8','34ff5c2e-6625-4d6d-ad39-d1745755b3a8');
insert into t_trprescription_template_detail(uuid,template_id, template_no, item_code, item_name, item_num, sell_price, recipe_unit, use_way, gest_id, item_style,create_user_id,update_user_id) VALUES (uuid(), '34ff5c2e-6625-4d6d-ad39-d17457551020', 'QW0020', '', '西咪替丁', 5, 0.00, '', '每次5毫克每千克，每日1次      ', 0, '',  '34ff5c2e-6625-4d6d-ad39-d1745755b3a8','34ff5c2e-6625-4d6d-ad39-d1745755b3a8');
insert into t_trprescription_template_detail(uuid,template_id, template_no, item_code, item_name, item_num, sell_price, recipe_unit, use_way, gest_id, item_style,create_user_id,update_user_id) VALUES (uuid(), '34ff5c2e-6625-4d6d-ad39-d17457551020', 'QW0020', '', '甲氧氯普安', 1, 0.00, '', '每次1毫克每千克，每日1次      ', 0, '',  '34ff5c2e-6625-4d6d-ad39-d1745755b3a8','34ff5c2e-6625-4d6d-ad39-d1745755b3a8');
insert into t_trprescription_template_detail(uuid,template_id, template_no, item_code, item_name, item_num, sell_price, recipe_unit, use_way, gest_id, item_style,create_user_id,update_user_id) VALUES (uuid(), '34ff5c2e-6625-4d6d-ad39-d17457551020', 'QW0020', '', '阿莫西林', 10, 0.00, '', '每次10毫克每千克，每日2次      ', 0, '',  '34ff5c2e-6625-4d6d-ad39-d1745755b3a8','34ff5c2e-6625-4d6d-ad39-d1745755b3a8');
insert into t_trprescription_template_detail(uuid,template_id, template_no, item_code, item_name, item_num, sell_price, recipe_unit, use_way, gest_id, item_style,create_user_id,update_user_id) VALUES (uuid(), '34ff5c2e-6625-4d6d-ad39-d17457551020', 'QW0020', '', '西咪替丁', 5, 0.00, '', '每次5毫克每千克，每日2次      ', 0, '',  '34ff5c2e-6625-4d6d-ad39-d1745755b3a8','34ff5c2e-6625-4d6d-ad39-d1745755b3a8');
insert into t_trprescription_template_detail(uuid,template_id, template_no, item_code, item_name, item_num, sell_price, recipe_unit, use_way, gest_id, item_style,create_user_id,update_user_id) VALUES (uuid(), '34ff5c2e-6625-4d6d-ad39-d17457551020', 'QW0020', '', '硫糖铝', 250, 0.00, '', '每次250毫克每只，每日2次      ', 0, '',  '34ff5c2e-6625-4d6d-ad39-d1745755b3a8','34ff5c2e-6625-4d6d-ad39-d1745755b3a8');
insert into t_trprescription_template_detail(uuid,template_id, template_no, item_code, item_name, item_num, sell_price, recipe_unit, use_way, gest_id, item_style,create_user_id,update_user_id) VALUES (uuid(), '34ff5c2e-6625-4d6d-ad39-d17457551021', 'QW0021', '', '西咪替丁', 5, 0.00, '', '每次5毫克每千克，每日1次      ', 0, '',  '34ff5c2e-6625-4d6d-ad39-d1745755b3a8','34ff5c2e-6625-4d6d-ad39-d1745755b3a8');
insert into t_trprescription_template_detail(uuid,template_id, template_no, item_code, item_name, item_num, sell_price, recipe_unit, use_way, gest_id, item_style,create_user_id,update_user_id) VALUES (uuid(), '34ff5c2e-6625-4d6d-ad39-d17457551021', 'QW0021', '', '甲氧氯普安', 1, 0.00, '', '每次1毫克每千克，每日1次      ', 0, '',  '34ff5c2e-6625-4d6d-ad39-d1745755b3a8','34ff5c2e-6625-4d6d-ad39-d1745755b3a8');
insert into t_trprescription_template_detail(uuid,template_id, template_no, item_code, item_name, item_num, sell_price, recipe_unit, use_way, gest_id, item_style,create_user_id,update_user_id) VALUES (uuid(), '34ff5c2e-6625-4d6d-ad39-d17457551021', 'QW0021', '', '阿莫西林', 10, 0.00, '', '每次10毫克每千克，每日2次      ', 0, '',  '34ff5c2e-6625-4d6d-ad39-d1745755b3a8','34ff5c2e-6625-4d6d-ad39-d1745755b3a8');
insert into t_trprescription_template_detail(uuid,template_id, template_no, item_code, item_name, item_num, sell_price, recipe_unit, use_way, gest_id, item_style,create_user_id,update_user_id) VALUES (uuid(), '34ff5c2e-6625-4d6d-ad39-d17457551021', 'QW0021', '', '西咪替丁', 5, 0.00, '', '每次5毫克每千克，每日2次      ', 0, '',  '34ff5c2e-6625-4d6d-ad39-d1745755b3a8','34ff5c2e-6625-4d6d-ad39-d1745755b3a8');
insert into t_trprescription_template_detail(uuid,template_id, template_no, item_code, item_name, item_num, sell_price, recipe_unit, use_way, gest_id, item_style,create_user_id,update_user_id) VALUES (uuid(), '34ff5c2e-6625-4d6d-ad39-d17457551021', 'QW0021', '', '甲氧氯普安', 0, 0.00, '', '每次0.2毫克每千克，每日2次      ', 0, '',  '34ff5c2e-6625-4d6d-ad39-d1745755b3a8','34ff5c2e-6625-4d6d-ad39-d1745755b3a8');
insert into t_trprescription_template_detail(uuid,template_id, template_no, item_code, item_name, item_num, sell_price, recipe_unit, use_way, gest_id, item_style,create_user_id,update_user_id) VALUES (uuid(), '34ff5c2e-6625-4d6d-ad39-d17457551021', 'QW0021', '', '蒙脱石粉', 1, 0.00, '', '每次1毫升每千克，每日2次      ', 0, '',  '34ff5c2e-6625-4d6d-ad39-d1745755b3a8','34ff5c2e-6625-4d6d-ad39-d1745755b3a8');
insert into t_trprescription_template_detail(uuid,template_id, template_no, item_code, item_name, item_num, sell_price, recipe_unit, use_way, gest_id, item_style,create_user_id,update_user_id) VALUES (uuid(), '34ff5c2e-6625-4d6d-ad39-d17457551021', 'QW0021', '', '硫糖铝', 250, 0.00, '', '每次250毫克每只，每日2次      ', 0, '',  '34ff5c2e-6625-4d6d-ad39-d1745755b3a8','34ff5c2e-6625-4d6d-ad39-d1745755b3a8');
insert into t_trprescription_template_detail(uuid,template_id, template_no, item_code, item_name, item_num, sell_price, recipe_unit, use_way, gest_id, item_style,create_user_id,update_user_id) VALUES (uuid(), '34ff5c2e-6625-4d6d-ad39-d17457551006', 'QW0006', '', '恩诺沙星', 2, 0.00, '', '每次2.5毫克每千克，每日1次      ', 0, '',  '34ff5c2e-6625-4d6d-ad39-d1745755b3a8','34ff5c2e-6625-4d6d-ad39-d1745755b3a8');
insert into t_trprescription_template_detail(uuid,template_id, template_no, item_code, item_name, item_num, sell_price, recipe_unit, use_way, gest_id, item_style,create_user_id,update_user_id) VALUES (uuid(), '34ff5c2e-6625-4d6d-ad39-d17457551006', 'QW0006', '', '泼尼松龙、强的松', 0, 0.00, '', '每次0.5毫克每千克，每日1次      ', 0, '',  '34ff5c2e-6625-4d6d-ad39-d1745755b3a8','34ff5c2e-6625-4d6d-ad39-d1745755b3a8');
insert into t_trprescription_template_detail(uuid,template_id, template_no, item_code, item_name, item_num, sell_price, recipe_unit, use_way, gest_id, item_style,create_user_id,update_user_id) VALUES (uuid(), '34ff5c2e-6625-4d6d-ad39-d17457551006', 'QW0006', '', '阿莫西林', 10, 0.00, '', '每次10毫克每千克，每日2次      ', 0, '',  '34ff5c2e-6625-4d6d-ad39-d1745755b3a8','34ff5c2e-6625-4d6d-ad39-d1745755b3a8');
insert into t_trprescription_template_detail(uuid,template_id, template_no, item_code, item_name, item_num, sell_price, recipe_unit, use_way, gest_id, item_style,create_user_id,update_user_id) VALUES (uuid(), '34ff5c2e-6625-4d6d-ad39-d17457551006', 'QW0006', '', '阿莫西林克拉维酸', 12, 0.00, '', '每次12.5毫克每千克，每日2次      ', 0, '',  '34ff5c2e-6625-4d6d-ad39-d1745755b3a8','34ff5c2e-6625-4d6d-ad39-d1745755b3a8');
insert into t_trprescription_template_detail(uuid,template_id, template_no, item_code, item_name, item_num, sell_price, recipe_unit, use_way, gest_id, item_style,create_user_id,update_user_id) VALUES (uuid(), '34ff5c2e-6625-4d6d-ad39-d17457551006', 'QW0006', '', '头孢氨苄', 10, 0.00, '', '每次10毫克每千克，每日2次      ', 0, '',  '34ff5c2e-6625-4d6d-ad39-d1745755b3a8','34ff5c2e-6625-4d6d-ad39-d1745755b3a8');
insert into t_trprescription_template_detail(uuid,template_id, template_no, item_code, item_name, item_num, sell_price, recipe_unit, use_way, gest_id, item_style,create_user_id,update_user_id) VALUES (uuid(), '34ff5c2e-6625-4d6d-ad39-d17457551006', 'QW0006', '', '泼尼松龙、强的松', 0, 0.00, '', '每次0.5毫克每千克，每日2次      ', 0, '',  '34ff5c2e-6625-4d6d-ad39-d1745755b3a8','34ff5c2e-6625-4d6d-ad39-d1745755b3a8');
insert into t_trprescription_template_detail(uuid,template_id, template_no, item_code, item_name, item_num, sell_price, recipe_unit, use_way, gest_id, item_style,create_user_id,update_user_id) VALUES (uuid(), '34ff5c2e-6625-4d6d-ad39-d17457551006', 'QW0006', '', '马来酸氯苯那敏', 2, 0.00, '', '每次2毫克每只，每日2次      ', 0, '',  '34ff5c2e-6625-4d6d-ad39-d1745755b3a8','34ff5c2e-6625-4d6d-ad39-d1745755b3a8');
insert into t_trprescription_template_detail(uuid,template_id, template_no, item_code, item_name, item_num, sell_price, recipe_unit, use_way, gest_id, item_style,create_user_id,update_user_id) VALUES (uuid(), '34ff5c2e-6625-4d6d-ad39-d17457551006', 'QW0006', '', '克里马丁', 0, 0.00, '', '每次0.05毫克每千克，每日2次      ', 0, '',  '34ff5c2e-6625-4d6d-ad39-d1745755b3a8','34ff5c2e-6625-4d6d-ad39-d1745755b3a8');
insert into t_trprescription_template_detail(uuid,template_id, template_no, item_code, item_name, item_num, sell_price, recipe_unit, use_way, gest_id, item_style,create_user_id,update_user_id) VALUES (uuid(), '34ff5c2e-6625-4d6d-ad39-d17457551022', 'QW0022', '', '恩诺沙星', 2, 0.00, '', '每次2.5毫克每千克，每日1次      ', 0, '',  '34ff5c2e-6625-4d6d-ad39-d1745755b3a8','34ff5c2e-6625-4d6d-ad39-d1745755b3a8');
insert into t_trprescription_template_detail(uuid,template_id, template_no, item_code, item_name, item_num, sell_price, recipe_unit, use_way, gest_id, item_style,create_user_id,update_user_id) VALUES (uuid(), '34ff5c2e-6625-4d6d-ad39-d17457551022', 'QW0022', '', '泼尼松龙、强的松', 0, 0.00, '', '每次0.5毫克每千克，每日1次      ', 0, '',  '34ff5c2e-6625-4d6d-ad39-d1745755b3a8','34ff5c2e-6625-4d6d-ad39-d1745755b3a8');
insert into t_trprescription_template_detail(uuid,template_id, template_no, item_code, item_name, item_num, sell_price, recipe_unit, use_way, gest_id, item_style,create_user_id,update_user_id) VALUES (uuid(), '34ff5c2e-6625-4d6d-ad39-d17457551022', 'QW0022', '', '西咪替丁', 5, 0.00, '', '每次5毫克每千克，每日1次      ', 0, '',  '34ff5c2e-6625-4d6d-ad39-d1745755b3a8','34ff5c2e-6625-4d6d-ad39-d1745755b3a8');
insert into t_trprescription_template_detail(uuid,template_id, template_no, item_code, item_name, item_num, sell_price, recipe_unit, use_way, gest_id, item_style,create_user_id,update_user_id) VALUES (uuid(), '34ff5c2e-6625-4d6d-ad39-d17457551022', 'QW0022', '', '呋喃苯胺酸', 2, 0.00, '', '每次2毫克每千克，每日1次      ', 0, '',  '34ff5c2e-6625-4d6d-ad39-d1745755b3a8','34ff5c2e-6625-4d6d-ad39-d1745755b3a8');
insert into t_trprescription_template_detail(uuid,template_id, template_no, item_code, item_name, item_num, sell_price, recipe_unit, use_way, gest_id, item_style,create_user_id,update_user_id) VALUES (uuid(), '34ff5c2e-6625-4d6d-ad39-d17457551022', 'QW0022', '', '肝素钠', 50, 0.00, '', '每次50单位每千克，每日1次      ', 0, '',  '34ff5c2e-6625-4d6d-ad39-d1745755b3a8','34ff5c2e-6625-4d6d-ad39-d1745755b3a8');
insert into t_trprescription_template_detail(uuid,template_id, template_no, item_code, item_name, item_num, sell_price, recipe_unit, use_way, gest_id, item_style,create_user_id,update_user_id) VALUES (uuid(), '34ff5c2e-6625-4d6d-ad39-d17457551022', 'QW0022', '', '阿莫西林', 10, 0.00, '', '每次10毫克每千克，每日2次      ', 0, '',  '34ff5c2e-6625-4d6d-ad39-d1745755b3a8','34ff5c2e-6625-4d6d-ad39-d1745755b3a8');
insert into t_trprescription_template_detail(uuid,template_id, template_no, item_code, item_name, item_num, sell_price, recipe_unit, use_way, gest_id, item_style,create_user_id,update_user_id) VALUES (uuid(), '34ff5c2e-6625-4d6d-ad39-d17457551022', 'QW0022', '', '泼尼松龙、强的松', 0, 0.00, '', '每次0.5毫克每千克，每日2次      ', 0, '',  '34ff5c2e-6625-4d6d-ad39-d1745755b3a8','34ff5c2e-6625-4d6d-ad39-d1745755b3a8');
insert into t_trprescription_template_detail(uuid,template_id, template_no, item_code, item_name, item_num, sell_price, recipe_unit, use_way, gest_id, item_style,create_user_id,update_user_id) VALUES (uuid(), '34ff5c2e-6625-4d6d-ad39-d17457551022', 'QW0022', '', '马来酸依那普利', 0, 0.00, '', '每次0.5毫克每千克，每日2次      ', 0, '',  '34ff5c2e-6625-4d6d-ad39-d1745755b3a8','34ff5c2e-6625-4d6d-ad39-d1745755b3a8');
insert into t_trprescription_template_detail(uuid,template_id, template_no, item_code, item_name, item_num, sell_price, recipe_unit, use_way, gest_id, item_style,create_user_id,update_user_id) VALUES (uuid(), '34ff5c2e-6625-4d6d-ad39-d17457551022', 'QW0022', '', '呋喃苯胺酸', 2, 0.00, '', '每次2毫克每千克，每日2次      ', 0, '',  '34ff5c2e-6625-4d6d-ad39-d1745755b3a8','34ff5c2e-6625-4d6d-ad39-d1745755b3a8');
insert into t_trprescription_template_detail(uuid,template_id, template_no, item_code, item_name, item_num, sell_price, recipe_unit, use_way, gest_id, item_style,create_user_id,update_user_id) VALUES (uuid(), '34ff5c2e-6625-4d6d-ad39-d17457551022', 'QW0022', '', '西咪替丁', 5, 0.00, '', '每次5毫克每千克，每日2次      ', 0, '',  '34ff5c2e-6625-4d6d-ad39-d1745755b3a8','34ff5c2e-6625-4d6d-ad39-d1745755b3a8');
insert into t_trprescription_template_detail(uuid,template_id, template_no, item_code, item_name, item_num, sell_price, recipe_unit, use_way, gest_id, item_style,create_user_id,update_user_id) VALUES (uuid(), '34ff5c2e-6625-4d6d-ad39-d17457551022', 'QW0022', '', '乙酰半胱氨酸', 70, 0.00, '', '每次70毫克每千克，每日2次      ', 0, '',  '34ff5c2e-6625-4d6d-ad39-d1745755b3a8','34ff5c2e-6625-4d6d-ad39-d1745755b3a8');
insert into t_trprescription_template_detail(uuid,template_id, template_no, item_code, item_name, item_num, sell_price, recipe_unit, use_way, gest_id, item_style,create_user_id,update_user_id) VALUES (uuid(), '34ff5c2e-6625-4d6d-ad39-d17457551034', 'QW0034', '', '拉坦前列素', 1, 0.00, '', '每次1EA，每日3次      ', 0, '',  '34ff5c2e-6625-4d6d-ad39-d1745755b3a8','34ff5c2e-6625-4d6d-ad39-d1745755b3a8');
insert into t_trprescription_template_detail(uuid,template_id, template_no, item_code, item_name, item_num, sell_price, recipe_unit, use_way, gest_id, item_style,create_user_id,update_user_id) VALUES (uuid(), '34ff5c2e-6625-4d6d-ad39-d17457551034', 'QW0034', '', '噻吗洛尔液', 1, 0.00, '', '每次1EA，每日3次      ', 0, '',  '34ff5c2e-6625-4d6d-ad39-d1745755b3a8','34ff5c2e-6625-4d6d-ad39-d1745755b3a8');
insert into t_trprescription_template_detail(uuid,template_id, template_no, item_code, item_name, item_num, sell_price, recipe_unit, use_way, gest_id, item_style,create_user_id,update_user_id) VALUES (uuid(), '34ff5c2e-6625-4d6d-ad39-d17457551034', 'QW0034', '', '2%皮洛卡品', 1, 0.00, '', '每次1EA，每日3次      ', 0, '',  '34ff5c2e-6625-4d6d-ad39-d1745755b3a8','34ff5c2e-6625-4d6d-ad39-d1745755b3a8');
insert into t_trprescription_template_detail(uuid,template_id, template_no, item_code, item_name, item_num, sell_price, recipe_unit, use_way, gest_id, item_style,create_user_id,update_user_id) VALUES (uuid(), '34ff5c2e-6625-4d6d-ad39-d17457551034', 'QW0034', '', '恩诺沙星', 2, 0.00, '', '每次2.5毫克每千克，每日1次      ', 0, '',  '34ff5c2e-6625-4d6d-ad39-d1745755b3a8','34ff5c2e-6625-4d6d-ad39-d1745755b3a8');
insert into t_trprescription_template_detail(uuid,template_id, template_no, item_code, item_name, item_num, sell_price, recipe_unit, use_way, gest_id, item_style,create_user_id,update_user_id) VALUES (uuid(), '34ff5c2e-6625-4d6d-ad39-d17457551034', 'QW0034', '', '双氯非那胺', 2, 0.00, '', '每次2毫克每千克，每日2次      ', 0, '',  '34ff5c2e-6625-4d6d-ad39-d1745755b3a8','34ff5c2e-6625-4d6d-ad39-d1745755b3a8');
insert into t_trprescription_template_detail(uuid,template_id, template_no, item_code, item_name, item_num, sell_price, recipe_unit, use_way, gest_id, item_style,create_user_id,update_user_id) VALUES (uuid(), '34ff5c2e-6625-4d6d-ad39-d17457551034', 'QW0034', '', '环丙沙星', 5, 0.00, '', '每次5毫克每千克，每日2次      ', 0, '',  '34ff5c2e-6625-4d6d-ad39-d1745755b3a8','34ff5c2e-6625-4d6d-ad39-d1745755b3a8');
insert into t_trprescription_template_detail(uuid,template_id, template_no, item_code, item_name, item_num, sell_price, recipe_unit, use_way, gest_id, item_style,create_user_id,update_user_id) VALUES (uuid(), '34ff5c2e-6625-4d6d-ad39-d17457551023', 'QW0023', '', '伊维菌素', 0, 0.00, '', '每次0.05毫克每千克，每日1次      ', 0, '',  '34ff5c2e-6625-4d6d-ad39-d1745755b3a8','34ff5c2e-6625-4d6d-ad39-d1745755b3a8');
insert into t_trprescription_template_detail(uuid,template_id, template_no, item_code, item_name, item_num, sell_price, recipe_unit, use_way, gest_id, item_style,create_user_id,update_user_id) VALUES (uuid(), '34ff5c2e-6625-4d6d-ad39-d17457551023', 'QW0023', '', '恩诺沙星', 2, 0.00, '', '每次2.5毫克每千克，每日1次      ', 0, '',  '34ff5c2e-6625-4d6d-ad39-d1745755b3a8','34ff5c2e-6625-4d6d-ad39-d1745755b3a8');
insert into t_trprescription_template_detail(uuid,template_id, template_no, item_code, item_name, item_num, sell_price, recipe_unit, use_way, gest_id, item_style,create_user_id,update_user_id) VALUES (uuid(), '34ff5c2e-6625-4d6d-ad39-d17457551023', 'QW0023', '', '泼尼松龙、强的松', 0, 0.00, '', '每次0.5毫克每千克，每日1次      ', 0, '',  '34ff5c2e-6625-4d6d-ad39-d1745755b3a8','34ff5c2e-6625-4d6d-ad39-d1745755b3a8');
insert into t_trprescription_template_detail(uuid,template_id, template_no, item_code, item_name, item_num, sell_price, recipe_unit, use_way, gest_id, item_style,create_user_id,update_user_id) VALUES (uuid(), '34ff5c2e-6625-4d6d-ad39-d17457551023', 'QW0023', '', '西咪替丁', 5, 0.00, '', '每次5毫克每千克，每日1次      ', 0, '',  '34ff5c2e-6625-4d6d-ad39-d1745755b3a8','34ff5c2e-6625-4d6d-ad39-d1745755b3a8');
insert into t_trprescription_template_detail(uuid,template_id, template_no, item_code, item_name, item_num, sell_price, recipe_unit, use_way, gest_id, item_style,create_user_id,update_user_id) VALUES (uuid(), '34ff5c2e-6625-4d6d-ad39-d17457551023', 'QW0023', '', '呋喃苯胺酸', 2, 0.00, '', '每次2毫克每千克，每日1次      ', 0, '',  '34ff5c2e-6625-4d6d-ad39-d1745755b3a8','34ff5c2e-6625-4d6d-ad39-d1745755b3a8');
insert into t_trprescription_template_detail(uuid,template_id, template_no, item_code, item_name, item_num, sell_price, recipe_unit, use_way, gest_id, item_style,create_user_id,update_user_id) VALUES (uuid(), '34ff5c2e-6625-4d6d-ad39-d17457551023', 'QW0023', '', '肝素钠', 50, 0.00, '', '每次50单位每千克，每日1次      ', 0, '',  '34ff5c2e-6625-4d6d-ad39-d1745755b3a8','34ff5c2e-6625-4d6d-ad39-d1745755b3a8');
insert into t_trprescription_template_detail(uuid,template_id, template_no, item_code, item_name, item_num, sell_price, recipe_unit, use_way, gest_id, item_style,create_user_id,update_user_id) VALUES (uuid(), '34ff5c2e-6625-4d6d-ad39-d17457551023', 'QW0023', '', '阿莫西林', 10, 0.00, '', '每次10毫克每千克，每日2次      ', 0, '',  '34ff5c2e-6625-4d6d-ad39-d1745755b3a8','34ff5c2e-6625-4d6d-ad39-d1745755b3a8');
insert into t_trprescription_template_detail(uuid,template_id, template_no, item_code, item_name, item_num, sell_price, recipe_unit, use_way, gest_id, item_style,create_user_id,update_user_id) VALUES (uuid(), '34ff5c2e-6625-4d6d-ad39-d17457551023', 'QW0023', '', '泼尼松龙、强的松', 0, 0.00, '', '每次0.5毫克每千克，每日2次      ', 0, '',  '34ff5c2e-6625-4d6d-ad39-d1745755b3a8','34ff5c2e-6625-4d6d-ad39-d1745755b3a8');
insert into t_trprescription_template_detail(uuid,template_id, template_no, item_code, item_name, item_num, sell_price, recipe_unit, use_way, gest_id, item_style,create_user_id,update_user_id) VALUES (uuid(), '34ff5c2e-6625-4d6d-ad39-d17457551023', 'QW0023', '', '呋喃苯胺酸', 2, 0.00, '', '每次2毫克每千克，每日2次      ', 0, '',  '34ff5c2e-6625-4d6d-ad39-d1745755b3a8','34ff5c2e-6625-4d6d-ad39-d1745755b3a8');
insert into t_trprescription_template_detail(uuid,template_id, template_no, item_code, item_name, item_num, sell_price, recipe_unit, use_way, gest_id, item_style,create_user_id,update_user_id) VALUES (uuid(), '34ff5c2e-6625-4d6d-ad39-d17457551023', 'QW0023', '', '西咪替丁', 5, 0.00, '', '每次5毫克每千克，每日2次      ', 0, '',  '34ff5c2e-6625-4d6d-ad39-d1745755b3a8','34ff5c2e-6625-4d6d-ad39-d1745755b3a8');
insert into t_trprescription_template_detail(uuid,template_id, template_no, item_code, item_name, item_num, sell_price, recipe_unit, use_way, gest_id, item_style,create_user_id,update_user_id) VALUES (uuid(), '34ff5c2e-6625-4d6d-ad39-d17457551023', 'QW0023', '', '乙酰半胱氨酸', 70, 0.00, '', '每次70毫克每千克，每日2次      ', 0, '',  '34ff5c2e-6625-4d6d-ad39-d1745755b3a8','34ff5c2e-6625-4d6d-ad39-d1745755b3a8');
insert into t_trprescription_template_detail(uuid,template_id, template_no, item_code, item_name, item_num, sell_price, recipe_unit, use_way, gest_id, item_style,create_user_id,update_user_id) VALUES (uuid(), '34ff5c2e-6625-4d6d-ad39-d17457551024', 'QW0024', '', '美拉索明', 2, 0.00, '', '每次2.5毫克每千克，每日1次      ', 0, '',  '34ff5c2e-6625-4d6d-ad39-d1745755b3a8','34ff5c2e-6625-4d6d-ad39-d1745755b3a8');
insert into t_trprescription_template_detail(uuid,template_id, template_no, item_code, item_name, item_num, sell_price, recipe_unit, use_way, gest_id, item_style,create_user_id,update_user_id) VALUES (uuid(), '34ff5c2e-6625-4d6d-ad39-d17457551036', 'QW0036', '', '恩诺沙星', 2, 0.00, '', '每次2.5毫克每千克，每日1次      ', 0, '',  '34ff5c2e-6625-4d6d-ad39-d1745755b3a8','34ff5c2e-6625-4d6d-ad39-d1745755b3a8');
insert into t_trprescription_template_detail(uuid,template_id, template_no, item_code, item_name, item_num, sell_price, recipe_unit, use_way, gest_id, item_style,create_user_id,update_user_id) VALUES (uuid(), '34ff5c2e-6625-4d6d-ad39-d17457551036', 'QW0036', '', '泼尼松龙、强的松', 0, 0.00, '', '每次0.5毫克每千克，每日1次      ', 0, '',  '34ff5c2e-6625-4d6d-ad39-d1745755b3a8','34ff5c2e-6625-4d6d-ad39-d1745755b3a8');
insert into t_trprescription_template_detail(uuid,template_id, template_no, item_code, item_name, item_num, sell_price, recipe_unit, use_way, gest_id, item_style,create_user_id,update_user_id) VALUES (uuid(), '34ff5c2e-6625-4d6d-ad39-d17457551036', 'QW0036', '', '阿莫西林', 10, 0.00, '', '每次10毫克每千克，每日2次      ', 0, '',  '34ff5c2e-6625-4d6d-ad39-d1745755b3a8','34ff5c2e-6625-4d6d-ad39-d1745755b3a8');
insert into t_trprescription_template_detail(uuid,template_id, template_no, item_code, item_name, item_num, sell_price, recipe_unit, use_way, gest_id, item_style,create_user_id,update_user_id) VALUES (uuid(), '34ff5c2e-6625-4d6d-ad39-d17457551036', 'QW0036', '', '头孢拉定', 10, 0.00, '', '每次10毫克每千克，每日2次      ', 0, '',  '34ff5c2e-6625-4d6d-ad39-d1745755b3a8','34ff5c2e-6625-4d6d-ad39-d1745755b3a8');
insert into t_trprescription_template_detail(uuid,template_id, template_no, item_code, item_name, item_num, sell_price, recipe_unit, use_way, gest_id, item_style,create_user_id,update_user_id) VALUES (uuid(), '34ff5c2e-6625-4d6d-ad39-d17457551036', 'QW0036', '', '泼尼松龙、强的松', 0, 0.00, '', '每次0.5毫克每千克，每日2次      ', 0, '',  '34ff5c2e-6625-4d6d-ad39-d1745755b3a8','34ff5c2e-6625-4d6d-ad39-d1745755b3a8');
insert into t_trprescription_template_detail(uuid,template_id, template_no, item_code, item_name, item_num, sell_price, recipe_unit, use_way, gest_id, item_style,create_user_id,update_user_id) VALUES (uuid(), '34ff5c2e-6625-4d6d-ad39-d17457551036', 'QW0036', '', '沙氏菌蛋白酶', 0, 0.00, '', '每次0.1T/kg，每日2次      ', 0, '',  '34ff5c2e-6625-4d6d-ad39-d1745755b3a8','34ff5c2e-6625-4d6d-ad39-d1745755b3a8');
insert into t_trprescription_template_detail(uuid,template_id, template_no, item_code, item_name, item_num, sell_price, recipe_unit, use_way, gest_id, item_style,create_user_id,update_user_id) VALUES (uuid(), '34ff5c2e-6625-4d6d-ad39-d17457551037', 'QW0037', '', '恩诺沙星', 2, 0.00, '', '每次2.5毫克每千克，每日1次      ', 0, '',  '34ff5c2e-6625-4d6d-ad39-d1745755b3a8','34ff5c2e-6625-4d6d-ad39-d1745755b3a8');
insert into t_trprescription_template_detail(uuid,template_id, template_no, item_code, item_name, item_num, sell_price, recipe_unit, use_way, gest_id, item_style,create_user_id,update_user_id) VALUES (uuid(), '34ff5c2e-6625-4d6d-ad39-d17457551037', 'QW0037', '', '泼尼松龙、强的松', 0, 0.00, '', '每次0.5毫克每千克，每日1次      ', 0, '',  '34ff5c2e-6625-4d6d-ad39-d1745755b3a8','34ff5c2e-6625-4d6d-ad39-d1745755b3a8');
insert into t_trprescription_template_detail(uuid,template_id, template_no, item_code, item_name, item_num, sell_price, recipe_unit, use_way, gest_id, item_style,create_user_id,update_user_id) VALUES (uuid(), '34ff5c2e-6625-4d6d-ad39-d17457551037', 'QW0037', '', '西咪替丁', 5, 0.00, '', '每次5毫克每千克，每日1次      ', 0, '',  '34ff5c2e-6625-4d6d-ad39-d1745755b3a8','34ff5c2e-6625-4d6d-ad39-d1745755b3a8');
insert into t_trprescription_template_detail(uuid,template_id, template_no, item_code, item_name, item_num, sell_price, recipe_unit, use_way, gest_id, item_style,create_user_id,update_user_id) VALUES (uuid(), '34ff5c2e-6625-4d6d-ad39-d17457551037', 'QW0037', '', '阿莫西林', 10, 0.00, '', '每次10毫克每千克，每日2次      ', 0, '',  '34ff5c2e-6625-4d6d-ad39-d1745755b3a8','34ff5c2e-6625-4d6d-ad39-d1745755b3a8');
insert into t_trprescription_template_detail(uuid,template_id, template_no, item_code, item_name, item_num, sell_price, recipe_unit, use_way, gest_id, item_style,create_user_id,update_user_id) VALUES (uuid(), '34ff5c2e-6625-4d6d-ad39-d17457551037', 'QW0037', '', '头孢拉定', 10, 0.00, '', '每次10毫克每千克，每日2次      ', 0, '',  '34ff5c2e-6625-4d6d-ad39-d1745755b3a8','34ff5c2e-6625-4d6d-ad39-d1745755b3a8');
insert into t_trprescription_template_detail(uuid,template_id, template_no, item_code, item_name, item_num, sell_price, recipe_unit, use_way, gest_id, item_style,create_user_id,update_user_id) VALUES (uuid(), '34ff5c2e-6625-4d6d-ad39-d17457551037', 'QW0037', '', '泼尼松龙、强的松', 0, 0.00, '', '每次0.5毫克每千克，每日2次      ', 0, '',  '34ff5c2e-6625-4d6d-ad39-d1745755b3a8','34ff5c2e-6625-4d6d-ad39-d1745755b3a8');
insert into t_trprescription_template_detail(uuid,template_id, template_no, item_code, item_name, item_num, sell_price, recipe_unit, use_way, gest_id, item_style,create_user_id,update_user_id) VALUES (uuid(), '34ff5c2e-6625-4d6d-ad39-d17457551037', 'QW0037', '', '沙氏菌蛋白酶', 0, 0.00, '', '每次0.1T/kg，每日2次      ', 0, '',  '34ff5c2e-6625-4d6d-ad39-d1745755b3a8','34ff5c2e-6625-4d6d-ad39-d1745755b3a8');
insert into t_trprescription_template_detail(uuid,template_id, template_no, item_code, item_name, item_num, sell_price, recipe_unit, use_way, gest_id, item_style,create_user_id,update_user_id) VALUES (uuid(), '34ff5c2e-6625-4d6d-ad39-d17457551037', 'QW0037', '', '西咪替丁', 5, 0.00, '', '每次5毫克每千克，每日2次      ', 0, '',  '34ff5c2e-6625-4d6d-ad39-d1745755b3a8','34ff5c2e-6625-4d6d-ad39-d1745755b3a8');
insert into t_trprescription_template_detail(uuid,template_id, template_no, item_code, item_name, item_num, sell_price, recipe_unit, use_way, gest_id, item_style,create_user_id,update_user_id) VALUES (uuid(), '34ff5c2e-6625-4d6d-ad39-d17457551010', 'QW0010', '', '恩诺沙星', 2, 0.00, '', '每次2.5毫克每千克，每日1次      ', 0, '',  '34ff5c2e-6625-4d6d-ad39-d1745755b3a8','34ff5c2e-6625-4d6d-ad39-d1745755b3a8');
insert into t_trprescription_template_detail(uuid,template_id, template_no, item_code, item_name, item_num, sell_price, recipe_unit, use_way, gest_id, item_style,create_user_id,update_user_id) VALUES (uuid(), '34ff5c2e-6625-4d6d-ad39-d17457551010', 'QW0010', '', '泼尼松龙、强的松', 0, 0.00, '', '每次0.5毫克每千克，每日1次      ', 0, '',  '34ff5c2e-6625-4d6d-ad39-d1745755b3a8','34ff5c2e-6625-4d6d-ad39-d1745755b3a8');
insert into t_trprescription_template_detail(uuid,template_id, template_no, item_code, item_name, item_num, sell_price, recipe_unit, use_way, gest_id, item_style,create_user_id,update_user_id) VALUES (uuid(), '34ff5c2e-6625-4d6d-ad39-d17457551010', 'QW0010', '', '酮洛芬', 1, 0.00, '', '每次1毫克每千克，每日1次      ', 0, '',  '34ff5c2e-6625-4d6d-ad39-d1745755b3a8','34ff5c2e-6625-4d6d-ad39-d1745755b3a8');
insert into t_trprescription_template_detail(uuid,template_id, template_no, item_code, item_name, item_num, sell_price, recipe_unit, use_way, gest_id, item_style,create_user_id,update_user_id) VALUES (uuid(), '34ff5c2e-6625-4d6d-ad39-d17457551010', 'QW0010', '', '阿莫西林', 10, 0.00, '', '每次10毫克每千克，每日2次      ', 0, '',  '34ff5c2e-6625-4d6d-ad39-d1745755b3a8','34ff5c2e-6625-4d6d-ad39-d1745755b3a8');
insert into t_trprescription_template_detail(uuid,template_id, template_no, item_code, item_name, item_num, sell_price, recipe_unit, use_way, gest_id, item_style,create_user_id,update_user_id) VALUES (uuid(), '34ff5c2e-6625-4d6d-ad39-d17457551010', 'QW0010', '', '头孢拉定', 10, 0.00, '', '每次10毫克每千克，每日2次      ', 0, '',  '34ff5c2e-6625-4d6d-ad39-d1745755b3a8','34ff5c2e-6625-4d6d-ad39-d1745755b3a8');
insert into t_trprescription_template_detail(uuid,template_id, template_no, item_code, item_name, item_num, sell_price, recipe_unit, use_way, gest_id, item_style,create_user_id,update_user_id) VALUES (uuid(), '34ff5c2e-6625-4d6d-ad39-d17457551010', 'QW0010', '', '泼尼松龙、强的松', 0, 0.00, '', '每次0.5毫克每千克，每日2次      ', 0, '',  '34ff5c2e-6625-4d6d-ad39-d1745755b3a8','34ff5c2e-6625-4d6d-ad39-d1745755b3a8');
insert into t_trprescription_template_detail(uuid,template_id, template_no, item_code, item_name, item_num, sell_price, recipe_unit, use_way, gest_id, item_style,create_user_id,update_user_id) VALUES (uuid(), '34ff5c2e-6625-4d6d-ad39-d17457551010', 'QW0010', '', '沙氏菌蛋白酶', 0, 0.00, '', '每次0.1T/kg，每日2次      ', 0, '',  '34ff5c2e-6625-4d6d-ad39-d1745755b3a8','34ff5c2e-6625-4d6d-ad39-d1745755b3a8');
insert into t_trprescription_template_detail(uuid,template_id, template_no, item_code, item_name, item_num, sell_price, recipe_unit, use_way, gest_id, item_style,create_user_id,update_user_id) VALUES (uuid(), '34ff5c2e-6625-4d6d-ad39-d17457551010', 'QW0010', '', '美洛普康', 0, 0.00, '', '每次0.1毫克每千克，每日2次      ', 0, '',  '34ff5c2e-6625-4d6d-ad39-d1745755b3a8','34ff5c2e-6625-4d6d-ad39-d1745755b3a8');
insert into t_trprescription_template_detail(uuid,template_id, template_no, item_code, item_name, item_num, sell_price, recipe_unit, use_way, gest_id, item_style,create_user_id,update_user_id) VALUES (uuid(), '34ff5c2e-6625-4d6d-ad39-d17457551015', 'QW0015', '', '恩诺沙星', 2, 0.00, '', '每次2.5毫克每千克，每日1次      ', 0, '',  '34ff5c2e-6625-4d6d-ad39-d1745755b3a8','34ff5c2e-6625-4d6d-ad39-d1745755b3a8');
insert into t_trprescription_template_detail(uuid,template_id, template_no, item_code, item_name, item_num, sell_price, recipe_unit, use_way, gest_id, item_style,create_user_id,update_user_id) VALUES (uuid(), '34ff5c2e-6625-4d6d-ad39-d17457551015', 'QW0015', '', '泼尼松龙、强的松', 0, 0.00, '', '每次0.5毫克每千克，每日1次      ', 0, '',  '34ff5c2e-6625-4d6d-ad39-d1745755b3a8','34ff5c2e-6625-4d6d-ad39-d1745755b3a8');
insert into t_trprescription_template_detail(uuid,template_id, template_no, item_code, item_name, item_num, sell_price, recipe_unit, use_way, gest_id, item_style,create_user_id,update_user_id) VALUES (uuid(), '34ff5c2e-6625-4d6d-ad39-d17457551015', 'QW0015', '', '氧氟沙星', 1, 0.00, '', '每次1滴每千克，每日3次      ', 0, '',  '34ff5c2e-6625-4d6d-ad39-d1745755b3a8','34ff5c2e-6625-4d6d-ad39-d1745755b3a8');
insert into t_trprescription_template_detail(uuid,template_id, template_no, item_code, item_name, item_num, sell_price, recipe_unit, use_way, gest_id, item_style,create_user_id,update_user_id) VALUES (uuid(), '34ff5c2e-6625-4d6d-ad39-d17457551015', 'QW0015', '', '阿莫西林', 10, 0.00, '', '每次10毫克每千克，每日2次      ', 0, '',  '34ff5c2e-6625-4d6d-ad39-d1745755b3a8','34ff5c2e-6625-4d6d-ad39-d1745755b3a8');
insert into t_trprescription_template_detail(uuid,template_id, template_no, item_code, item_name, item_num, sell_price, recipe_unit, use_way, gest_id, item_style,create_user_id,update_user_id) VALUES (uuid(), '34ff5c2e-6625-4d6d-ad39-d17457551015', 'QW0015', '', '头孢拉定', 10, 0.00, '', '每次10毫克每千克，每日2次      ', 0, '',  '34ff5c2e-6625-4d6d-ad39-d1745755b3a8','34ff5c2e-6625-4d6d-ad39-d1745755b3a8');
insert into t_trprescription_template_detail(uuid,template_id, template_no, item_code, item_name, item_num, sell_price, recipe_unit, use_way, gest_id, item_style,create_user_id,update_user_id) VALUES (uuid(), '34ff5c2e-6625-4d6d-ad39-d17457551015', 'QW0015', '', '氧氟沙星', 0, 0.00, '', '每次0.05T/kg，每日2次      ', 0, '',  '34ff5c2e-6625-4d6d-ad39-d1745755b3a8','34ff5c2e-6625-4d6d-ad39-d1745755b3a8');
insert into t_trprescription_template_detail(uuid,template_id, template_no, item_code, item_name, item_num, sell_price, recipe_unit, use_way, gest_id, item_style,create_user_id,update_user_id) VALUES (uuid(), '34ff5c2e-6625-4d6d-ad39-d17457551015', 'QW0015', '', '泼尼松龙、强的松', 0, 0.00, '', '每次0.5毫克每千克，每日2次      ', 0, '',  '34ff5c2e-6625-4d6d-ad39-d1745755b3a8','34ff5c2e-6625-4d6d-ad39-d1745755b3a8');
insert into t_trprescription_template_detail(uuid,template_id, template_no, item_code, item_name, item_num, sell_price, recipe_unit, use_way, gest_id, item_style,create_user_id,update_user_id) VALUES (uuid(), '34ff5c2e-6625-4d6d-ad39-d17457551015', 'QW0015', '', '沙氏菌蛋白酶', 0, 0.00, '', '每次0.1T/kg，每日2次      ', 0, '',  '34ff5c2e-6625-4d6d-ad39-d1745755b3a8','34ff5c2e-6625-4d6d-ad39-d1745755b3a8');
insert into t_trprescription_template_detail(uuid,template_id, template_no, item_code, item_name, item_num, sell_price, recipe_unit, use_way, gest_id, item_style,create_user_id,update_user_id) VALUES (uuid(), '34ff5c2e-6625-4d6d-ad39-d17457551016', 'QW0016', '', '白内障囊外切除术', 1, 0.00, '', '', 0, '',  '34ff5c2e-6625-4d6d-ad39-d1745755b3a8','34ff5c2e-6625-4d6d-ad39-d1745755b3a8');
insert into t_trprescription_template_detail(uuid,template_id, template_no, item_code, item_name, item_num, sell_price, recipe_unit, use_way, gest_id, item_style,create_user_id,update_user_id) VALUES (uuid(), '34ff5c2e-6625-4d6d-ad39-d17457551016', 'QW0016', '', '恩诺沙星', 2, 0.00, '', '每次2.5毫克每千克，每日1次      ', 0, '',  '34ff5c2e-6625-4d6d-ad39-d1745755b3a8','34ff5c2e-6625-4d6d-ad39-d1745755b3a8');
insert into t_trprescription_template_detail(uuid,template_id, template_no, item_code, item_name, item_num, sell_price, recipe_unit, use_way, gest_id, item_style,create_user_id,update_user_id) VALUES (uuid(), '34ff5c2e-6625-4d6d-ad39-d17457551016', 'QW0016', '', '泼尼松龙、强的松', 0, 0.00, '', '每次0.5毫克每千克，每日1次      ', 0, '',  '34ff5c2e-6625-4d6d-ad39-d1745755b3a8','34ff5c2e-6625-4d6d-ad39-d1745755b3a8');
insert into t_trprescription_template_detail(uuid,template_id, template_no, item_code, item_name, item_num, sell_price, recipe_unit, use_way, gest_id, item_style,create_user_id,update_user_id) VALUES (uuid(), '34ff5c2e-6625-4d6d-ad39-d17457551016', 'QW0016', '', '阿莫西林', 10, 0.00, '', '每次10毫克每千克，每日2次      ', 0, '',  '34ff5c2e-6625-4d6d-ad39-d1745755b3a8','34ff5c2e-6625-4d6d-ad39-d1745755b3a8');
insert into t_trprescription_template_detail(uuid,template_id, template_no, item_code, item_name, item_num, sell_price, recipe_unit, use_way, gest_id, item_style,create_user_id,update_user_id) VALUES (uuid(), '34ff5c2e-6625-4d6d-ad39-d17457551016', 'QW0016', '', '头孢拉定', 10, 0.00, '', '每次10毫克每千克，每日2次      ', 0, '',  '34ff5c2e-6625-4d6d-ad39-d1745755b3a8','34ff5c2e-6625-4d6d-ad39-d1745755b3a8');
insert into t_trprescription_template_detail(uuid,template_id, template_no, item_code, item_name, item_num, sell_price, recipe_unit, use_way, gest_id, item_style,create_user_id,update_user_id) VALUES (uuid(), '34ff5c2e-6625-4d6d-ad39-d17457551016', 'QW0016', '', '氧氟沙星', 0, 0.00, '', '每次0.05T/kg，每日2次      ', 0, '',  '34ff5c2e-6625-4d6d-ad39-d1745755b3a8','34ff5c2e-6625-4d6d-ad39-d1745755b3a8');
insert into t_trprescription_template_detail(uuid,template_id, template_no, item_code, item_name, item_num, sell_price, recipe_unit, use_way, gest_id, item_style,create_user_id,update_user_id) VALUES (uuid(), '34ff5c2e-6625-4d6d-ad39-d17457551016', 'QW0016', '', '泼尼松龙、强的松', 0, 0.00, '', '每次0.5毫克每千克，每日2次      ', 0, '',  '34ff5c2e-6625-4d6d-ad39-d1745755b3a8','34ff5c2e-6625-4d6d-ad39-d1745755b3a8');
insert into t_trprescription_template_detail(uuid,template_id, template_no, item_code, item_name, item_num, sell_price, recipe_unit, use_way, gest_id, item_style,create_user_id,update_user_id) VALUES (uuid(), '34ff5c2e-6625-4d6d-ad39-d17457551016', 'QW0016', '', '沙氏菌蛋白酶', 0, 0.00, '', '每次0.1T/kg，每日2次      ', 0, '',  '34ff5c2e-6625-4d6d-ad39-d1745755b3a8','34ff5c2e-6625-4d6d-ad39-d1745755b3a8');
insert into t_trprescription_template_detail(uuid,template_id, template_no, item_code, item_name, item_num, sell_price, recipe_unit, use_way, gest_id, item_style,create_user_id,update_user_id) VALUES (uuid(), '34ff5c2e-6625-4d6d-ad39-d17457551025', 'QW0025', '', '地塞米松', 0, 0.00, '', '每次0.1毫克每千克，每日1次      ', 0, '',  '34ff5c2e-6625-4d6d-ad39-d1745755b3a8','34ff5c2e-6625-4d6d-ad39-d1745755b3a8');
insert into t_trprescription_template_detail(uuid,template_id, template_no, item_code, item_name, item_num, sell_price, recipe_unit, use_way, gest_id, item_style,create_user_id,update_user_id) VALUES (uuid(), '34ff5c2e-6625-4d6d-ad39-d17457551025', 'QW0025', '', '异羟基洋地黄毒苷原', 0, 0.00, '', '每次0.005毫克每千克，每日2次      ', 0, '',  '34ff5c2e-6625-4d6d-ad39-d1745755b3a8','34ff5c2e-6625-4d6d-ad39-d1745755b3a8');
insert into t_trprescription_template_detail(uuid,template_id, template_no, item_code, item_name, item_num, sell_price, recipe_unit, use_way, gest_id, item_style,create_user_id,update_user_id) VALUES (uuid(), '34ff5c2e-6625-4d6d-ad39-d17457551025', 'QW0025', '', '呋喃苯胺酸', 2, 0.00, '', '每次2毫克每千克，每日1次      ', 0, '',  '34ff5c2e-6625-4d6d-ad39-d1745755b3a8','34ff5c2e-6625-4d6d-ad39-d1745755b3a8');
insert into t_trprescription_template_detail(uuid,template_id, template_no, item_code, item_name, item_num, sell_price, recipe_unit, use_way, gest_id, item_style,create_user_id,update_user_id) VALUES (uuid(), '34ff5c2e-6625-4d6d-ad39-d17457551025', 'QW0025', '', '氨茶碱', 5, 0.00, '', '每次5毫克每千克，每日2次      ', 0, '',  '34ff5c2e-6625-4d6d-ad39-d1745755b3a8','34ff5c2e-6625-4d6d-ad39-d1745755b3a8');
insert into t_trprescription_template_detail(uuid,template_id, template_no, item_code, item_name, item_num, sell_price, recipe_unit, use_way, gest_id, item_style,create_user_id,update_user_id) VALUES (uuid(), '34ff5c2e-6625-4d6d-ad39-d17457551025', 'QW0025', '', '异羟基洋地黄毒苷原', 0, 0.00, '', '每次0.005毫克每千克，每日2次      ', 0, '',  '34ff5c2e-6625-4d6d-ad39-d1745755b3a8','34ff5c2e-6625-4d6d-ad39-d1745755b3a8');
insert into t_trprescription_template_detail(uuid,template_id, template_no, item_code, item_name, item_num, sell_price, recipe_unit, use_way, gest_id, item_style,create_user_id,update_user_id) VALUES (uuid(), '34ff5c2e-6625-4d6d-ad39-d17457551025', 'QW0025', '', '呋喃苯胺酸', 2, 0.00, '', '每次2毫克每千克，每日2次      ', 0, '',  '34ff5c2e-6625-4d6d-ad39-d1745755b3a8','34ff5c2e-6625-4d6d-ad39-d1745755b3a8');
insert into t_trprescription_template_detail(uuid,template_id, template_no, item_code, item_name, item_num, sell_price, recipe_unit, use_way, gest_id, item_style,create_user_id,update_user_id) VALUES (uuid(), '34ff5c2e-6625-4d6d-ad39-d17457551025', 'QW0025', '', '氨茶碱', 5, 0.00, '', '每次5毫克每千克，每日2次      ', 0, '',  '34ff5c2e-6625-4d6d-ad39-d1745755b3a8','34ff5c2e-6625-4d6d-ad39-d1745755b3a8');
insert into t_trprescription_template_detail(uuid,template_id, template_no, item_code, item_name, item_num, sell_price, recipe_unit, use_way, gest_id, item_style,create_user_id,update_user_id) VALUES (uuid(), '34ff5c2e-6625-4d6d-ad39-d17457551025', 'QW0025', '', '马来酸依那普利', 0, 0.00, '', '每次0.5毫克每千克，每日2次      ', 0, '',  '34ff5c2e-6625-4d6d-ad39-d1745755b3a8','34ff5c2e-6625-4d6d-ad39-d1745755b3a8');
insert into t_trprescription_template_detail(uuid,template_id, template_no, item_code, item_name, item_num, sell_price, recipe_unit, use_way, gest_id, item_style,create_user_id,update_user_id) VALUES (uuid(), '34ff5c2e-6625-4d6d-ad39-d17457551025', 'QW0025', '', '乙酰半胱氨酸', 70, 0.00, '', '每次70毫克每千克，每日2次      ', 0, '',  '34ff5c2e-6625-4d6d-ad39-d1745755b3a8','34ff5c2e-6625-4d6d-ad39-d1745755b3a8');
insert into t_trprescription_template_detail(uuid,template_id, template_no, item_code, item_name, item_num, sell_price, recipe_unit, use_way, gest_id, item_style,create_user_id,update_user_id) VALUES (uuid(), '34ff5c2e-6625-4d6d-ad39-d17457551026', 'QW0026', '', '恩诺沙星', 2, 0.00, '', '每次2.5毫克每千克，每日1次      ', 0, '',  '34ff5c2e-6625-4d6d-ad39-d1745755b3a8','34ff5c2e-6625-4d6d-ad39-d1745755b3a8');
insert into t_trprescription_template_detail(uuid,template_id, template_no, item_code, item_name, item_num, sell_price, recipe_unit, use_way, gest_id, item_style,create_user_id,update_user_id) VALUES (uuid(), '34ff5c2e-6625-4d6d-ad39-d17457551026', 'QW0026', '', '泼尼松龙、强的松', 0, 0.00, '', '每次0.5毫克每千克，每日1次      ', 0, '',  '34ff5c2e-6625-4d6d-ad39-d1745755b3a8','34ff5c2e-6625-4d6d-ad39-d1745755b3a8');
insert into t_trprescription_template_detail(uuid,template_id, template_no, item_code, item_name, item_num, sell_price, recipe_unit, use_way, gest_id, item_style,create_user_id,update_user_id) VALUES (uuid(), '34ff5c2e-6625-4d6d-ad39-d17457551026', 'QW0026', '', '螺旋霉素+甲硝哒唑', 0, 0.00, '', '每次0.1T/kg，每日2次      ', 0, '',  '34ff5c2e-6625-4d6d-ad39-d1745755b3a8','34ff5c2e-6625-4d6d-ad39-d1745755b3a8');
insert into t_trprescription_template_detail(uuid,template_id, template_no, item_code, item_name, item_num, sell_price, recipe_unit, use_way, gest_id, item_style,create_user_id,update_user_id) VALUES (uuid(), '34ff5c2e-6625-4d6d-ad39-d17457551026', 'QW0026', '', '泼尼松龙、强的松', 0, 0.00, '', '每次0.5毫克每千克，每日2次      ', 0, '',  '34ff5c2e-6625-4d6d-ad39-d1745755b3a8','34ff5c2e-6625-4d6d-ad39-d1745755b3a8');
insert into t_trprescription_template_detail(uuid,template_id, template_no, item_code, item_name, item_num, sell_price, recipe_unit, use_way, gest_id, item_style,create_user_id,update_user_id) VALUES (uuid(), '34ff5c2e-6625-4d6d-ad39-d17457551026', 'QW0026', '', '沙氏菌蛋白酶', 0, 0.00, '', '每次0.1T/kg，每日2次      ', 0, '',  '34ff5c2e-6625-4d6d-ad39-d1745755b3a8','34ff5c2e-6625-4d6d-ad39-d1745755b3a8');
insert into t_trprescription_template_detail(uuid,template_id, template_no, item_code, item_name, item_num, sell_price, recipe_unit, use_way, gest_id, item_style,create_user_id,update_user_id) VALUES (uuid(), '34ff5c2e-6625-4d6d-ad39-d17457551035', 'QW0035', '', '地塞米松+多粘菌素B+新霉素', 1, 0.00, '', '每次1EA，每日3次      ', 0, '',  '34ff5c2e-6625-4d6d-ad39-d1745755b3a8','34ff5c2e-6625-4d6d-ad39-d1745755b3a8');
insert into t_trprescription_template_detail(uuid,template_id, template_no, item_code, item_name, item_num, sell_price, recipe_unit, use_way, gest_id, item_style,create_user_id,update_user_id) VALUES (uuid(), '34ff5c2e-6625-4d6d-ad39-d17457551035', 'QW0035', '', '氧氟沙星', 1, 0.00, '', '每次1EA，每日3次      ', 0, '',  '34ff5c2e-6625-4d6d-ad39-d1745755b3a8','34ff5c2e-6625-4d6d-ad39-d1745755b3a8');
insert into t_trprescription_template_detail(uuid,template_id, template_no, item_code, item_name, item_num, sell_price, recipe_unit, use_way, gest_id, item_style,create_user_id,update_user_id) VALUES (uuid(), '34ff5c2e-6625-4d6d-ad39-d17457551035', 'QW0035', '', '恩诺沙星', 2, 0.00, '', '每次2.5毫克每千克，每日1次      ', 0, '',  '34ff5c2e-6625-4d6d-ad39-d1745755b3a8','34ff5c2e-6625-4d6d-ad39-d1745755b3a8');
insert into t_trprescription_template_detail(uuid,template_id, template_no, item_code, item_name, item_num, sell_price, recipe_unit, use_way, gest_id, item_style,create_user_id,update_user_id) VALUES (uuid(), '34ff5c2e-6625-4d6d-ad39-d17457551035', 'QW0035', '', '泼尼松龙、强的松', 0, 0.00, '', '每次0.5毫克每千克，每日1次      ', 0, '',  '34ff5c2e-6625-4d6d-ad39-d1745755b3a8','34ff5c2e-6625-4d6d-ad39-d1745755b3a8');
insert into t_trprescription_template_detail(uuid,template_id, template_no, item_code, item_name, item_num, sell_price, recipe_unit, use_way, gest_id, item_style,create_user_id,update_user_id) VALUES (uuid(), '34ff5c2e-6625-4d6d-ad39-d17457551035', 'QW0035', '', '环丙沙星', 5, 0.00, '', '每次5毫克每千克，每日2次      ', 0, '',  '34ff5c2e-6625-4d6d-ad39-d1745755b3a8','34ff5c2e-6625-4d6d-ad39-d1745755b3a8');
insert into t_trprescription_template_detail(uuid,template_id, template_no, item_code, item_name, item_num, sell_price, recipe_unit, use_way, gest_id, item_style,create_user_id,update_user_id) VALUES (uuid(), '34ff5c2e-6625-4d6d-ad39-d17457551035', 'QW0035', '', '泼尼松龙、强的松', 0, 0.00, '', '每次0.5毫克每千克，每日2次      ', 0, '',  '34ff5c2e-6625-4d6d-ad39-d1745755b3a8','34ff5c2e-6625-4d6d-ad39-d1745755b3a8');
insert into t_trprescription_template_detail(uuid,template_id, template_no, item_code, item_name, item_num, sell_price, recipe_unit, use_way, gest_id, item_style,create_user_id,update_user_id) VALUES (uuid(), '34ff5c2e-6625-4d6d-ad39-d17457551001', 'QW0001', '', '恩诺沙星', 2, 0.00, '', '每次2.5毫克每千克，每日1次      ', 0, '',  '34ff5c2e-6625-4d6d-ad39-d1745755b3a8','34ff5c2e-6625-4d6d-ad39-d1745755b3a8');
insert into t_trprescription_template_detail(uuid,template_id, template_no, item_code, item_name, item_num, sell_price, recipe_unit, use_way, gest_id, item_style,create_user_id,update_user_id) VALUES (uuid(), '34ff5c2e-6625-4d6d-ad39-d17457551001', 'QW0001', '', '泼尼松龙、强的松', 0, 0.00, '', '每次0.5毫克每千克，每日1次      ', 0, '',  '34ff5c2e-6625-4d6d-ad39-d1745755b3a8','34ff5c2e-6625-4d6d-ad39-d1745755b3a8');
insert into t_trprescription_template_detail(uuid,template_id, template_no, item_code, item_name, item_num, sell_price, recipe_unit, use_way, gest_id, item_style,create_user_id,update_user_id) VALUES (uuid(), '34ff5c2e-6625-4d6d-ad39-d17457551001', 'QW0001', '', '氨茶碱', 5, 0.00, '', '每次5片，每日2次      ', 0, '',  '34ff5c2e-6625-4d6d-ad39-d1745755b3a8','34ff5c2e-6625-4d6d-ad39-d1745755b3a8');
insert into t_trprescription_template_detail(uuid,template_id, template_no, item_code, item_name, item_num, sell_price, recipe_unit, use_way, gest_id, item_style,create_user_id,update_user_id) VALUES (uuid(), '34ff5c2e-6625-4d6d-ad39-d17457551001', 'QW0001', '', '麻黄碱', 0, 0.00, '', '每次0.3毫克每千克，每日1次      ', 0, '',  '34ff5c2e-6625-4d6d-ad39-d1745755b3a8','34ff5c2e-6625-4d6d-ad39-d1745755b3a8');
insert into t_trprescription_template_detail(uuid,template_id, template_no, item_code, item_name, item_num, sell_price, recipe_unit, use_way, gest_id, item_style,create_user_id,update_user_id) VALUES (uuid(), '34ff5c2e-6625-4d6d-ad39-d17457551001', 'QW0001', '', '溴己新', 0, 0.00, '', '每次0.1T/kg，每日1次      ', 0, '',  '34ff5c2e-6625-4d6d-ad39-d1745755b3a8','34ff5c2e-6625-4d6d-ad39-d1745755b3a8');
insert into t_trprescription_template_detail(uuid,template_id, template_no, item_code, item_name, item_num, sell_price, recipe_unit, use_way, gest_id, item_style,create_user_id,update_user_id) VALUES (uuid(), '34ff5c2e-6625-4d6d-ad39-d17457551001', 'QW0001', '', '阿莫西林', 10, 0.00, '', '每次10毫克每千克，每日2次      ', 0, '',  '34ff5c2e-6625-4d6d-ad39-d1745755b3a8','34ff5c2e-6625-4d6d-ad39-d1745755b3a8');
insert into t_trprescription_template_detail(uuid,template_id, template_no, item_code, item_name, item_num, sell_price, recipe_unit, use_way, gest_id, item_style,create_user_id,update_user_id) VALUES (uuid(), '34ff5c2e-6625-4d6d-ad39-d17457551001', 'QW0001', '', '沙氏菌蛋白酶', 0, 0.00, '', '每次0.1T/kg，每日2次      ', 0, '',  '34ff5c2e-6625-4d6d-ad39-d1745755b3a8','34ff5c2e-6625-4d6d-ad39-d1745755b3a8');
insert into t_trprescription_template_detail(uuid,template_id, template_no, item_code, item_name, item_num, sell_price, recipe_unit, use_way, gest_id, item_style,create_user_id,update_user_id) VALUES (uuid(), '34ff5c2e-6625-4d6d-ad39-d17457551001', 'QW0001', '', '氨茶碱', 5, 0.00, '', '每次5毫克每千克，每日2次      ', 0, '',  '34ff5c2e-6625-4d6d-ad39-d1745755b3a8','34ff5c2e-6625-4d6d-ad39-d1745755b3a8');
insert into t_trprescription_template_detail(uuid,template_id, template_no, item_code, item_name, item_num, sell_price, recipe_unit, use_way, gest_id, item_style,create_user_id,update_user_id) VALUES (uuid(), '34ff5c2e-6625-4d6d-ad39-d17457551001', 'QW0001', '', '麻黄碱', 1, 0.00, '', '每次1毫克每千克，每日2次      ', 0, '',  '34ff5c2e-6625-4d6d-ad39-d1745755b3a8','34ff5c2e-6625-4d6d-ad39-d1745755b3a8');
insert into t_trprescription_template_detail(uuid,template_id, template_no, item_code, item_name, item_num, sell_price, recipe_unit, use_way, gest_id, item_style,create_user_id,update_user_id) VALUES (uuid(), '34ff5c2e-6625-4d6d-ad39-d17457551001', 'QW0001', '', '溴己新', 0, 0.00, '', '每次0.5毫克每千克，每日2次      ', 0, '',  '34ff5c2e-6625-4d6d-ad39-d1745755b3a8','34ff5c2e-6625-4d6d-ad39-d1745755b3a8');
insert into t_trprescription_template_detail(uuid,template_id, template_no, item_code, item_name, item_num, sell_price, recipe_unit, use_way, gest_id, item_style,create_user_id,update_user_id) VALUES (uuid(), '34ff5c2e-6625-4d6d-ad39-d17457551001', 'QW0001', '', '乙酰半胱氨酸', 70, 0.00, '', '每次70毫克每千克，每日2次      ', 0, '',  '34ff5c2e-6625-4d6d-ad39-d1745755b3a8','34ff5c2e-6625-4d6d-ad39-d1745755b3a8');
insert into t_trprescription_template_detail(uuid,template_id, template_no, item_code, item_name, item_num, sell_price, recipe_unit, use_way, gest_id, item_style,create_user_id,update_user_id) VALUES (uuid(), '34ff5c2e-6625-4d6d-ad39-d17457551007', 'QW0007', '', '恩诺沙星', 1, 0.00, '', '每次1毫克每千克，每日1次      ', 0, '',  '34ff5c2e-6625-4d6d-ad39-d1745755b3a8','34ff5c2e-6625-4d6d-ad39-d1745755b3a8');
insert into t_trprescription_template_detail(uuid,template_id, template_no, item_code, item_name, item_num, sell_price, recipe_unit, use_way, gest_id, item_style,create_user_id,update_user_id) VALUES (uuid(), '34ff5c2e-6625-4d6d-ad39-d17457551007', 'QW0007', '', '阿莫西林', 2, 0.00, '', '每次2毫克每千克，每日2次      ', 0, '',  '34ff5c2e-6625-4d6d-ad39-d1745755b3a8','34ff5c2e-6625-4d6d-ad39-d1745755b3a8');
insert into t_trprescription_template_detail(uuid,template_id, template_no, item_code, item_name, item_num, sell_price, recipe_unit, use_way, gest_id, item_style,create_user_id,update_user_id) VALUES (uuid(), '34ff5c2e-6625-4d6d-ad39-d17457551007', 'QW0007', '', '阿莫西林克拉维酸', 2, 0.00, '', '每次2毫克每千克，每日2次      ', 0, '',  '34ff5c2e-6625-4d6d-ad39-d1745755b3a8','34ff5c2e-6625-4d6d-ad39-d1745755b3a8');
insert into t_trprescription_template_detail(uuid,template_id, template_no, item_code, item_name, item_num, sell_price, recipe_unit, use_way, gest_id, item_style,create_user_id,update_user_id) VALUES (uuid(), '34ff5c2e-6625-4d6d-ad39-d17457551007', 'QW0007', '', '头孢氨苄', 2, 0.00, '', '每次2毫克每千克，每日2次      ', 0, '',  '34ff5c2e-6625-4d6d-ad39-d1745755b3a8','34ff5c2e-6625-4d6d-ad39-d1745755b3a8');
insert into t_trprescription_template_detail(uuid,template_id, template_no, item_code, item_name, item_num, sell_price, recipe_unit, use_way, gest_id, item_style,create_user_id,update_user_id) VALUES (uuid(), '34ff5c2e-6625-4d6d-ad39-d17457551007', 'QW0007', '', '酮康唑', 2, 0.00, '', '每次2毫克每千克，每日2次      ', 0, '',  '34ff5c2e-6625-4d6d-ad39-d1745755b3a8','34ff5c2e-6625-4d6d-ad39-d1745755b3a8');
insert into t_trprescription_template_detail(uuid,template_id, template_no, item_code, item_name, item_num, sell_price, recipe_unit, use_way, gest_id, item_style,create_user_id,update_user_id) VALUES (uuid(), '34ff5c2e-6625-4d6d-ad39-d17457551007', 'QW0007', '', '伊曲康唑', 2, 0.00, '', '每次2毫克每千克，每日2次      ', 0, '',  '34ff5c2e-6625-4d6d-ad39-d1745755b3a8','34ff5c2e-6625-4d6d-ad39-d1745755b3a8');
insert into t_trprescription_template_detail(uuid,template_id, template_no, item_code, item_name, item_num, sell_price, recipe_unit, use_way, gest_id, item_style,create_user_id,update_user_id) VALUES (uuid(), '34ff5c2e-6625-4d6d-ad39-d17457551007', 'QW0007', '', '沙氏菌蛋白酶', 2, 0.00, '', '每次2T/kg，每日2次      ', 0, '',  '34ff5c2e-6625-4d6d-ad39-d1745755b3a8','34ff5c2e-6625-4d6d-ad39-d1745755b3a8');
insert into t_trprescription_template_detail(uuid,template_id, template_no, item_code, item_name, item_num, sell_price, recipe_unit, use_way, gest_id, item_style,create_user_id,update_user_id) VALUES (uuid(), '34ff5c2e-6625-4d6d-ad39-d17457551007', 'QW0007', '', '酮康唑', 0, 0.00, '', '每次0EA，每日0次      ', 0, '',  '34ff5c2e-6625-4d6d-ad39-d1745755b3a8','34ff5c2e-6625-4d6d-ad39-d1745755b3a8');
insert into t_trprescription_template_detail(uuid,template_id, template_no, item_code, item_name, item_num, sell_price, recipe_unit, use_way, gest_id, item_style,create_user_id,update_user_id) VALUES (uuid(), '34ff5c2e-6625-4d6d-ad39-d17457551002', 'QW0002', '', '恩诺沙星', 2, 0.00, '', '每次2.5毫克每千克，每日1次      ', 0, '',  '34ff5c2e-6625-4d6d-ad39-d1745755b3a8','34ff5c2e-6625-4d6d-ad39-d1745755b3a8');
insert into t_trprescription_template_detail(uuid,template_id, template_no, item_code, item_name, item_num, sell_price, recipe_unit, use_way, gest_id, item_style,create_user_id,update_user_id) VALUES (uuid(), '34ff5c2e-6625-4d6d-ad39-d17457551002', 'QW0002', '', '泼尼松龙、强的松', 0, 0.00, '', '每次0.5毫克每千克，每日1次      ', 0, '',  '34ff5c2e-6625-4d6d-ad39-d1745755b3a8','34ff5c2e-6625-4d6d-ad39-d1745755b3a8');
insert into t_trprescription_template_detail(uuid,template_id, template_no, item_code, item_name, item_num, sell_price, recipe_unit, use_way, gest_id, item_style,create_user_id,update_user_id) VALUES (uuid(), '34ff5c2e-6625-4d6d-ad39-d17457551002', 'QW0002', '', '氨茶碱', 5, 0.00, '', '每次5毫克每千克，每日2次      ', 0, '',  '34ff5c2e-6625-4d6d-ad39-d1745755b3a8','34ff5c2e-6625-4d6d-ad39-d1745755b3a8');
insert into t_trprescription_template_detail(uuid,template_id, template_no, item_code, item_name, item_num, sell_price, recipe_unit, use_way, gest_id, item_style,create_user_id,update_user_id) VALUES (uuid(), '34ff5c2e-6625-4d6d-ad39-d17457551002', 'QW0002', '', '麻黄碱', 0, 0.00, '', '每次0.3毫克每千克，每日1次      ', 0, '',  '34ff5c2e-6625-4d6d-ad39-d1745755b3a8','34ff5c2e-6625-4d6d-ad39-d1745755b3a8');
insert into t_trprescription_template_detail(uuid,template_id, template_no, item_code, item_name, item_num, sell_price, recipe_unit, use_way, gest_id, item_style,create_user_id,update_user_id) VALUES (uuid(), '34ff5c2e-6625-4d6d-ad39-d17457551002', 'QW0002', '', '溴己新', 0, 0.00, '', '每次0.1毫升每千克，每日1次      ', 0, '',  '34ff5c2e-6625-4d6d-ad39-d1745755b3a8','34ff5c2e-6625-4d6d-ad39-d1745755b3a8');
insert into t_trprescription_template_detail(uuid,template_id, template_no, item_code, item_name, item_num, sell_price, recipe_unit, use_way, gest_id, item_style,create_user_id,update_user_id) VALUES (uuid(), '34ff5c2e-6625-4d6d-ad39-d17457551002', 'QW0002', '', '阿莫西林', 10, 0.00, '', '每次10毫克每千克，每日2次      ', 0, '',  '34ff5c2e-6625-4d6d-ad39-d1745755b3a8','34ff5c2e-6625-4d6d-ad39-d1745755b3a8');
insert into t_trprescription_template_detail(uuid,template_id, template_no, item_code, item_name, item_num, sell_price, recipe_unit, use_way, gest_id, item_style,create_user_id,update_user_id) VALUES (uuid(), '34ff5c2e-6625-4d6d-ad39-d17457551002', 'QW0002', '', '环丙沙星', 5, 0.00, '', '每次5毫克每千克，每日2次      ', 0, '',  '34ff5c2e-6625-4d6d-ad39-d1745755b3a8','34ff5c2e-6625-4d6d-ad39-d1745755b3a8');
insert into t_trprescription_template_detail(uuid,template_id, template_no, item_code, item_name, item_num, sell_price, recipe_unit, use_way, gest_id, item_style,create_user_id,update_user_id) VALUES (uuid(), '34ff5c2e-6625-4d6d-ad39-d17457551002', 'QW0002', '', '沙氏菌蛋白酶', 0, 0.00, '', '每次0.1T/kg，每日2次      ', 0, '',  '34ff5c2e-6625-4d6d-ad39-d1745755b3a8','34ff5c2e-6625-4d6d-ad39-d1745755b3a8');
insert into t_trprescription_template_detail(uuid,template_id, template_no, item_code, item_name, item_num, sell_price, recipe_unit, use_way, gest_id, item_style,create_user_id,update_user_id) VALUES (uuid(), '34ff5c2e-6625-4d6d-ad39-d17457551002', 'QW0002', '', '氨茶碱', 5, 0.00, '', '每次5毫克每千克，每日2次      ', 0, '',  '34ff5c2e-6625-4d6d-ad39-d1745755b3a8','34ff5c2e-6625-4d6d-ad39-d1745755b3a8');
insert into t_trprescription_template_detail(uuid,template_id, template_no, item_code, item_name, item_num, sell_price, recipe_unit, use_way, gest_id, item_style,create_user_id,update_user_id) VALUES (uuid(), '34ff5c2e-6625-4d6d-ad39-d17457551002', 'QW0002', '', '麻黄碱', 1, 0.00, '', '每次1毫克每千克，每日2次      ', 0, '',  '34ff5c2e-6625-4d6d-ad39-d1745755b3a8','34ff5c2e-6625-4d6d-ad39-d1745755b3a8');
insert into t_trprescription_template_detail(uuid,template_id, template_no, item_code, item_name, item_num, sell_price, recipe_unit, use_way, gest_id, item_style,create_user_id,update_user_id) VALUES (uuid(), '34ff5c2e-6625-4d6d-ad39-d17457551002', 'QW0002', '', '溴己新', 0, 0.00, '', '每次0.5毫克每千克，每日2次      ', 0, '',  '34ff5c2e-6625-4d6d-ad39-d1745755b3a8','34ff5c2e-6625-4d6d-ad39-d1745755b3a8');
insert into t_trprescription_template_detail(uuid,template_id, template_no, item_code, item_name, item_num, sell_price, recipe_unit, use_way, gest_id, item_style,create_user_id,update_user_id) VALUES (uuid(), '34ff5c2e-6625-4d6d-ad39-d17457551002', 'QW0002', '', '乙酰半胱氨酸', 70, 0.00, '', '每次70毫克每千克，每日2次      ', 0, '',  '34ff5c2e-6625-4d6d-ad39-d1745755b3a8','34ff5c2e-6625-4d6d-ad39-d1745755b3a8');
insert into t_trprescription_template_detail(uuid,template_id, template_no, item_code, item_name, item_num, sell_price, recipe_unit, use_way, gest_id, item_style,create_user_id,update_user_id) VALUES (uuid(), '34ff5c2e-6625-4d6d-ad39-d17457551002', 'QW0002', '', '特布他林', 1, 0.00, '', '每次1.25毫克每只，每日2次      ', 0, '',  '34ff5c2e-6625-4d6d-ad39-d1745755b3a8','34ff5c2e-6625-4d6d-ad39-d1745755b3a8');
insert into t_trprescription_template_detail(uuid,template_id, template_no, item_code, item_name, item_num, sell_price, recipe_unit, use_way, gest_id, item_style,create_user_id,update_user_id) VALUES (uuid(), '34ff5c2e-6625-4d6d-ad39-d17457551008', 'QW0008', '', '恩诺沙星', 2, 0.00, '', '每次2.5毫克每千克，每日1次      ', 0, '',  '34ff5c2e-6625-4d6d-ad39-d1745755b3a8','34ff5c2e-6625-4d6d-ad39-d1745755b3a8');
insert into t_trprescription_template_detail(uuid,template_id, template_no, item_code, item_name, item_num, sell_price, recipe_unit, use_way, gest_id, item_style,create_user_id,update_user_id) VALUES (uuid(), '34ff5c2e-6625-4d6d-ad39-d17457551008', 'QW0008', '', '泼尼松龙、强的松', 0, 0.00, '', '每次0.5毫克每千克，每日1次      ', 0, '',  '34ff5c2e-6625-4d6d-ad39-d1745755b3a8','34ff5c2e-6625-4d6d-ad39-d1745755b3a8');
insert into t_trprescription_template_detail(uuid,template_id, template_no, item_code, item_name, item_num, sell_price, recipe_unit, use_way, gest_id, item_style,create_user_id,update_user_id) VALUES (uuid(), '34ff5c2e-6625-4d6d-ad39-d17457551008', 'QW0008', '', '马来酸氯苯那敏', 2, 0.00, '', '每次2毫克每只，每日1次      ', 0, '',  '34ff5c2e-6625-4d6d-ad39-d1745755b3a8','34ff5c2e-6625-4d6d-ad39-d1745755b3a8');
insert into t_trprescription_template_detail(uuid,template_id, template_no, item_code, item_name, item_num, sell_price, recipe_unit, use_way, gest_id, item_style,create_user_id,update_user_id) VALUES (uuid(), '34ff5c2e-6625-4d6d-ad39-d17457551008', 'QW0008', '', '阿莫西林', 10, 0.00, '', '每次10毫克每千克，每日2次      ', 0, '',  '34ff5c2e-6625-4d6d-ad39-d1745755b3a8','34ff5c2e-6625-4d6d-ad39-d1745755b3a8');
insert into t_trprescription_template_detail(uuid,template_id, template_no, item_code, item_name, item_num, sell_price, recipe_unit, use_way, gest_id, item_style,create_user_id,update_user_id) VALUES (uuid(), '34ff5c2e-6625-4d6d-ad39-d17457551008', 'QW0008', '', '阿莫西林克拉维酸', 12, 0.00, '', '每次12.5毫克每千克，每日2次      ', 0, '',  '34ff5c2e-6625-4d6d-ad39-d1745755b3a8','34ff5c2e-6625-4d6d-ad39-d1745755b3a8');
insert into t_trprescription_template_detail(uuid,template_id, template_no, item_code, item_name, item_num, sell_price, recipe_unit, use_way, gest_id, item_style,create_user_id,update_user_id) VALUES (uuid(), '34ff5c2e-6625-4d6d-ad39-d17457551008', 'QW0008', '', '泼尼松龙、强的松', 0, 0.00, '', '每次0.5毫克每千克，每日2次      ', 0, '',  '34ff5c2e-6625-4d6d-ad39-d1745755b3a8','34ff5c2e-6625-4d6d-ad39-d1745755b3a8');
insert into t_trprescription_template_detail(uuid,template_id, template_no, item_code, item_name, item_num, sell_price, recipe_unit, use_way, gest_id, item_style,create_user_id,update_user_id) VALUES (uuid(), '34ff5c2e-6625-4d6d-ad39-d17457551008', 'QW0008', '', '马来酸氯苯那敏', 2, 0.00, '', '每次2毫克每只，每日2次      ', 0, '',  '34ff5c2e-6625-4d6d-ad39-d1745755b3a8','34ff5c2e-6625-4d6d-ad39-d1745755b3a8');
insert into t_trprescription_template_detail(uuid,template_id, template_no, item_code, item_name, item_num, sell_price, recipe_unit, use_way, gest_id, item_style,create_user_id,update_user_id) VALUES (uuid(), '34ff5c2e-6625-4d6d-ad39-d17457551008', 'QW0008', '', '克里马丁', 0, 0.00, '', '每次0.05毫克每千克，每日2次      ', 0, '',  '34ff5c2e-6625-4d6d-ad39-d1745755b3a8','34ff5c2e-6625-4d6d-ad39-d1745755b3a8');
---t_trprescription_template_detail----

---t_trprescription_template---
INSERT INTO t_trprescription_template (uuid,type_id,type_no, template_no, template_name, bar_code,gest_id,Suggest,create_user_id,update_user_id)  VALUES ('34ff5c2e-6625-4d6d-ad39-d17457551001', '34ff5c2e-6625-4d6d-ad39-d1745755b3a3', 'MB101', 'QW0001', '一般治疗', '', 0, '', '34ff5c2e-6625-4d6d-ad39-d1745755b3a8','34ff5c2e-6625-4d6d-ad39-d1745755b3a8');
INSERT INTO t_trprescription_template (uuid,type_id,type_no, template_no, template_name, bar_code,gest_id,Suggest,create_user_id,update_user_id)  VALUES ('34ff5c2e-6625-4d6d-ad39-d17457551002', '34ff5c2e-6625-4d6d-ad39-d1745755b3a3', 'MB101', 'QW0002', '支气管炎（咳嗽）', '', 0, '', '34ff5c2e-6625-4d6d-ad39-d1745755b3a8','34ff5c2e-6625-4d6d-ad39-d1745755b3a8');
INSERT INTO t_trprescription_template (uuid,type_id,type_no, template_no, template_name, bar_code,gest_id,Suggest,create_user_id,update_user_id)  VALUES ('34ff5c2e-6625-4d6d-ad39-d17457551003', '34ff5c2e-6625-4d6d-ad39-d1745755b3a4', 'MB102', 'QW0003', '疥疮', '', 0, '', '34ff5c2e-6625-4d6d-ad39-d1745755b3a8','34ff5c2e-6625-4d6d-ad39-d1745755b3a8');
INSERT INTO t_trprescription_template (uuid,type_id,type_no, template_no, template_name, bar_code,gest_id,Suggest,create_user_id,update_user_id)  VALUES ('34ff5c2e-6625-4d6d-ad39-d17457551004', '34ff5c2e-6625-4d6d-ad39-d1745755b3a4', 'MB102', 'QW0004', '马拉色菌', '', 0, '', '34ff5c2e-6625-4d6d-ad39-d1745755b3a8','34ff5c2e-6625-4d6d-ad39-d1745755b3a8');
INSERT INTO t_trprescription_template (uuid,type_id,type_no, template_no, template_name, bar_code,gest_id,Suggest,create_user_id,update_user_id)  VALUES ('34ff5c2e-6625-4d6d-ad39-d17457551005', '34ff5c2e-6625-4d6d-ad39-d1745755b3a4', 'MB102', 'QW0005', '毛囊虫', '', 0, '', '34ff5c2e-6625-4d6d-ad39-d1745755b3a8','34ff5c2e-6625-4d6d-ad39-d1745755b3a8');
INSERT INTO t_trprescription_template (uuid,type_id,type_no, template_no, template_name, bar_code,gest_id,Suggest,create_user_id,update_user_id)  VALUES ('34ff5c2e-6625-4d6d-ad39-d17457551006', '34ff5c2e-6625-4d6d-ad39-d1745755b3a4', 'MB102', 'QW0006', '皮炎（一般细菌性）', '', 0, '', '34ff5c2e-6625-4d6d-ad39-d1745755b3a8','34ff5c2e-6625-4d6d-ad39-d1745755b3a8');
INSERT INTO t_trprescription_template (uuid,type_id,type_no, template_no, template_name, bar_code,gest_id,Suggest,create_user_id,update_user_id)  VALUES ('34ff5c2e-6625-4d6d-ad39-d17457551007', '34ff5c2e-6625-4d6d-ad39-d1745755b3a4', 'MB102', 'QW0007', '真菌', '', 0, '', '34ff5c2e-6625-4d6d-ad39-d1745755b3a8','34ff5c2e-6625-4d6d-ad39-d1745755b3a8');
INSERT INTO t_trprescription_template (uuid,type_id,type_no, template_no, template_name, bar_code,gest_id,Suggest,create_user_id,update_user_id)  VALUES ('34ff5c2e-6625-4d6d-ad39-d17457551008', '34ff5c2e-6625-4d6d-ad39-d1745755b3a4', 'MB102', 'QW0008', '脂溢性皮炎', '', 0, '', '34ff5c2e-6625-4d6d-ad39-d1745755b3a8','34ff5c2e-6625-4d6d-ad39-d1745755b3a8');
INSERT INTO t_trprescription_template (uuid,type_id,type_no, template_no, template_name, bar_code,gest_id,Suggest,create_user_id,update_user_id)  VALUES ('34ff5c2e-6625-4d6d-ad39-d17457551009', '34ff5c2e-6625-4d6d-ad39-d1745755b3a5', 'MB103', 'QW0009', '后处置', '', 0, '', '34ff5c2e-6625-4d6d-ad39-d1745755b3a8','34ff5c2e-6625-4d6d-ad39-d1745755b3a8');
INSERT INTO t_trprescription_template (uuid,type_id,type_no, template_no, template_name, bar_code,gest_id,Suggest,create_user_id,update_user_id)  VALUES ('34ff5c2e-6625-4d6d-ad39-d17457551010', '34ff5c2e-6625-4d6d-ad39-d1745755b3a5', 'MB103', 'QW0010', '膝盖骨脱位矫正手术', '', 0, '', '34ff5c2e-6625-4d6d-ad39-d1745755b3a8','34ff5c2e-6625-4d6d-ad39-d1745755b3a8');
INSERT INTO t_trprescription_template (uuid,type_id,type_no, template_no, template_name, bar_code,gest_id,Suggest,create_user_id,update_user_id)  VALUES ('34ff5c2e-6625-4d6d-ad39-d17457551011', '34ff5c2e-6625-4d6d-ad39-d1745755b3a6', 'MB104', 'QW0011', '出诊', '', 0, '', '34ff5c2e-6625-4d6d-ad39-d1745755b3a8','34ff5c2e-6625-4d6d-ad39-d1745755b3a8');
INSERT INTO t_trprescription_template (uuid,type_id,type_no, template_no, template_name, bar_code,gest_id,Suggest,create_user_id,update_user_id)  VALUES ('34ff5c2e-6625-4d6d-ad39-d17457551012', '34ff5c2e-6625-4d6d-ad39-d1745755b3a6', 'MB104', 'QW0012', '耳螨（再诊）', '', 0, '', '34ff5c2e-6625-4d6d-ad39-d1745755b3a8','34ff5c2e-6625-4d6d-ad39-d1745755b3a8');
INSERT INTO t_trprescription_template (uuid,type_id,type_no, template_no, template_name, bar_code,gest_id,Suggest,create_user_id,update_user_id)  VALUES ('34ff5c2e-6625-4d6d-ad39-d17457551013', '34ff5c2e-6625-4d6d-ad39-d1745755b3a6', 'MB104', 'QW0013', '马拉色菌 （初诊）', '', 0, '', '34ff5c2e-6625-4d6d-ad39-d1745755b3a8','34ff5c2e-6625-4d6d-ad39-d1745755b3a8');
INSERT INTO t_trprescription_template (uuid,type_id,type_no, template_no, template_name, bar_code,gest_id,Suggest,create_user_id,update_user_id)  VALUES ('34ff5c2e-6625-4d6d-ad39-d17457551014', '34ff5c2e-6625-4d6d-ad39-d1745755b3a6', 'MB104', 'QW0014', '马拉色菌 （再诊）', '', 0, '', '34ff5c2e-6625-4d6d-ad39-d1745755b3a8','34ff5c2e-6625-4d6d-ad39-d1745755b3a8');
INSERT INTO t_trprescription_template (uuid,type_id,type_no, template_no, template_name, bar_code,gest_id,Suggest,create_user_id,update_user_id)  VALUES ('34ff5c2e-6625-4d6d-ad39-d17457551015', '34ff5c2e-6625-4d6d-ad39-d1745755b3a6', 'MB104', 'QW0015', '细菌性 （初诊）', '', 0, '', '34ff5c2e-6625-4d6d-ad39-d1745755b3a8','34ff5c2e-6625-4d6d-ad39-d1745755b3a8');
INSERT INTO t_trprescription_template (uuid,type_id,type_no, template_no, template_name, bar_code,gest_id,Suggest,create_user_id,update_user_id)  VALUES ('34ff5c2e-6625-4d6d-ad39-d17457551016', '34ff5c2e-6625-4d6d-ad39-d1745755b3a6', 'MB104', 'QW0016', '细菌性 （再诊）', '', 0, '', '34ff5c2e-6625-4d6d-ad39-d1745755b3a8','34ff5c2e-6625-4d6d-ad39-d1745755b3a8');
INSERT INTO t_trprescription_template (uuid,type_id,type_no, template_no, template_name, bar_code,gest_id,Suggest,create_user_id,update_user_id)  VALUES ('34ff5c2e-6625-4d6d-ad39-d17457551017', '34ff5c2e-6625-4d6d-ad39-d1745755b3a7', 'MB105', 'QW0017', '（CPV）住院（2至4日治疗）', '', 0, '', '34ff5c2e-6625-4d6d-ad39-d1745755b3a8','34ff5c2e-6625-4d6d-ad39-d1745755b3a8');
INSERT INTO t_trprescription_template (uuid,type_id,type_no, template_no, template_name, bar_code,gest_id,Suggest,create_user_id,update_user_id)  VALUES ('34ff5c2e-6625-4d6d-ad39-d17457551018', '34ff5c2e-6625-4d6d-ad39-d1745755b3a8', 'MB106', 'QW0018', '腹泻（贾第虫）', '', 0, '', '34ff5c2e-6625-4d6d-ad39-d1745755b3a8','34ff5c2e-6625-4d6d-ad39-d1745755b3a8');
INSERT INTO t_trprescription_template (uuid,type_id,type_no, template_no, template_name, bar_code,gest_id,Suggest,create_user_id,update_user_id)  VALUES ('34ff5c2e-6625-4d6d-ad39-d17457551019', '34ff5c2e-6625-4d6d-ad39-d1745755b3a8', 'MB106', 'QW0019', '腹泻（细菌性）', '', 0, '', '34ff5c2e-6625-4d6d-ad39-d1745755b3a8','34ff5c2e-6625-4d6d-ad39-d1745755b3a8');
INSERT INTO t_trprescription_template (uuid,type_id,type_no, template_no, template_name, bar_code,gest_id,Suggest,create_user_id,update_user_id)  VALUES ('34ff5c2e-6625-4d6d-ad39-d17457551020', '34ff5c2e-6625-4d6d-ad39-d1745755b3a8', 'MB106', 'QW0020', '呕吐（呕吐）', '', 0, '', '34ff5c2e-6625-4d6d-ad39-d1745755b3a8','34ff5c2e-6625-4d6d-ad39-d1745755b3a8');
INSERT INTO t_trprescription_template (uuid,type_id,type_no, template_no, template_name, bar_code,gest_id,Suggest,create_user_id,update_user_id)  VALUES ('34ff5c2e-6625-4d6d-ad39-d17457551021', '34ff5c2e-6625-4d6d-ad39-d1745755b3a8', 'MB106', 'QW0021', '呕吐（一般）', '', 0, '', '34ff5c2e-6625-4d6d-ad39-d1745755b3a8','34ff5c2e-6625-4d6d-ad39-d1745755b3a8');
INSERT INTO t_trprescription_template (uuid,type_id,type_no, template_no, template_name, bar_code,gest_id,Suggest,create_user_id,update_user_id)  VALUES ('34ff5c2e-6625-4d6d-ad39-d17457551022', '34ff5c2e-6625-4d6d-ad39-d1745755b3a9', 'MB107', 'QW0022', '前处置（7天）', '', 0, '', '34ff5c2e-6625-4d6d-ad39-d1745755b3a8','34ff5c2e-6625-4d6d-ad39-d1745755b3a8');
INSERT INTO t_trprescription_template (uuid,type_id,type_no, template_no, template_name, bar_code,gest_id,Suggest,create_user_id,update_user_id)  VALUES ('34ff5c2e-6625-4d6d-ad39-d17457551023', '34ff5c2e-6625-4d6d-ad39-d1745755b3a9', 'MB107', 'QW0023', '驱虫（小虫）', '', 0, '', '34ff5c2e-6625-4d6d-ad39-d1745755b3a8','34ff5c2e-6625-4d6d-ad39-d1745755b3a8');
INSERT INTO t_trprescription_template (uuid,type_id,type_no, template_no, template_name, bar_code,gest_id,Suggest,create_user_id,update_user_id)  VALUES ('34ff5c2e-6625-4d6d-ad39-d17457551024', '34ff5c2e-6625-4d6d-ad39-d1745755b3a9', 'MB107', 'QW0024', '蛆成虫（投药）', '', 0, '', '34ff5c2e-6625-4d6d-ad39-d1745755b3a8','34ff5c2e-6625-4d6d-ad39-d1745755b3a8');
INSERT INTO t_trprescription_template (uuid,type_id,type_no, template_no, template_name, bar_code,gest_id,Suggest,create_user_id,update_user_id)  VALUES ('34ff5c2e-6625-4d6d-ad39-d17457551025', '34ff5c2e-6625-4d6d-ad39-d1745755b310', 'MB108', 'QW0025', '心衰', '', 0, '', '34ff5c2e-6625-4d6d-ad39-d1745755b3a8','34ff5c2e-6625-4d6d-ad39-d1745755b3a8');
INSERT INTO t_trprescription_template (uuid,type_id,type_no, template_no, template_name, bar_code,gest_id,Suggest,create_user_id,update_user_id)  VALUES ('34ff5c2e-6625-4d6d-ad39-d17457551026', '34ff5c2e-6625-4d6d-ad39-d1745755b311', 'MB109', 'QW0026', '牙垢', '', 0, '', '34ff5c2e-6625-4d6d-ad39-d1745755b3a8','34ff5c2e-6625-4d6d-ad39-d1745755b3a8');
INSERT INTO t_trprescription_template (uuid,type_id,type_no, template_no, template_name, bar_code,gest_id,Suggest,create_user_id,update_user_id)  VALUES ('34ff5c2e-6625-4d6d-ad39-d17457551027', '34ff5c2e-6625-4d6d-ad39-d1745755b312', 'MB110', 'QW0027', '白内障', '', 0, '', '34ff5c2e-6625-4d6d-ad39-d1745755b3a8','34ff5c2e-6625-4d6d-ad39-d1745755b3a8');
INSERT INTO t_trprescription_template (uuid,type_id,type_no, template_no, template_name, bar_code,gest_id,Suggest,create_user_id,update_user_id)  VALUES ('34ff5c2e-6625-4d6d-ad39-d17457551028', '34ff5c2e-6625-4d6d-ad39-d1745755b312', 'MB110', 'QW0028', '第三眼睑腺突', '', 0, '', '34ff5c2e-6625-4d6d-ad39-d1745755b3a8','34ff5c2e-6625-4d6d-ad39-d1745755b3a8');
INSERT INTO t_trprescription_template (uuid,type_id,type_no, template_no, template_name, bar_code,gest_id,Suggest,create_user_id,update_user_id)  VALUES ('34ff5c2e-6625-4d6d-ad39-d17457551029', '34ff5c2e-6625-4d6d-ad39-d1745755b312', 'MB110', 'QW0029', '干性结膜炎', '', 0, '', '34ff5c2e-6625-4d6d-ad39-d1745755b3a8','34ff5c2e-6625-4d6d-ad39-d1745755b3a8');
INSERT INTO t_trprescription_template (uuid,type_id,type_no, template_no, template_name, bar_code,gest_id,Suggest,create_user_id,update_user_id)  VALUES ('34ff5c2e-6625-4d6d-ad39-d17457551030', '34ff5c2e-6625-4d6d-ad39-d1745755b312', 'MB110', 'QW0030', '角膜溃疡', '', 0, '', '34ff5c2e-6625-4d6d-ad39-d1745755b3a8','34ff5c2e-6625-4d6d-ad39-d1745755b3a8');
INSERT INTO t_trprescription_template (uuid,type_id,type_no, template_no, template_name, bar_code,gest_id,Suggest,create_user_id,update_user_id)  VALUES ('34ff5c2e-6625-4d6d-ad39-d17457551031', '34ff5c2e-6625-4d6d-ad39-d1745755b312', 'MB110', 'QW0031', '结膜炎', '', 0, '', '34ff5c2e-6625-4d6d-ad39-d1745755b3a8','34ff5c2e-6625-4d6d-ad39-d1745755b3a8');
INSERT INTO t_trprescription_template (uuid,type_id,type_no, template_no, template_name, bar_code,gest_id,Suggest,create_user_id,update_user_id)  VALUES ('34ff5c2e-6625-4d6d-ad39-d17457551032', '34ff5c2e-6625-4d6d-ad39-d1745755b312', 'MB110', 'QW0032', '泪溢', '', 0, '', '34ff5c2e-6625-4d6d-ad39-d1745755b3a8','34ff5c2e-6625-4d6d-ad39-d1745755b3a8');
INSERT INTO t_trprescription_template (uuid,type_id,type_no, template_no, template_name, bar_code,gest_id,Suggest,create_user_id,update_user_id)  VALUES ('34ff5c2e-6625-4d6d-ad39-d17457551033', '34ff5c2e-6625-4d6d-ad39-d1745755b312', 'MB110', 'QW0033', '脸炎', '', 0, '', '34ff5c2e-6625-4d6d-ad39-d1745755b3a8','34ff5c2e-6625-4d6d-ad39-d1745755b3a8');
INSERT INTO t_trprescription_template (uuid,type_id,type_no, template_no, template_name, bar_code,gest_id,Suggest,create_user_id,update_user_id)  VALUES ('34ff5c2e-6625-4d6d-ad39-d17457551034', '34ff5c2e-6625-4d6d-ad39-d1745755b312', 'MB110', 'QW0034', '青光眼', '', 0, '', '34ff5c2e-6625-4d6d-ad39-d1745755b3a8','34ff5c2e-6625-4d6d-ad39-d1745755b3a8');
INSERT INTO t_trprescription_template (uuid,type_id,type_no, template_no, template_name, bar_code,gest_id,Suggest,create_user_id,update_user_id)  VALUES ('34ff5c2e-6625-4d6d-ad39-d17457551035', '34ff5c2e-6625-4d6d-ad39-d1745755b312', 'MB110', 'QW0035', '眼科手术及治疗', '', 0, '', '34ff5c2e-6625-4d6d-ad39-d1745755b3a8','34ff5c2e-6625-4d6d-ad39-d1745755b3a8');
INSERT INTO t_trprescription_template (uuid,type_id,type_no, template_no, template_name, bar_code,gest_id,Suggest,create_user_id,update_user_id)  VALUES ('34ff5c2e-6625-4d6d-ad39-d17457551036', '34ff5c2e-6625-4d6d-ad39-d1745755b312', 'MB103101', 'QW0036', '乳腺肿瘤', '', 0, '', '34ff5c2e-6625-4d6d-ad39-d1745755b3a8','34ff5c2e-6625-4d6d-ad39-d1745755b3a8');
INSERT INTO t_trprescription_template (uuid,type_id,type_no, template_no, template_name, bar_code,gest_id,Suggest,create_user_id,update_user_id)  VALUES ('34ff5c2e-6625-4d6d-ad39-d17457551037', '34ff5c2e-6625-4d6d-ad39-d1745755b312', 'MB103102', 'QW0037', '胃切除术', '', 0, '', '34ff5c2e-6625-4d6d-ad39-d1745755b3a8','34ff5c2e-6625-4d6d-ad39-d1745755b3a8');
---t_trprescription_template----
---t_role---
insert into t_role (uuid, role_code, role_name, role_desc,create_user_id,update_user_id) VALUES (1, 'YGJS000000001', '医生', NULL, '34ff5c2e-6625-4d6d-ad39-d1745755b3a8','34ff5c2e-6625-4d6d-ad39-d1745755b3a8');
insert into t_role (uuid, role_code, role_name, role_desc,create_user_id,update_user_id) VALUES (2, 'YGJS000000002', '护士', NULL, '34ff5c2e-6625-4d6d-ad39-d1745755b3a8','34ff5c2e-6625-4d6d-ad39-d1745755b3a8');
insert into t_role (uuid, role_code, role_name, role_desc,create_user_id,update_user_id) VALUES (3, 'YGJS000000003', '销售员', NULL,'34ff5c2e-6625-4d6d-ad39-d1745755b3a8','34ff5c2e-6625-4d6d-ad39-d1745755b3a8');
---t_role---
---t_menu_fun_module---
insert into t_menu_fun_module (uuid, mfm_name,parent_id,mfm_location,mfm_level,mfm_type, mfm_desc,mfm_status,is_modal_window,sort,create_user_id,update_user_id) VALUES ('FM0901', '短信查询', 'FM0900', 'SMSManagement/SMSManage.xaml', 3, 1, '', 1, 0, 0, '34ff5c2e-6625-4d6d-ad39-d1745755b3a8','34ff5c2e-6625-4d6d-ad39-d1745755b3a8');
insert into t_menu_fun_module (uuid, mfm_name,parent_id,mfm_location,mfm_level,mfm_type, mfm_desc,mfm_status,is_modal_window,sort,create_user_id,update_user_id) VALUES ('FM0000', '系统应用模块', '0', '#', 1, 1, '', 1, 0, 0, '34ff5c2e-6625-4d6d-ad39-d1745755b3a8','34ff5c2e-6625-4d6d-ad39-d1745755b3a8');
insert into t_menu_fun_module (uuid, mfm_name,parent_id,mfm_location,mfm_level,mfm_type, mfm_desc,mfm_status,is_modal_window,sort,create_user_id,update_user_id) VALUES ('FM0300', '前台服务', 'FM0000', '#', 2, 1, '', 1, 0, 0, '34ff5c2e-6625-4d6d-ad39-d1745755b3a8','34ff5c2e-6625-4d6d-ad39-d1745755b3a8');
insert into t_menu_fun_module (uuid, mfm_name,parent_id,mfm_location,mfm_level,mfm_type, mfm_desc,mfm_status,is_modal_window,sort,create_user_id,update_user_id) VALUES ('FM0350', '诊疗服务', 'FM0000', '#', 2, 1, '', 1, 0, 1, '34ff5c2e-6625-4d6d-ad39-d1745755b3a8','34ff5c2e-6625-4d6d-ad39-d1745755b3a8');
insert into t_menu_fun_module (uuid, mfm_name,parent_id,mfm_location,mfm_level,mfm_type, mfm_desc,mfm_status,is_modal_window,sort,create_user_id,update_user_id) VALUES ('FM0380', '化验影像', 'FM0000', '#', 2, 1, '', 1, 0, 6, '34ff5c2e-6625-4d6d-ad39-d1745755b3a8','34ff5c2e-6625-4d6d-ad39-d1745755b3a8');
insert into t_menu_fun_module (uuid, mfm_name,parent_id,mfm_location,mfm_level,mfm_type, mfm_desc,mfm_status,is_modal_window,sort,create_user_id,update_user_id) VALUES ('FM0390', '护士工作站', 'FM0000', '#', 2, 1, '', 1, 0, 7, '34ff5c2e-6625-4d6d-ad39-d1745755b3a8','34ff5c2e-6625-4d6d-ad39-d1745755b3a8');
insert into t_menu_fun_module (uuid, mfm_name,parent_id,mfm_location,mfm_level,mfm_type, mfm_desc,mfm_status,is_modal_window,sort,create_user_id,update_user_id) VALUES ('FM0301', '门诊挂号', 'FM0300', 'MedicBusiness/ApplyRegisterPage.xaml', 3, 1, '', 0, 0, 3, '34ff5c2e-6625-4d6d-ad39-d1745755b3a8','34ff5c2e-6625-4d6d-ad39-d1745755b3a8');
insert into t_menu_fun_module (uuid, mfm_name,parent_id,mfm_location,mfm_level,mfm_type, mfm_desc,mfm_status,is_modal_window,sort,create_user_id,update_user_id) VALUES ('FM0302', '门诊收费', 'FM0300', 'Business/PatientCharge.xaml', 3, 1, '', 0, 0, 4,'34ff5c2e-6625-4d6d-ad39-d1745755b3a8','34ff5c2e-6625-4d6d-ad39-d1745755b3a8');
insert into t_menu_fun_module (uuid, mfm_name,parent_id,mfm_location,mfm_level,mfm_type, mfm_desc,mfm_status,is_modal_window,sort,create_user_id,update_user_id) VALUES ('FM0303', '直接销售', 'FM0300', 'StoreBusiness/DirectSell.xaml', 3, 1, '', 1, 0, 5, '34ff5c2e-6625-4d6d-ad39-d1745755b3a8','34ff5c2e-6625-4d6d-ad39-d1745755b3a8');
insert into t_menu_fun_module (uuid, mfm_name,parent_id,mfm_location,mfm_level,mfm_type, mfm_desc,mfm_status,is_modal_window,sort,create_user_id,update_user_id) VALUES ('FM0304', '挂号查询', 'FM0300', 'MedicBusiness/RegisterQueryList.xaml', 3, 1, '', 1, 0, 3, '34ff5c2e-6625-4d6d-ad39-d1745755b3a8','34ff5c2e-6625-4d6d-ad39-d1745755b3a8');
insert into t_menu_fun_module (uuid, mfm_name,parent_id,mfm_location,mfm_level,mfm_type, mfm_desc,mfm_status,is_modal_window,sort,create_user_id,update_user_id) VALUES ('FM0305', '收费管理', 'FM0300', 'StoreBusiness/CashManageList.xaml', 3, 1, '', 1, 0, 9, '34ff5c2e-6625-4d6d-ad39-d1745755b3a8','34ff5c2e-6625-4d6d-ad39-d1745755b3a8');
insert into t_menu_fun_module (uuid, mfm_name,parent_id,mfm_location,mfm_level,mfm_type, mfm_desc,mfm_status,is_modal_window,sort,create_user_id,update_user_id) VALUES ('FM0306', '就诊管理', 'FM0350', 'MedicBusiness/MedicTreatment.xaml', 3, 1, '', 1, 0, 0, '34ff5c2e-6625-4d6d-ad39-d1745755b3a8','34ff5c2e-6625-4d6d-ad39-d1745755b3a8');
insert into t_menu_fun_module (uuid, mfm_name,parent_id,mfm_location,mfm_level,mfm_type, mfm_desc,mfm_status,is_modal_window,sort,create_user_id,update_user_id) VALUES ('FM0307', '化验管理', 'FM0380', 'MedicBusiness/ChemistResultManage.xaml', 3, 1, '', 1, 0, 0, '34ff5c2e-6625-4d6d-ad39-d1745755b3a8','34ff5c2e-6625-4d6d-ad39-d1745755b3a8');
insert into t_menu_fun_module (uuid, mfm_name,parent_id,mfm_location,mfm_level,mfm_type, mfm_desc,mfm_status,is_modal_window,sort,create_user_id,update_user_id) VALUES ('FM0308', '影像管理', 'FM0380', 'MedicBusiness/VedioResultManage.xaml', 3, 1, '', 1, 0, 0, '34ff5c2e-6625-4d6d-ad39-d1745755b3a8','34ff5c2e-6625-4d6d-ad39-d1745755b3a8');
insert into t_menu_fun_module (uuid, mfm_name,parent_id,mfm_location,mfm_level,mfm_type, mfm_desc,mfm_status,is_modal_window,sort,create_user_id,update_user_id) VALUES ('FM0309', '处方执行', 'FM0390', 'MedicBusiness/PrescriptionManage.xaml', 3, 1, '', 1, 0, 0, '34ff5c2e-6625-4d6d-ad39-d1745755b3a8','34ff5c2e-6625-4d6d-ad39-d1745755b3a8');
insert into t_menu_fun_module (uuid, mfm_name,parent_id,mfm_location,mfm_level,mfm_type, mfm_desc,mfm_status,is_modal_window,sort,create_user_id,update_user_id) VALUES ('FM0310', '驱虫疫苗', 'FM0350', 'MedicBusiness/VaccineManage.xaml', 3, 1, '', 1, 0, 0, '34ff5c2e-6625-4d6d-ad39-d1745755b3a8','34ff5c2e-6625-4d6d-ad39-d1745755b3a8');
insert into t_menu_fun_module (uuid, mfm_name,parent_id,mfm_location,mfm_level,mfm_type, mfm_desc,mfm_status,is_modal_window,sort,create_user_id,update_user_id) VALUES ('FM0311', '拓瑞检测', 'FM0350', 'Business/TRTest.xaml', 3, 1, '', 0, 0, 0, '34ff5c2e-6625-4d6d-ad39-d1745755b3a8','34ff5c2e-6625-4d6d-ad39-d1745755b3a8');
insert into t_menu_fun_module (uuid, mfm_name,parent_id,mfm_location,mfm_level,mfm_type, mfm_desc,mfm_status,is_modal_window,sort,create_user_id,update_user_id) VALUES ('FM0312', '病案管理', 'FM0350', 'MedicBusiness/SickFileManagement.xaml', 3, 1, '', 1, 0, 0, '34ff5c2e-6625-4d6d-ad39-d1745755b3a8','34ff5c2e-6625-4d6d-ad39-d1745755b3a8');
insert into t_menu_fun_module (uuid, mfm_name,parent_id,mfm_location,mfm_level,mfm_type, mfm_desc,mfm_status,is_modal_window,sort,create_user_id,update_user_id) VALUES ('FM0313', '寄养管理', 'FM0300', 'HotelBusiness/FosterManage.xaml', 3, 1, '', 1, 0, 7, '34ff5c2e-6625-4d6d-ad39-d1745755b3a8','34ff5c2e-6625-4d6d-ad39-d1745755b3a8');
insert into t_menu_fun_module (uuid, mfm_name,parent_id,mfm_location,mfm_level,mfm_type, mfm_desc,mfm_status,is_modal_window,sort,create_user_id,update_user_id) VALUES ('FM0314', '住院管理', 'FM0300', 'HotelBusiness/HospitalizedManage.xaml', 3, 1, '', 1, 0, 8, '34ff5c2e-6625-4d6d-ad39-d1745755b3a8','34ff5c2e-6625-4d6d-ad39-d1745755b3a8');
insert into t_menu_fun_module (uuid, mfm_name,parent_id,mfm_location,mfm_level,mfm_type, mfm_desc,mfm_status,is_modal_window,sort,create_user_id,update_user_id) VALUES ('FM0315', '自助短信', 'FM0300', 'Business/SMSBySelf.xaml', 3, 1, '', 0, 0, 6, '34ff5c2e-6625-4d6d-ad39-d1745755b3a8','34ff5c2e-6625-4d6d-ad39-d1745755b3a8');
insert into t_menu_fun_module (uuid, mfm_name,parent_id,mfm_location,mfm_level,mfm_type, mfm_desc,mfm_status,is_modal_window,sort,create_user_id,update_user_id) VALUES ('FM0100', '会员信息', 'FM0000', '#', 2, 1, '', 1, 0, 2, '34ff5c2e-6625-4d6d-ad39-d1745755b3a8','34ff5c2e-6625-4d6d-ad39-d1745755b3a8');
insert into t_menu_fun_module (uuid, mfm_name,parent_id,mfm_location,mfm_level,mfm_type, mfm_desc,mfm_status,is_modal_window,sort,create_user_id,update_user_id) VALUES ('FM1001', '会员关注', 'FM0900', 'MicroSMS/VIPSMSManageList.xaml', 3, 1, '', 1, 0, 0, '34ff5c2e-6625-4d6d-ad39-d1745755b3a8','34ff5c2e-6625-4d6d-ad39-d1745755b3a8');
insert into t_menu_fun_module (uuid, mfm_name,parent_id,mfm_location,mfm_level,mfm_type, mfm_desc,mfm_status,is_modal_window,sort,create_user_id,update_user_id) VALUES ('FM0102', '宠物管理', 'FM0100', 'GestManagement/PetManageList.xaml', 3, 1, '', 1, 0, 0, '34ff5c2e-6625-4d6d-ad39-d1745755b3a8','34ff5c2e-6625-4d6d-ad39-d1745755b3a8');
insert into t_menu_fun_module (uuid, mfm_name,parent_id,mfm_location,mfm_level,mfm_type, mfm_desc,mfm_status,is_modal_window,sort,create_user_id,update_user_id) VALUES ('FM0200', '仓库管理', 'FM0000', '#', 2, 1, '', 1, 0, 5, '34ff5c2e-6625-4d6d-ad39-d1745755b3a8','34ff5c2e-6625-4d6d-ad39-d1745755b3a8');
insert into t_menu_fun_module (uuid, mfm_name,parent_id,mfm_location,mfm_level,mfm_type, mfm_desc,mfm_status,is_modal_window,sort,create_user_id,update_user_id) VALUES ('FM0201', '库存查询', 'FM0200', 'WarehouseManagement/WarehouseItemCount.xaml', 3, 1, '', 1, 0, 0, '34ff5c2e-6625-4d6d-ad39-d1745755b3a8','34ff5c2e-6625-4d6d-ad39-d1745755b3a8');
insert into t_menu_fun_module (uuid, mfm_name,parent_id,mfm_location,mfm_level,mfm_type, mfm_desc,mfm_status,is_modal_window,sort,create_user_id,update_user_id) VALUES ('FM0202', '入库管理', 'FM0200', 'WarehouseManagement/InWarehouseList.xaml', 3, 1, '', 1, 0, 0, '34ff5c2e-6625-4d6d-ad39-d1745755b3a8','34ff5c2e-6625-4d6d-ad39-d1745755b3a8');
insert into t_menu_fun_module (uuid, mfm_name,parent_id,mfm_location,mfm_level,mfm_type, mfm_desc,mfm_status,is_modal_window,sort,create_user_id,update_user_id) VALUES ('FM0203', '出库管理', 'FM0200', 'WarehouseManagement/OutWarehouseList.xaml', 3, 1, '', 1, 0, 0, '34ff5c2e-6625-4d6d-ad39-d1745755b3a8','34ff5c2e-6625-4d6d-ad39-d1745755b3a8');
insert into t_menu_fun_module (uuid, mfm_name,parent_id,mfm_location,mfm_level,mfm_type, mfm_desc,mfm_status,is_modal_window,sort,create_user_id,update_user_id) VALUES ('FM0204', '移库管理', 'FM0200', 'WarehouseManagement/MoveWarehouseList.xaml', 3, 1, '', 1, 0, 0, '34ff5c2e-6625-4d6d-ad39-d1745755b3a8','34ff5c2e-6625-4d6d-ad39-d1745755b3a8');
insert into t_menu_fun_module (uuid, mfm_name,parent_id,mfm_location,mfm_level,mfm_type, mfm_desc,mfm_status,is_modal_window,sort,create_user_id,update_user_id) VALUES ('FM0205', '盘点管理', 'FM0200', 'WarehouseManagement/CheckWarehouseList.xaml', 3, 1, '', 0, 0, 0, '34ff5c2e-6625-4d6d-ad39-d1745755b3a8','34ff5c2e-6625-4d6d-ad39-d1745755b3a8');
insert into t_menu_fun_module (uuid, mfm_name,parent_id,mfm_location,mfm_level,mfm_type, mfm_desc,mfm_status,is_modal_window,sort,create_user_id,update_user_id) VALUES ('FM0206', '退货管理', 'FM0200', 'WarehouseManagement/BackWarehouseList.xaml', 3, 1, '', 1, 0, 0, '34ff5c2e-6625-4d6d-ad39-d1745755b3a8','34ff5c2e-6625-4d6d-ad39-d1745755b3a8');
insert into t_menu_fun_module (uuid, mfm_name,parent_id,mfm_location,mfm_level,mfm_type, mfm_desc,mfm_status,is_modal_window,sort,create_user_id,update_user_id) VALUES ('FM0400', '统计报表', 'FM0000', '#', 2, 1, '', 1, 0, 10, '34ff5c2e-6625-4d6d-ad39-d1745755b3a8','34ff5c2e-6625-4d6d-ad39-d1745755b3a8');
insert into t_menu_fun_module (uuid, mfm_name,parent_id,mfm_location,mfm_level,mfm_type, mfm_desc,mfm_status,is_modal_window,sort,create_user_id,update_user_id) VALUES ('FM0600', '基础数据', 'FM0000', '#', 2, 1, '""', 1, 0, 9, '34ff5c2e-6625-4d6d-ad39-d1745755b3a8','34ff5c2e-6625-4d6d-ad39-d1745755b3a8');
insert into t_menu_fun_module (uuid, mfm_name,parent_id,mfm_location,mfm_level,mfm_type, mfm_desc,mfm_status,is_modal_window,sort,create_user_id,update_user_id) VALUES ('FM0601', '经销商与生产商', 'FM0600', 'BaseDataManagement/DealerManageList.xaml', 3, 1, '', 1, 0, 0, '34ff5c2e-6625-4d6d-ad39-d1745755b3a8','34ff5c2e-6625-4d6d-ad39-d1745755b3a8');
insert into t_menu_fun_module (uuid, mfm_name,parent_id,mfm_location,mfm_level,mfm_type, mfm_desc,mfm_status,is_modal_window,sort,create_user_id,update_user_id) VALUES ('FM0602', '仓库信息管理', 'FM0600', 'BaseDataManagement/WarehouseManagementList.xaml', 3, 1, '', 1, 0, 0, '34ff5c2e-6625-4d6d-ad39-d1745755b3a8','34ff5c2e-6625-4d6d-ad39-d1745755b3a8');
insert into t_menu_fun_module (uuid, mfm_name,parent_id,mfm_location,mfm_level,mfm_type, mfm_desc,mfm_status,is_modal_window,sort,create_user_id,update_user_id) VALUES ('FM0603', '商品与服务管理', 'FM0600', 'BaseDataManagement/ItemTypeManageList.xaml', 3, 1, '', 1, 0, 0, '34ff5c2e-6625-4d6d-ad39-d1745755b3a8','34ff5c2e-6625-4d6d-ad39-d1745755b3a8');
insert into t_menu_fun_module (uuid, mfm_name,parent_id,mfm_location,mfm_level,mfm_type, mfm_desc,mfm_status,is_modal_window,sort,create_user_id,update_user_id) VALUES ('FM0604', '会员等级管理', 'FM0600', 'BaseDataManagement/VIPLevel.xaml', 3, 1, '', 1, 0, 0, '34ff5c2e-6625-4d6d-ad39-d1745755b3a8','34ff5c2e-6625-4d6d-ad39-d1745755b3a8');
insert into t_menu_fun_module (uuid, mfm_name,parent_id,mfm_location,mfm_level,mfm_type, mfm_desc,mfm_status,is_modal_window,sort,create_user_id,update_user_id) VALUES ('FM0605', '数据字典管理', 'FM0600', 'BaseDataManagement/DataDictmanageList.xaml', 3, 1, '', 1, 0, 0, '34ff5c2e-6625-4d6d-ad39-d1745755b3a8','34ff5c2e-6625-4d6d-ad39-d1745755b3a8');
insert into t_menu_fun_module (uuid, mfm_name,parent_id,mfm_location,mfm_level,mfm_type, mfm_desc,mfm_status,is_modal_window,sort,create_user_id,update_user_id) VALUES ('FM0606', '员工管理', 'FM0600', 'BaseDataManagement/Employee.xaml', 3, 1, '', 1, 0, 0, '34ff5c2e-6625-4d6d-ad39-d1745755b3a8','34ff5c2e-6625-4d6d-ad39-d1745755b3a8');
insert into t_menu_fun_module (uuid, mfm_name,parent_id,mfm_location,mfm_level,mfm_type, mfm_desc,mfm_status,is_modal_window,sort,create_user_id,update_user_id) VALUES ('FM0607', '按钮配置', 'FM0600', 'SetButton.xaml', 3, 1, '', 0, 0, 0, '34ff5c2e-6625-4d6d-ad39-d1745755b3a8','34ff5c2e-6625-4d6d-ad39-d1745755b3a8');
insert into t_menu_fun_module (uuid, mfm_name,parent_id,mfm_location,mfm_level,mfm_type, mfm_desc,mfm_status,is_modal_window,sort,create_user_id,update_user_id) VALUES ('FM0608', '处方模板管理', 'FM0350', 'MedicBusiness/PrescriptionTemplateManage.xaml', 3, 1, '', 1, 0, 0, '34ff5c2e-6625-4d6d-ad39-d1745755b3a8','34ff5c2e-6625-4d6d-ad39-d1745755b3a8');
insert into t_menu_fun_module (uuid, mfm_name,parent_id,mfm_location,mfm_level,mfm_type, mfm_desc,mfm_status,is_modal_window,sort,create_user_id,update_user_id) VALUES ('FM0609', '化验项目管理', 'FM0600', 'BaseDataManagement/CheMistTestTypeManageList.xaml', 3, 1, '', 1, 0, 0, '34ff5c2e-6625-4d6d-ad39-d1745755b3a8','34ff5c2e-6625-4d6d-ad39-d1745755b3a8');
insert into t_menu_fun_module (uuid, mfm_name,parent_id,mfm_location,mfm_level,mfm_type, mfm_desc,mfm_status,is_modal_window,sort,create_user_id,update_user_id) VALUES ('FM0500', '系统管理', 'FM0000', '#', 2, 1, '', 0, 0, 7, '34ff5c2e-6625-4d6d-ad39-d1745755b3a8','34ff5c2e-6625-4d6d-ad39-d1745755b3a8');
insert into t_menu_fun_module (uuid, mfm_name,parent_id,mfm_location,mfm_level,mfm_type, mfm_desc,mfm_status,is_modal_window,sort,create_user_id,update_user_id) VALUES ('FM0501', '登录日志', 'FM0500', 'Maintain/LoginLog.xaml', 3, 1, '', 0, 0, 0, '34ff5c2e-6625-4d6d-ad39-d1745755b3a8','34ff5c2e-6625-4d6d-ad39-d1745755b3a8');
insert into t_menu_fun_module (uuid, mfm_name,parent_id,mfm_location,mfm_level,mfm_type, mfm_desc,mfm_status,is_modal_window,sort,create_user_id,update_user_id) VALUES ('FM0502', '医院信息', 'FM0600', 'TR.PHM.WPFClient.WinHospitalInfo', 3, 1, '', 1, 1, 0, '34ff5c2e-6625-4d6d-ad39-d1745755b3a8','34ff5c2e-6625-4d6d-ad39-d1745755b3a8');
insert into t_menu_fun_module (uuid, mfm_name,parent_id,mfm_location,mfm_level,mfm_type, mfm_desc,mfm_status,is_modal_window,sort,create_user_id,update_user_id) VALUES ('FM0503', '应用参数', 'FM0600', 'BaseDataManagement/ConfigPage.xaml', 3, 1, '', 1, 0, 10, '34ff5c2e-6625-4d6d-ad39-d1745755b3a8','34ff5c2e-6625-4d6d-ad39-d1745755b3a8');
insert into t_menu_fun_module (uuid, mfm_name,parent_id,mfm_location,mfm_level,mfm_type, mfm_desc,mfm_status,is_modal_window,sort,create_user_id,update_user_id) VALUES ('FM0504', '角色管理', 'FM0600', 'BaseDataManagement/RoleManageList.xaml', 3, 1, '', 1, 0, 0, '34ff5c2e-6625-4d6d-ad39-d1745755b3a8','34ff5c2e-6625-4d6d-ad39-d1745755b3a8');
insert into t_menu_fun_module (uuid, mfm_name,parent_id,mfm_location,mfm_level,mfm_type, mfm_desc,mfm_status,is_modal_window,sort,create_user_id,update_user_id) VALUES ('FM0505', '密码变更', 'FM0500', 'TR.PHM.WpfClient.Maintain.PWChange', 3, 1, '', 0, 1, 0, '34ff5c2e-6625-4d6d-ad39-d1745755b3a8','34ff5c2e-6625-4d6d-ad39-d1745755b3a8');
insert into t_menu_fun_module (uuid, mfm_name,parent_id,mfm_location,mfm_level,mfm_type, mfm_desc,mfm_status,is_modal_window,sort,create_user_id,update_user_id) VALUES ('FM0800', '拓瑞检测', 'FM0000', '#', 2, 1, '', 1, 0, 4, '34ff5c2e-6625-4d6d-ad39-d1745755b3a8','34ff5c2e-6625-4d6d-ad39-d1745755b3a8');
insert into t_menu_fun_module (uuid, mfm_name,parent_id,mfm_location,mfm_level,mfm_type, mfm_desc,mfm_status,is_modal_window,sort,create_user_id,update_user_id) VALUES ('FM0801', '检测申报', 'FM0800', 'TR.PHM.WPFClient.WinApplyTRCheck', 3, 1, '', 1, 1, 0,'34ff5c2e-6625-4d6d-ad39-d1745755b3a8','34ff5c2e-6625-4d6d-ad39-d1745755b3a8');
insert into t_menu_fun_module (uuid, mfm_name,parent_id,mfm_location,mfm_level,mfm_type, mfm_desc,mfm_status,is_modal_window,sort,create_user_id,update_user_id) VALUES ('FM0802', '检测查询', 'FM0800', 'TRSearch/TRCheckFileManage.xaml', 3, 1, '', 1, 0, 1, '34ff5c2e-6625-4d6d-ad39-d1745755b3a8','34ff5c2e-6625-4d6d-ad39-d1745755b3a8');
insert into t_menu_fun_module (uuid, mfm_name,parent_id,mfm_location,mfm_level,mfm_type, mfm_desc,mfm_status,is_modal_window,sort,create_user_id,update_user_id) VALUES ('FM0803', '费用统计', 'FM0800', '#', 3, 1, '', 0, 0, 0, '34ff5c2e-6625-4d6d-ad39-d1745755b3a8','34ff5c2e-6625-4d6d-ad39-d1745755b3a8');
insert into t_menu_fun_module (uuid, mfm_name,parent_id,mfm_location,mfm_level,mfm_type, mfm_desc,mfm_status,is_modal_window,sort,create_user_id,update_user_id) VALUES ('FM0317', '销售查询', 'FM0300', 'StoreBusiness/SellSearchManage.xaml', 3, 1, '', 1, 0, 5, '34ff5c2e-6625-4d6d-ad39-d1745755b3a8','34ff5c2e-6625-4d6d-ad39-d1745755b3a8');
insert into t_menu_fun_module (uuid, mfm_name,parent_id,mfm_location,mfm_level,mfm_type, mfm_desc,mfm_status,is_modal_window,sort,create_user_id,update_user_id) VALUES ('FM0316', '结算单管理', 'FM0300', 'StoreBusiness/CashSearchList.xaml', 3, 1, '', 1, 0, 9, '34ff5c2e-6625-4d6d-ad39-d1745755b3a8','34ff5c2e-6625-4d6d-ad39-d1745755b3a8');
insert into t_menu_fun_module (uuid, mfm_name,parent_id,mfm_location,mfm_level,mfm_type, mfm_desc,mfm_status,is_modal_window,sort,create_user_id,update_user_id) VALUES ('FM0401', '库存资产统计', 'FM0400', 'StatisticsBusiness/CurrentProperty.xaml', 3, 1, '', 1, 0, 3, '34ff5c2e-6625-4d6d-ad39-d1745755b3a8','34ff5c2e-6625-4d6d-ad39-d1745755b3a8');
insert into t_menu_fun_module (uuid, mfm_name,parent_id,mfm_location,mfm_level,mfm_type, mfm_desc,mfm_status,is_modal_window,sort,create_user_id,update_user_id) VALUES ('FM0402', '营业收入统计', 'FM0400', 'StatisticsBusiness/TotalEarnMoney.xaml', 3, 1, '', 1, 0, 2, '34ff5c2e-6625-4d6d-ad39-d1745755b3a8','34ff5c2e-6625-4d6d-ad39-d1745755b3a8');
insert into t_menu_fun_module (uuid, mfm_name,parent_id,mfm_location,mfm_level,mfm_type, mfm_desc,mfm_status,is_modal_window,sort,create_user_id,update_user_id) VALUES ('FM0403', '挂号就诊统计', 'FM0400', 'StatisticsBusiness/TotalRegisterRecord.xaml', 3, 1, '', 1, 0, 1, '34ff5c2e-6625-4d6d-ad39-d1745755b3a8','34ff5c2e-6625-4d6d-ad39-d1745755b3a8');
insert into t_menu_fun_module (uuid, mfm_name,parent_id,mfm_location,mfm_level,mfm_type, mfm_desc,mfm_status,is_modal_window,sort,create_user_id,update_user_id) VALUES ('FM0900', '短信&微信营销', 'FM0000', '#', 2, 1, '""', 1, 0, 3, '34ff5c2e-6625-4d6d-ad39-d1745755b3a8','34ff5c2e-6625-4d6d-ad39-d1745755b3a8');
insert into t_menu_fun_module (uuid, mfm_name,parent_id,mfm_location,mfm_level,mfm_type, mfm_desc,mfm_status,is_modal_window,sort,create_user_id,update_user_id) VALUES ('FM0902', '自助短信', 'FM0900', 'SMSManagement/SMSSendList.xaml', 3, 1, '""', 1, 0, 0, '34ff5c2e-6625-4d6d-ad39-d1745755b3a8','34ff5c2e-6625-4d6d-ad39-d1745755b3a8');
insert into t_menu_fun_module (uuid, mfm_name,parent_id,mfm_location,mfm_level,mfm_type, mfm_desc,mfm_status,is_modal_window,sort,create_user_id,update_user_id) VALUES ('FM0610', '宠物品种管理', 'FM0600', 'BaseDataManagement/PetRaceManage.xaml', 3, 1, '""', 1, 0, 0, '34ff5c2e-6625-4d6d-ad39-d1745755b3a8','34ff5c2e-6625-4d6d-ad39-d1745755b3a8');
insert into t_menu_fun_module (uuid, mfm_name,parent_id,mfm_location,mfm_level,mfm_type, mfm_desc,mfm_status,is_modal_window,sort,create_user_id,update_user_id) VALUES ('FM0318', '会员挂号', 'FM0300', 'TR.PHM.WPFClient.MedicBusiness.Register.AddRegister', 3, 1, '""', 1, 1, 1, '34ff5c2e-6625-4d6d-ad39-d1745755b3a8','34ff5c2e-6625-4d6d-ad39-d1745755b3a8');
insert into t_menu_fun_module (uuid, mfm_name,parent_id,mfm_location,mfm_level,mfm_type, mfm_desc,mfm_status,is_modal_window,sort,create_user_id,update_user_id) VALUES ('FM0319', '快捷挂号', 'FM0300', 'TR.PHM.WPFClient.WinRandomGestRegist', 3, 1, '""""""', 1, 1, 2, '34ff5c2e-6625-4d6d-ad39-d1745755b3a8','34ff5c2e-6625-4d6d-ad39-d1745755b3a8');
insert into t_menu_fun_module (uuid, mfm_name,parent_id,mfm_location,mfm_level,mfm_type, mfm_desc,mfm_status,is_modal_window,sort,create_user_id,update_user_id) VALUES ('FM0903', '短信设置', 'FM0900', 'SMSManagement/SMSConfigPage.xaml', 3, 1, '""', 1, 0, 0, '34ff5c2e-6625-4d6d-ad39-d1745755b3a8','34ff5c2e-6625-4d6d-ad39-d1745755b3a8');
insert into t_menu_fun_module (uuid, mfm_name,parent_id,mfm_location,mfm_level,mfm_type, mfm_desc,mfm_status,is_modal_window,sort,create_user_id,update_user_id) VALUES ('FM1000', '微信营销', 'FM0000', '#', 2, 1, '""""""', 0, 0, 3, '34ff5c2e-6625-4d6d-ad39-d1745755b3a8','34ff5c2e-6625-4d6d-ad39-d1745755b3a8');
insert into t_menu_fun_module (uuid, mfm_name,parent_id,mfm_location,mfm_level,mfm_type, mfm_desc,mfm_status,is_modal_window,sort,create_user_id,update_user_id) VALUES ('FM0101', '会员管理', 'FM0100', 'GestManagement/VIPManageList.xaml', 3, 1, '""', 1, 0, 0, '34ff5c2e-6625-4d6d-ad39-d1745755b3a8','34ff5c2e-6625-4d6d-ad39-d1745755b3a8');
insert into t_menu_fun_module (uuid, mfm_name,parent_id,mfm_location,mfm_level,mfm_type, mfm_desc,mfm_status,is_modal_window,sort,create_user_id,update_user_id) VALUES ('FM1002', '微信设置', 'FM0900', 'MicroSMS/MicroSMSConfigPage.xaml', 3, 1, '""""""', 1, 0, 0, '34ff5c2e-6625-4d6d-ad39-d1745755b3a8','34ff5c2e-6625-4d6d-ad39-d1745755b3a8');
insert into t_menu_fun_module (uuid, mfm_name,parent_id,mfm_location,mfm_level,mfm_type, mfm_desc,mfm_status,is_modal_window,sort,create_user_id,update_user_id) VALUES ('FM0404', '就诊分期统计', 'FM0400', 'StatisticsBusiness/RegisterRecordCount.xaml', 3, 1, '""', 1, 0, 1, '34ff5c2e-6625-4d6d-ad39-d1745755b3a8','34ff5c2e-6625-4d6d-ad39-d1745755b3a8');
insert into t_menu_fun_module (uuid, mfm_name,parent_id,mfm_location,mfm_level,mfm_type, mfm_desc,mfm_status,is_modal_window,sort,create_user_id,update_user_id) VALUES ('FM0320', '美容服务', 'FM0300', 'HotelBusiness/ServiceManage.xaml', 3, 1, '', 1, 0, 6,'34ff5c2e-6625-4d6d-ad39-d1745755b3a8','34ff5c2e-6625-4d6d-ad39-d1745755b3a8');
insert into t_menu_fun_module (uuid, mfm_name,parent_id,mfm_location,mfm_level,mfm_type, mfm_desc,mfm_status,is_modal_window,sort,create_user_id,update_user_id) VALUES ('FM0506', '备份还原', 'FM0500', 'TR.PHM.WPFClient.DBChooseMenu', 3, 1, '', 0, 1, 1, '34ff5c2e-6625-4d6d-ad39-d1745755b3a8','34ff5c2e-6625-4d6d-ad39-d1745755b3a8');
insert into t_menu_fun_module (uuid, mfm_name,parent_id,mfm_location,mfm_level,mfm_type, mfm_desc,mfm_status,is_modal_window,sort,create_user_id,update_user_id) VALUES ('FM0507', '设置向导', 'FM0500', 'TR.PHM.WPFClient.WinNavigation', 3, 1, '', 0, 1, 1, '34ff5c2e-6625-4d6d-ad39-d1745755b3a8','34ff5c2e-6625-4d6d-ad39-d1745755b3a8');
insert into t_menu_fun_module (uuid, mfm_name,parent_id,mfm_location,mfm_level,mfm_type, mfm_desc,mfm_status,is_modal_window,sort,create_user_id,update_user_id) VALUES ('FM1011', '微网站管理', 'FM0900', 'MicroSMS/MicroWeb.xaml', 3, 1, '', 1, 0, 20, '34ff5c2e-6625-4d6d-ad39-d1745755b3a8','34ff5c2e-6625-4d6d-ad39-d1745755b3a8');
insert into t_menu_fun_module (uuid, mfm_name,parent_id,mfm_location,mfm_level,mfm_type, mfm_desc,mfm_status,is_modal_window,sort,create_user_id,update_user_id) VALUES ('FM0370', '预约管理', 'FM0300', 'MicroSMS/AppointmentList.xaml', 3, 1, '', 1, 0, -20, '34ff5c2e-6625-4d6d-ad39-d1745755b3a8','34ff5c2e-6625-4d6d-ad39-d1745755b3a8');
insert into t_menu_fun_module (uuid, mfm_name,parent_id,mfm_location,mfm_level,mfm_type, mfm_desc,mfm_status,is_modal_window,sort,create_user_id,update_user_id) VALUES ('FM0321', '销售退货', 'FM0300', 'StoreBusiness/ReturnCommodityManage.xaml', 3, 1, '', 1, 0, 10, '34ff5c2e-6625-4d6d-ad39-d1745755b3a8','34ff5c2e-6625-4d6d-ad39-d1745755b3a8');
insert into t_menu_fun_module (uuid, mfm_name,parent_id,mfm_location,mfm_level,mfm_type, mfm_desc,mfm_status,is_modal_window,sort,create_user_id,update_user_id) VALUES ('FM0700', '经营管理', 'FM0000', '#', 2, 1, '', 1, 0, 8, '34ff5c2e-6625-4d6d-ad39-d1745755b3a8','34ff5c2e-6625-4d6d-ad39-d1745755b3a8');
insert into t_menu_fun_module (uuid, mfm_name,parent_id,mfm_location,mfm_level,mfm_type, mfm_desc,mfm_status,is_modal_window,sort,create_user_id,update_user_id) VALUES ('FM0701', '支出管理', 'FM0700', 'OperateManagement/ExpenseManageList.xaml', 3, 1, '', 1, 0, 0, '34ff5c2e-6625-4d6d-ad39-d1745755b3a8','34ff5c2e-6625-4d6d-ad39-d1745755b3a8');
insert into t_menu_fun_module (uuid, mfm_name,parent_id,mfm_location,mfm_level,mfm_type, mfm_desc,mfm_status,is_modal_window,sort,create_user_id,update_user_id) VALUES ('FM0702', '效绩考核统计', 'FM0400', 'StatisticsBusiness/CountAchievement.xaml', 3, 1, '', 1, 0, 1, '34ff5c2e-6625-4d6d-ad39-d1745755b3a8','34ff5c2e-6625-4d6d-ad39-d1745755b3a8');
insert into t_menu_fun_module (uuid, mfm_name,parent_id,mfm_location,mfm_level,mfm_type, mfm_desc,mfm_status,is_modal_window,sort,create_user_id,update_user_id) VALUES ('FM0703', '门店收支统计', 'FM0400', 'StatisticsBusiness/CountInCome.xaml', 3, 1, '', 1, 0, 2, '34ff5c2e-6625-4d6d-ad39-d1745755b3a8','34ff5c2e-6625-4d6d-ad39-d1745755b3a8');
insert into t_menu_fun_module (uuid, mfm_name,parent_id,mfm_location,mfm_level,mfm_type, mfm_desc,mfm_status,is_modal_window,sort,create_user_id,update_user_id) VALUES ('FM0704', '会员消费统计', 'FM0400', 'StatisticsBusiness/CountVIPCost.xaml', 3, 1, '', 1, 0, 3, '34ff5c2e-6625-4d6d-ad39-d1745755b3a8','34ff5c2e-6625-4d6d-ad39-d1745755b3a8');
insert into t_menu_fun_module (uuid, mfm_name,parent_id,mfm_location,mfm_level,mfm_type, mfm_desc,mfm_status,is_modal_window,sort,create_user_id,update_user_id) VALUES ('FM0405', '病例统计', 'FM0400', 'StatisticsBusiness/TotalMedicalRecord.xaml', 3, 1, '', 1, 0, 4, '34ff5c2e-6625-4d6d-ad39-d1745755b3a8','34ff5c2e-6625-4d6d-ad39-d1745755b3a8');
insert into t_menu_fun_module (uuid, mfm_name,parent_id,mfm_location,mfm_level,mfm_type, mfm_desc,mfm_status,is_modal_window,sort,create_user_id,update_user_id) VALUES ('FM0707', '毛利统计', 'FM0400', 'StatisticsBusiness/CountMargin.xaml', 3, 1, '', 1, 0, 5, '34ff5c2e-6625-4d6d-ad39-d1745755b3a8','34ff5c2e-6625-4d6d-ad39-d1745755b3a8');
insert into t_menu_fun_module (uuid, mfm_name,parent_id,mfm_location,mfm_level,mfm_type, mfm_desc,mfm_status,is_modal_window,sort,create_user_id,update_user_id) VALUES ('FM0708', '商品销售统计', 'FM0400', 'StatisticsBusiness/CountItemSell.xaml', 3, 1, '""', 1, 0, 7, '34ff5c2e-6625-4d6d-ad39-d1745755b3a8','34ff5c2e-6625-4d6d-ad39-d1745755b3a8');
insert into t_menu_fun_module (uuid, mfm_name,parent_id,mfm_location,mfm_level,mfm_type, mfm_desc,mfm_status,is_modal_window,sort,create_user_id,update_user_id) VALUES ('FM0709', '商品采购统计', 'FM0400', 'StatisticsBusiness/CountItemPurchase.xaml', 3, 1, '""', 1, 0, 6, '34ff5c2e-6625-4d6d-ad39-d1745755b3a8','34ff5c2e-6625-4d6d-ad39-d1745755b3a8');
insert into t_menu_fun_module (uuid, mfm_name,parent_id,mfm_location,mfm_level,mfm_type, mfm_desc,mfm_status,is_modal_window,sort,create_user_id,update_user_id) VALUES ('FM0804', '尿检设备', 'FM0800', 'Equipment/UrineInstrument.xaml', 3, 1, '', 1, 0, 3, '34ff5c2e-6625-4d6d-ad39-d1745755b3a8','34ff5c2e-6625-4d6d-ad39-d1745755b3a8');
---t_menu_fun_module----


insert into t_menu_button (uuid,mfm_id,mfm_name,button_name,button_code,button_desc) VALUES (uuid(), 'FM0101', '会员管理', 'btn_Add;dg_Main.dg_Main_MouseDoubleClick', 'BTC10102', '会员管理会员增加');
insert into t_menu_button (uuid,mfm_id,mfm_name,button_name,button_code,button_desc) VALUES (uuid(), 'FM0101', '会员管理', 'dg_Main.dt_Operation.dg_Edit', 'BTC10103', '会员管理会员编辑');
insert into t_menu_button (uuid,mfm_id,mfm_name,button_name,button_code,button_desc) VALUES (uuid(), 'FM0101', '会员管理', 'btn_Delete;dg_Main.dt_Operation.dg_Delete', 'BTC10104', '会员管理会员删除');
insert into t_menu_button (uuid,mfm_id,mfm_name,button_name,button_code,button_desc) VALUES (uuid(), 'FM0102', '宠物管理', 'btn_AddPet', 'BTC10202', '宠物管理增加');
insert into t_menu_button (uuid,mfm_id,mfm_name,button_name,button_code,button_desc) VALUES (uuid(), 'FM0102', '宠物管理', 'dg_Pet.dt_Operation.dg_PetEdit;dg_Pet.dg_Pet_MouseDoubleClick', 'BTC10203', '宠物管理编辑');
insert into t_menu_button (uuid,mfm_id,mfm_name,button_name,button_code,button_desc) VALUES (uuid(), 'FM0102', '宠物管理', 'btn_DeletePet;dg_Pet.dt_Operation.dg_PetEdit.dg_PetDelete', 'BTC10204', '宠物管理删除');
insert into t_menu_button (uuid,mfm_id,mfm_name,button_name,button_code,button_desc) VALUES (uuid(), 'FM0201', '库存查询', 'dg_Main.dg_Main_MouseDoubleClick;dg_Main.dt_Operation.dg_Edit', 'BTC20102', '修改');
insert into t_menu_button (uuid,mfm_id,mfm_name,button_name,button_code,button_desc) VALUES (uuid(), 'FM0201', '库存查询', 'dg_Main.dt_Operation.dg_View', 'BTC20103', '日志查看');
insert into t_menu_button (uuid,mfm_id,mfm_name,button_name,button_code,button_desc) VALUES (uuid(), 'FM0202', '入库管理', 'btn_Add;dg_Main.dg_Main_MouseDoubleClick', 'BTC20202', '入库管理增加');
insert into t_menu_button (uuid,mfm_id,mfm_name,button_name,button_code,button_desc) VALUES (uuid(), 'FM0202', '入库管理', 'dg_Main.dt_Operation.dg_Edit', 'BTC20203', '入库管理编辑');
insert into t_menu_button (uuid,mfm_id,mfm_name,button_name,button_code,button_desc) VALUES (uuid(), 'FM0202', '入库管理', 'btn_Delete;dg_Main.dt_Operation.dg_Delete', 'BTC20204', '入库管理删除');
insert into t_menu_button (uuid,mfm_id,mfm_name,button_name,button_code,button_desc) VALUES (uuid(), 'FM0203', '出库管理', 'btn_Add;dg_Main.dg_Main_MouseDoubleClick', 'BTC20302', '出库管理增加');
insert into t_menu_button (uuid,mfm_id,mfm_name,button_name,button_code,button_desc) VALUES (1uuid()8, 'FM0203', '出库管理', 'dg_Main.dt_Operation.dg_Edit', 'BTC20303', '出库管理编辑');
insert into t_menu_button (uuid,mfm_id,mfm_name,button_name,button_code,button_desc) VALUES (uuid(), 'FM0203', '出库管理', 'btn_Delete;dg_Main.dt_Operation.dg_Delete', 'BTC20304', '出库管理删除');
insert into t_menu_button (uuid,mfm_id,mfm_name,button_name,button_code,button_desc) VALUES (uuid(), 'FM0204', '移库管理', 'btn_Add;dg_Main.dg_Main_MouseDoubleClick', 'BTC20402', '移库管理增加');
insert into t_menu_button (uuid,mfm_id,mfm_name,button_name,button_code,button_desc) VALUES (uuid(), 'FM0204', '移库管理', 'dg_Main.dt_Operation.dg_Edit', 'BTC20403', '移库管理编辑');
insert into t_menu_button (uuid,mfm_id,mfm_name,button_name,button_code,button_desc) VALUES (uuid(), 'FM0204', '移库管理', 'btn_Delete;dg_Main.dt_Operation.dg_Delete', 'BTC20404', '移库管理删除');
insert into t_menu_button (uuid,mfm_id,mfm_name,button_name,button_code,button_desc) VALUES (uuid(), 'FM0206', '退货管理', 'btn_Add;dg_Main.dg_Main_MouseDoubleClick', 'BTC20602', '退货管理增加');
insert into t_menu_button (uuid,mfm_id,mfm_name,button_name,button_code,button_desc) VALUES (uuid(), 'FM0206', '退货管理', 'dg_Main.dt_Operation.dg_Edit', 'BTC20603', '退货管理编辑');
insert into t_menu_button (uuid,mfm_id,mfm_name,button_name,button_code,button_desc) VALUES (uuid(), 'FM0206', '退货管理', 'btn_Delete;dg_Main.dt_Operation.dg_Delete', 'BTC20604', '退货管理删除');
insert into t_menu_button (uuid,mfm_id,mfm_name,button_name,button_code,button_desc) VALUES (uuid(), 'FM0301', '门诊挂号', 'btn_Search', 'BTC30101', '门诊挂号查询宠物');
insert into t_menu_button (uuid,mfm_id,mfm_name,button_name,button_code,button_desc) VALUES (uuid(), 'FM0301', '门诊挂号', 'btn_AddRegister;dg_Main.dg_Main_MouseDoubleClick', 'BTC30102', '门诊挂号增加');
insert into t_menu_button (uuid,mfm_id,mfm_name,button_name,button_code,button_desc) VALUES (uuid(), 'FM0301', '门诊挂号', 'btn_AddRandonGest', 'BTC30103', '门诊挂号散客挂号');
insert into t_menu_button (uuid,mfm_id,mfm_name,button_name,button_code,button_desc) VALUES (uuid(), 'FM0304', '挂号查询', 'btn_Add', 'BTC30402', '挂号查询增加');
insert into t_menu_button (uuid,mfm_id,mfm_name,button_name,button_code,button_desc) VALUES (uuid(), 'FM0304', '挂号查询', 'dg_Main.dt_Operator.dg_Edit;dg_Main.dg_Main_MouseDoubleClick', 'BTC30403', '挂号查询编辑');
insert into t_menu_button (uuid,mfm_id,mfm_name,button_name,button_code,button_desc) VALUES (uuid(), 'FM0304', '挂号查询', 'btn_Delete;dg_Main.dt_Operator.dg_Delete', 'BTC30404', '挂号查询删除');
insert into t_menu_button (uuid,mfm_id,mfm_name,button_name,button_code,button_desc) VALUES (uuid(), 'FM0305', '收费管理', 'dg_End', 'BTC30502', '收费管理结算');
insert into t_menu_button (uuid,mfm_id,mfm_name,button_name,button_code,button_desc) VALUES (uuid(), 'FM0307', '化验管理', 'dg_Main.dt_Operator.dg_Edit;dg_Main.dg_Main_MouseDoubleClick', 'BTC30702', '化验管理检查');
insert into t_menu_button (uuid,mfm_id,mfm_name,button_name,button_code,button_desc) VALUES (uuid(), 'FM0308', '影像管理', 'dg_Main.dt_Operator.dg_Edit;dg_Main.dg_Main_MouseDoubleClick', 'BTC30802', '影像管理检查');
insert into t_menu_button (uuid,mfm_id,mfm_name,button_name,button_code,button_desc) VALUES (uuid(), 'FM0309', '药房管理', 'dg_Main.dt_Operator.dg_Print', 'BTC30902', '药房管理打印');
insert into t_menu_button (uuid,mfm_id,mfm_name,button_name,button_code,button_desc) VALUES (uuid(), 'FM0309', '药房管理', 'dg_Main.dt_Operator.dg_Edit;dg_Main.dg_Main_MouseDoubleClick', 'BTC30903', '药房管理取药');
insert into t_menu_button (uuid,mfm_id,mfm_name,button_name,button_code,button_desc) VALUES (uuid(), 'FM0309', '药房管理', 'btn_Delete;dg_Main.dt_Operator.dg_Delete', 'BTC30904', '药房管理退回医生');
insert into t_menu_button (uuid,mfm_id,mfm_name,button_name,button_code,button_desc) VALUES (uuid(), 'FM0310', '疫苗登记', 'btn_Add;dg_Main.dg_Main_MouseDoubleClick', 'BTC31002', '疫苗登记增加');
insert into t_menu_button (uuid,mfm_id,mfm_name,button_name,button_code,button_desc) VALUES (uuid(), 'FM0310', '疫苗登记', 'dg_Main.dt_Operation.dg_Edit', 'BTC31003', '疫苗登记编辑');
insert into t_menu_button (uuid,mfm_id,mfm_name,button_name,button_code,button_desc) VALUES (uuid(), 'FM0310', '疫苗登记', 'btn_Delete;dg_Main.dt_Operation.dg_Delete', 'BTC31004', '疫苗登记删除');
insert into t_menu_button (uuid,mfm_id,mfm_name,button_name,button_code,button_desc) VALUES (uuid(), 'FM0312', '病案管理', 'dg_Main.dt_Operation.dg_Edit;dg_Main.dg_Main_MouseDoubleClick', 'BTC31202', '病案管理查看');
insert into t_menu_button (uuid,mfm_id,mfm_name,button_name,button_code,button_desc) VALUES (uuid(), 'FM0313', '寄养管理', 'btn_Add;dg_Main.dg_Main_MouseDoubleClick', 'BTC31302', '寄养管理增加');
insert into t_menu_button (uuid,mfm_id,mfm_name,button_name,button_code,button_desc) VALUES (uuid(), 'FM0313', '寄养管理', 'dg_Main.dt_Operation.dg_Edit', 'BTC31303', '寄养管理编辑');
insert into t_menu_button (uuid,mfm_id,mfm_name,button_name,button_code,button_desc) VALUES (uuid(), 'FM0313', '寄养管理', 'btn_Delete;dg_Main.dt_Operation.dg_Edit.dg_Delete', 'BTC31304', '寄养管理删除');
insert into t_menu_button (uuid,mfm_id,mfm_name,button_name,button_code,button_desc) VALUES (uuid(), 'FM0314', '住院管理', 'btn_Add;dg_Main.dg_Main_MouseDoubleClick', 'BTC31402', '住院管理增加');
insert into t_menu_button (uuid,mfm_id,mfm_name,button_name,button_code,button_desc) VALUES (uuid(), 'FM0314', '住院管理', 'dg_Main.dt_Operation.dg_Edit', 'BTC31403', '住院管理编辑');
insert into t_menu_button (uuid,mfm_id,mfm_name,button_name,button_code,button_desc) VALUES (uuid(), 'FM0314', '住院管理', 'btn_Delete;dg_Main.dt_Operation.dg_Edit.dg_Delete', 'BTC31404', '住院管理删除');
insert into t_menu_button (uuid,mfm_id,mfm_name,button_name,button_code,button_desc) VALUES (uuid(), 'FM0316', '结算单管理', 'dg_Main.dt_Operation.dg_End', 'BTC31603', '结算单查看');
insert into t_menu_button (uuid,mfm_id,mfm_name,button_name,button_code,button_desc) VALUES (uuid(), 'FM0601', '供应商信息管理', 'btn_Add;dg_Main.dg_Main_MouseDoubleClick', 'BTC60102', '供应商信息管理增加');
insert into t_menu_button (uuid,mfm_id,mfm_name,button_name,button_code,button_desc) VALUES (uuid(), 'FM0601', '供应商信息管理', 'dg_Main.dt_Operation.dg_Edit', 'BTC60103', '供应商信息管理编辑');
insert into t_menu_button (uuid,mfm_id,mfm_name,button_name,button_code,button_desc) VALUES (uuid(), 'FM0601', '供应商信息管理', 'btn_Delete;dg_Main.dt_Operation.dg_Delete', 'BTC60104', '供应商信息管理删除');
insert into t_menu_button (uuid,mfm_id,mfm_name,button_name,button_code,button_desc) VALUES (uuid(), 'FM0602', '仓库信息管理', 'btn_Add', 'BTC60202', '仓库信息管理增加');
insert into t_menu_button (uuid,mfm_id,mfm_name,button_name,button_code,button_desc) VALUES (uuid(), 'FM0602', '仓库信息管理', 'dg_Main.dt_Operation.dg_Edit;dg_Main.dg_Main_MouseDoubleClick', 'BTC60203', '仓库信息管理编辑');
insert into t_menu_button (uuid,mfm_id,mfm_name,button_name,button_code,button_desc) VALUES (uuid(), 'FM0602', '仓库信息管理', 'btn_Delete;dg_Main.dt_Operation.dg_Delete', 'BTC60204', '仓库信息管理删除');
insert into t_menu_button (uuid,mfm_id,mfm_name,button_name,button_code,button_desc) VALUES (uuid(), 'FM0603', '商品与服务管理', 'btn_Add', 'BTC60302', '商品与服务管理增加商品与服务');
insert into t_menu_button (uuid,mfm_id,mfm_name,button_name,button_code,button_desc) VALUES (uuid(), 'FM0603', '商品与服务管理', 'dg_Main.dt_Operator.dg_Edit;dg_Main.dg_Main_MouseDoubleClick', 'BTC60303', '商品与服务管理编辑商品与服务');
insert into t_menu_button (uuid,mfm_id,mfm_name,button_name,button_code,button_desc) VALUES (uuid(), 'FM0603', '商品与服务管理', 'btn_Delete;dg_Main.dt_Operator.dg_Delete', 'BTC60304', '商品与服务管理删除商品与服务');
insert into t_menu_button (uuid,mfm_id,mfm_name,button_name,button_code,button_desc) VALUES (uuid(), 'FM0604', '会员等级管理', 'btn_Search', 'BTC60401', '会员等级管理查询');
insert into t_menu_button (uuid,mfm_id,mfm_name,button_name,button_code,button_desc) VALUES (uuid(), 'FM0604', '会员等级管理', 'btn_Add', 'BTC60402', '会员等级管理增加');
insert into t_menu_button (uuid,mfm_id,mfm_name,button_name,button_code,button_desc) VALUES (uuid(), 'FM0604', '会员等级管理', 'dg_Main.dt_Operation.dg_Edit;dg_Main.dg_Main_MouseDoubleClick', 'BTC60403', '会员等级管理编辑');
insert into t_menu_button (uuid,mfm_id,mfm_name,button_name,button_code,button_desc) VALUES (uuid(), 'FM0604', '会员等级管理', 'btn_Delete;dg_Main.dt_Operation.dg_Delete', 'BTC60404', '会员等级管理删除');
insert into t_menu_button (uuid,mfm_id,mfm_name,button_name,button_code,button_desc) VALUES (uuid(), 'FM0605', '数据字典管理', 'btn_Add', 'BTC60502', '数据字典管理增加');
insert into t_menu_button (uuid,mfm_id,mfm_name,button_name,button_code,button_desc) VALUES (uuid(), 'FM0606', '员工管理', 'btn_Add', 'BTC60602', '员工管理增加');
insert into t_menu_button (uuid,mfm_id,mfm_name,button_name,button_code,button_desc) VALUES (uuid(), 'FM0606', '员工管理', 'dg_Main.dt_Operation.dg_Edit;dg_Main.dg_Main_MouseDoubleClick', 'BTC60603', '员工管理编辑');
insert into t_menu_button (uuid,mfm_id,mfm_name,button_name,button_code,button_desc) VALUES (uuid(), 'FM0606', '员工管理', 'btn_Delete;dg_Main.dt_Operation.dg_Delete', 'BTC60604', '员工管理删除');
insert into t_menu_button (uuid,mfm_id,mfm_name,button_name,button_code,button_desc) VALUES (uuid(), 'FM0608', '处方模板管理', 'btn_Add', 'BTC60802', '处方模板管理增加');
insert into t_menu_button (uuid,mfm_id,mfm_name,button_name,button_code,button_desc) VALUES (uuid(), 'FM0608', '处方模板管理', 'dg_MainTemplate.dt_Operator.dg_EditTemplate;dg_MainTemplate.dg_MainTemplate_MouseDoubleClick', 'BTC60803', '处方模板管理编辑');
insert into t_menu_button (uuid,mfm_id,mfm_name,button_name,button_code,button_desc) VALUES (uuid(), 'FM0608', '处方模板管理', 'btn_Delete;dg_MainTemplate.dt_Operator.dg_DeleteTemplate', 'BTC60804', '处方模板管理删除');
insert into t_menu_button (uuid,mfm_id,mfm_name,button_name,button_code,button_desc) VALUES (uuid(), 'FM0609', '化验项目管理', 'btn_AddType', 'BTC60901', '化验项目管理增加化验项目');
insert into t_menu_button (uuid,mfm_id,mfm_name,button_name,button_code,button_desc) VALUES (uuid(), 'FM0609', '化验项目管理', 'btn_DeleteType', 'BTC60902', '化验项目管理删除化验项目');
insert into t_menu_button (uuid,mfm_id,mfm_name,button_name,button_code,button_desc) VALUES (uuid(), 'FM0610', '宠物品种管理', 'btn_Add', 'BTC61002', '宠物品种管理增加');
insert into t_menu_button (uuid,mfm_id,mfm_name,button_name,button_code,button_desc) VALUES (uuid(), 'FM0610', '宠物品种管理', 'dg_Main.dt_Operator.dg_Edit;dg_Main.dg_Main_MouseDoubleClick', 'BTC61003', '宠物品种管理编辑');
insert into t_menu_button (uuid,mfm_id,mfm_name,button_name,button_code,button_desc) VALUES (uuid(), 'FM0610', '宠物品种管理', 'btn_Delete;dg_Main.dt_Operator.dg_Delete', 'BTC61004', '宠物品种管理删除');
insert into t_menu_button (uuid,mfm_id,mfm_name,button_name,button_code,button_desc) VALUES (uuid(), 'FM0310', '疫苗登记', 'btn_ShootAll;dg_Main.dt_Operation.dg_Shoot', 'BTC31005', '疫苗登记完成注射');
insert into t_menu_button (uuid,mfm_id,mfm_name,button_name,button_code,button_desc) VALUES (uuid(), 'FM0101', '会员管理', 'btn_Stop;dg_Main.dt_Operation.dg_Stop', 'BTC10105', '会员管理会员停用');
insert into t_menu_button (uuid,mfm_id,mfm_name,button_name,button_code,button_desc) VALUES (uuid(), 'FM0101', '会员管理', 'dg_Main.dt_Operation.dg_InputMoney', 'BTC10106', '会员管理会员充值');
insert into t_menu_button (uuid,mfm_id,mfm_name,button_name,button_code,button_desc) VALUES (uuid(), 'FM0101', '会员管理', 'btn_AddPet;dg_Main.dt_Operation2.dg_Pet_MouseDoubleClick', 'BTC10107', '会员管理宠物增加');
insert into t_menu_button (uuid,mfm_id,mfm_name,button_name,button_code,button_desc) VALUES (uuid(), 'FM0101', '会员管理', 'btn_DeletePet;dg_Main.dt_Operation2.dg_PetDelete', 'BTC10108', '会员管理宠物删除');
insert into t_menu_button (uuid,mfm_id,mfm_name,button_name,button_code,button_desc) VALUES (uuid(), 'FM0101', '会员管理', 'dg_Main.dt_Operation2.dg_PetEdit', 'BTC10109', '会员管理宠物编辑');
insert into t_menu_button (uuid,mfm_id,mfm_name,button_name,button_code,button_desc) VALUES (uuid(), 'FM0610', '宠物品种管理', 'btn_AddRace', 'BTC61005', '宠物品种管理增加种类');
insert into t_menu_button (uuid,mfm_id,mfm_name,button_name,button_code,button_desc) VALUES (uuid(), 'FM0610', '宠物品种管理', 'btn_DeleteRace', 'BTC61006', '宠物品种管理删除种类');
insert into t_menu_button (uuid,mfm_id,mfm_name,button_name,button_code,button_desc) VALUES (uuid(), 'FM0603', '商品与服务管理', 'btn_AddCate', 'BTC60305', '商品与服务管理增加类型');
insert into t_menu_button (uuid,mfm_id,mfm_name,button_name,button_code,button_desc) VALUES (uuid(), 'FM0603', '商品与服务管理', 'btn_DeleteCate', 'BTC60306', '商品与服务管理删除类型');
insert into t_menu_button (uuid,mfm_id,mfm_name,button_name,button_code,button_desc) VALUES (uuid(), 'FM0603', '商品与服务管理', 'btn_EditCate', 'BTC60307', '商品与服务管理修改类型');
insert into t_menu_button (uuid,mfm_id,mfm_name,button_name,button_code,button_desc) VALUES (uuid(), 'FM0606', '员工管理', 'btn_Stop;dg_Main.dt_Operation.dg_Stop', 'BTC60605', '员工管理停用');
insert into t_menu_button (uuid,mfm_id,mfm_name,button_name,button_code,button_desc) VALUES (uuid(), 'FM0608', '处方模板管理', 'btn_AddTemplate_tree', 'BTC60805', '处方模板管理增加模板类型');
insert into t_menu_button (uuid,mfm_id,mfm_name,button_name,button_code,button_desc) VALUES (uuid(), 'FM0608', '处方模板管理', 'btn_DeleteTemplate_tree', 'BTC60806', '处方模板管理删除模板类型');
insert into t_menu_button (uuid,mfm_id,mfm_name,button_name,button_code,button_desc) VALUES (uuid(), 'FM0608', '处方模板管理', 'btn_EditTemplate_tree', 'BTC60807', '处方模板管理修改模板类型');
insert into t_menu_button (uuid,mfm_id,mfm_name,button_name,button_code,button_desc) VALUES (uuid(), 'FM0609', '化验项目管理', 'btn_AddDetail', 'BTC60903', '化验项目管理增加化验项目明细');
insert into t_menu_button (uuid,mfm_id,mfm_name,button_name,button_code,button_desc) VALUES (uuid(), 'FM0609', '化验项目管理', 'btn_DeleteDetail;gd_Main.dt_Operator.dg_DeleteType', 'BTC60904', '化验项目管理编辑化验项目明细');
insert into t_menu_button (uuid,mfm_id,mfm_name,button_name,button_code,button_desc) VALUES (uuid(), 'FM0609', '化验项目管理', 'gd_Detail.dt_Operator2.dg_Edit;gd_Detail.gd_Detail_MouseDoubleClick', 'BTC60905', '化验项目管理删除化验项目明细');
insert into t_menu_button (uuid,mfm_id,mfm_name,button_name,button_code,button_desc) VALUES (uuid(), 'FM0609', '化验项目管理', 'gd_Detail.dt_Operator2.dg_Delete', 'BTC60906', '化验项目管理编辑化验项目明细参考值');
insert into t_menu_button (uuid,mfm_id,mfm_name,button_name,button_code,button_desc) VALUES (uuid(), 'FM0609', '化验项目管理', 'gd_Main.dt_Operator.dg_EditType;gd_Main.gd_Main_MouseDoubleClick', 'BTC60907', '化验项目管理删除化验项目明细参考值');
insert into t_menu_button (uuid,mfm_id,mfm_name,button_name,button_code,button_desc) VALUES (uuid(), 'FM0504', '权限配置', 'btn_Add;', 'FM050402', '权限设置增加');
insert into t_menu_button (uuid,mfm_id,mfm_name,button_name,button_code,button_desc) VALUES (uuid(), 'FM0504', '权限配置', 'dg_Main.dt_Operation.dg_Edit;dg_Main.dg_Main_MouseDoubleClick', 'FM050403', '权限设置编辑');
insert into t_menu_button (uuid,mfm_id,mfm_name,button_name,button_code,button_desc) VALUES (uuid(), 'FM0504', '权限配置', 'btn_Delete;dg_Main.dt_Operation.dg_Delete', 'FM050404', '权限设置删除');
insert into t_menu_button (uuid,mfm_id,mfm_name,button_name,button_code,button_desc) VALUES (uuid(), 'FM0101', '会员管理', '', 'BTC10110', '会员管理查看充值记录');
insert into t_menu_button (uuid,mfm_id,mfm_name,button_name,button_code,button_desc) VALUES (uuid(), 'FM0301', '门诊挂号', '', 'BTC30104', '门诊挂号编辑挂号信息');
insert into t_menu_button (uuid,mfm_id,mfm_name,button_name,button_code,button_desc) VALUES (uuid(), 'FM0202', '入库管理', '', 'BTC20205', '入库管理审核');
insert into t_menu_button (uuid,mfm_id,mfm_name,button_name,button_code,button_desc) VALUES (uuid(), 'FM0203', '出库管理', '', 'BTC20305', '出库管理审核');
insert into t_menu_button (uuid,mfm_id,mfm_name,button_name,button_code,button_desc) VALUES (uuid(), 'FM0204', '移库管理', '', 'BTC20405', '移库管理审核');
insert into t_menu_button (uuid,mfm_id,mfm_name,button_name,button_code,button_desc) VALUES (uuid(), 'FM0206', '退货管理', '', 'BTC20605', '退货管理审核');
insert into t_menu_button (uuid,mfm_id,mfm_name,button_name,button_code,button_desc) VALUES (uuid(), 'FM0603', '商品与服务管理', 'btn_InputModel', 'BTC60308', '商品与服务管理导入数据');
insert into t_menu_button (uuid,mfm_id,mfm_name,button_name,button_code,button_desc) VALUES (uuid(), 'FM0603', '商品与服务管理', 'btn_OutPutModel', 'BTC60309', '商品与服务管理导出模板');
insert into t_menu_button (uuid,mfm_id,mfm_name,button_name,button_code,button_desc) VALUES (uuid(), 'FM0201', '库存查询', 'btn_Input', 'BTC20104', '导入数据');
insert into t_menu_button (uuid,mfm_id,mfm_name,button_name,button_code,button_desc) VALUES (uuid(), 'FM0201', '库存查询', 'btn_OutPut', 'BTC20105', '导出数据');
insert into t_menu_button (uuid,mfm_id,mfm_name,button_name,button_code,button_desc) VALUES (uuid(), 'FM0320', '增加', 'btn_Add', 'BTC70002', '增加');
insert into t_menu_button (uuid,mfm_id,mfm_name,button_name,button_code,button_desc) VALUES (uuid(), 'FM0320', '删除', 'btn_Delete;dg_Main.dt_Operator.dg_Delete', 'BTC70003', '删除');
insert into t_menu_button (uuid,mfm_id,mfm_name,button_name,button_code,button_desc) VALUES (uuid(), 'FM0320', '编辑', 'dg_Main.dt_Operator.dg_Edit', 'BTC70004', '编辑');
insert into t_menu_button (uuid,mfm_id,mfm_name,button_name,button_code,button_desc) VALUES (uuid(), 'FM0506', '备份', 'btn_BackUp', 'BTC90001', '数据备份');
insert into t_menu_button (uuid,mfm_id,mfm_name,button_name,button_code,button_desc) VALUES (uuid(), 'FM0506', '还原', 'btn_Restore', 'BTC90002', '数据还原');
insert into t_menu_button (uuid,mfm_id,mfm_name,button_name,button_code,button_desc) VALUES (uuid(), 'FM0316', '结算单管理', 'btn_PrintAgain', 'BTC31605', '重打小票');
insert into t_menu_button (uuid,mfm_id,mfm_name,button_name,button_code,button_desc) VALUES (uuid(), 'FM0201', '库存查询', 'btn_UpdateItemCount', 'BTC20106', '更新账面库存');
insert into t_menu_button (uuid,mfm_id,mfm_name,button_name,button_code,button_desc) VALUES (uuid(), 'FM0201', '库存查询', 'dg_Delete', 'BTC20107', '删除');
insert into t_menu_button (uuid,mfm_id,mfm_name,button_name,button_code,button_desc) VALUES (uuid(), 'FM0321', '退货管理', 'btn_Add', 'BTC31801', '退货管理增加');
insert into t_menu_button (uuid,mfm_id,mfm_name,button_name,button_code,button_desc) VALUES (uuid(), 'FM0305', '收费管理', 'btnZK', 'BTC30503', '收费管理折扣');
insert into t_menu_button (uuid,mfm_id,mfm_name,button_name,button_code,button_desc) VALUES (uuid(), 'FM0603', '商品与服务管理', 'btn_OutPutData', 'BTC60310', '商品与服务管理导出数据');
insert into t_menu_button (uuid,mfm_id,mfm_name,button_name,button_code,button_desc) VALUES (uuid(), 'FM0605', '商品与服务管理', 'btn_Edit', 'BTC60503', '数据字典管理修改');
insert into t_menu_button (uuid,mfm_id,mfm_name,button_name,button_code,button_desc) VALUES (uuid(), 'FM0605', '商品与服务管理', 'btn_Edit', 'BTC60504', '数据字典管理修改');
insert into t_menu_button (uuid,mfm_id,mfm_name,button_name,button_code,button_desc) VALUES (uuid(), 'FM0606', '员工管理', 'btn_Input', 'BTC60606', '预约设置');
insert into t_menu_button (uuid,mfm_id,mfm_name,button_name,button_code,button_desc) VALUES (uuid(), 'FM0609', '化验项目管理', '', 'BTC60908', '化验项目管理增加化验项目明细参考值');
insert into t_menu_button (uuid,mfm_id,mfm_name,button_name,button_code,button_desc) VALUES (uuid(), 'FM0609', '化验项目管理', '', 'BTC60909', '化验项目管理编辑化验项目');
insert into t_menu_button (uuid,mfm_id,mfm_name,button_name,button_code,button_desc) VALUES (uuid(), 'FM0101', '会员管理', '', 'BTC10112', '会员管理会员导入');
insert into t_menu_button (uuid,mfm_id,mfm_name,button_name,button_code,button_desc) VALUES (uuid(), 'FM0101', '会员管理', '', 'BTC10113', '会员管理导出模板');
insert into t_menu_button (uuid,mfm_id,mfm_name,button_name,button_code,button_desc) VALUES (uuid(), 'FM0102', '宠物管理', '', 'BTC10206', '宠物管理宠物导入');
insert into t_menu_button (uuid,mfm_id,mfm_name,button_name,button_code,button_desc) VALUES (uuid(), 'FM0102', '宠物管理', '', 'BTC10207', '宠物管理导出模板');
---t_menu_button---
---t_expenses_cate---
insert into t_expenses_cate (uuid, cate_no, cate_name, create_user_id,update_user_id) VALUES (uuid(), 'EC0001', '办公', '34ff5c2e-6625-4d6d-ad39-d1745755b3a8','34ff5c2e-6625-4d6d-ad39-d1745755b3a8');
insert into t_expenses_cate (uuid, cate_no, cate_name, create_user_id,update_user_id) VALUES (uuid(), 'EC0002', '房水电', '34ff5c2e-6625-4d6d-ad39-d1745755b3a8','34ff5c2e-6625-4d6d-ad39-d1745755b3a8');
insert into t_expenses_cate (uuid, cate_no, cate_name, create_user_id,update_user_id) VALUES (uuid(), 'EC0003', '工资及保险', '34ff5c2e-6625-4d6d-ad39-d1745755b3a8','34ff5c2e-6625-4d6d-ad39-d1745755b3a8');
insert into t_expenses_cate (uuid, cate_no, cate_name, create_user_id,update_user_id) VALUES (uuid(), 'EC0004', '固定资产', '34ff5c2e-6625-4d6d-ad39-d1745755b3a8','34ff5c2e-6625-4d6d-ad39-d1745755b3a8');
insert into t_expenses_cate (uuid, cate_no, cate_name, create_user_id,update_user_id) VALUES (uuid(), 'EC0005', '广告', '34ff5c2e-6625-4d6d-ad39-d1745755b3a8','34ff5c2e-6625-4d6d-ad39-d1745755b3a8');
insert into t_expenses_cate (uuid, cate_no, cate_name, create_user_id,update_user_id) VALUES (uuid(), 'EC0006', '化验', '34ff5c2e-6625-4d6d-ad39-d1745755b3a8','34ff5c2e-6625-4d6d-ad39-d1745755b3a8');
insert into t_expenses_cate (uuid, cate_no, cate_name, create_user_id,update_user_id) VALUES (uuid(), 'EC0007', '机械', '34ff5c2e-6625-4d6d-ad39-d1745755b3a8','34ff5c2e-6625-4d6d-ad39-d1745755b3a8');
insert into t_expenses_cate (uuid, cate_no, cate_name, create_user_id,update_user_id) VALUES (uuid(), 'EC0008', '交通', '34ff5c2e-6625-4d6d-ad39-d1745755b3a8','34ff5c2e-6625-4d6d-ad39-d1745755b3a8');
insert into t_expenses_cate (uuid, cate_no, cate_name, create_user_id,update_user_id) VALUES (uuid(), 'EC0009', '美容', '34ff5c2e-6625-4d6d-ad39-d1745755b3a8','34ff5c2e-6625-4d6d-ad39-d1745755b3a8');
insert into t_expenses_cate (uuid, cate_no, cate_name, create_user_id,update_user_id) VALUES (uuid(), 'EC0010', '培训', '34ff5c2e-6625-4d6d-ad39-d1745755b3a8','34ff5c2e-6625-4d6d-ad39-d1745755b3a8');
insert into t_expenses_cate (uuid, cate_no, cate_name, create_user_id,update_user_id) VALUES (uuid(), 'EC0011', '其他', '34ff5c2e-6625-4d6d-ad39-d1745755b3a8','34ff5c2e-6625-4d6d-ad39-d1745755b3a8');
insert into t_expenses_cate (uuid, cate_no, cate_name, create_user_id,update_user_id) VALUES (uuid(), 'EC0012', '日用卫生', '34ff5c2e-6625-4d6d-ad39-d1745755b3a8','34ff5c2e-6625-4d6d-ad39-d1745755b3a8');
insert into t_expenses_cate (uuid, cate_no, cate_name, create_user_id,update_user_id) VALUES (uuid(), 'EC0013', '税金', '34ff5c2e-6625-4d6d-ad39-d1745755b3a8','34ff5c2e-6625-4d6d-ad39-d1745755b3a8');
insert into t_expenses_cate (uuid, cate_no, cate_name, create_user_id,update_user_id) VALUES (uuid(), 'EC0014', '维修', '34ff5c2e-6625-4d6d-ad39-d1745755b3a8','34ff5c2e-6625-4d6d-ad39-d1745755b3a8');
insert into t_expenses_cate (uuid, cate_no, cate_name, create_user_id,update_user_id) VALUES (uuid(), 'EC0015', '药品', '34ff5c2e-6625-4d6d-ad39-d1745755b3a8','34ff5c2e-6625-4d6d-ad39-d1745755b3a8');
insert into t_expenses_cate (uuid, cate_no, cate_name, create_user_id,update_user_id) VALUES (uuid(), 'EC0016', '医耗', '34ff5c2e-6625-4d6d-ad39-d1745755b3a8','34ff5c2e-6625-4d6d-ad39-d1745755b3a8');
insert into t_expenses_cate (uuid, cate_no, cate_name, create_user_id,update_user_id) VALUES (uuid(), 'EC0017', '医械', '34ff5c2e-6625-4d6d-ad39-d1745755b3a8','34ff5c2e-6625-4d6d-ad39-d1745755b3a8');
insert into t_expenses_cate (uuid, cate_no, cate_name, create_user_id,update_user_id) VALUES (uuid(), 'EC0018', '招待费', '34ff5c2e-6625-4d6d-ad39-d1745755b3a8','34ff5c2e-6625-4d6d-ad39-d1745755b3a8');
insert into t_expenses_cate (uuid, cate_no, cate_name, create_user_id,update_user_id) VALUES (uuid(), 'EC0019', '职工餐', '34ff5c2e-6625-4d6d-ad39-d1745755b3a8','34ff5c2e-6625-4d6d-ad39-d1745755b3a8');
insert into t_expenses_cate (uuid, cate_no, cate_name, create_user_id,update_user_id) VALUES (uuid(), 'EC0020', '住寄', '34ff5c2e-6625-4d6d-ad39-d1745755b3a8','34ff5c2e-6625-4d6d-ad39-d1745755b3a8');
insert into t_expenses_cate (uuid, cate_no, cate_name, create_user_id,update_user_id) VALUES (uuid(), 'EC0021', '销售', '34ff5c2e-6625-4d6d-ad39-d1745755b3a8','34ff5c2e-6625-4d6d-ad39-d1745755b3a8');
---t_expenses_cate---
---t_chemical_exam_cate---
insert into t_chemical_exam_cate (uuid, cate_no, parent_id, cate_name, source, source_changed_reason, remark,create_user_id,update_user_id) VALUES (uuid(), 'C0001', '', '血常规','authority', NULL, '','34ff5c2e-6625-4d6d-ad39-d1745755b3a8','34ff5c2e-6625-4d6d-ad39-d1745755b3a8');
insert into t_chemical_exam_cate (uuid, cate_no, parent_id, cate_name, source, source_changed_reason, remark,create_user_id,update_user_id) VALUES (uuid(), 'C0002', '', '生化分析', 'authority', NULL, '','34ff5c2e-6625-4d6d-ad39-d1745755b3a8','34ff5c2e-6625-4d6d-ad39-d1745755b3a8');
insert into t_chemical_exam_cate (uuid, cate_no, parent_id, cate_name, source, source_changed_reason, remark,create_user_id,update_user_id) VALUES (uuid(), 'C0003', '', '凝血实验','authority', NULL, '','34ff5c2e-6625-4d6d-ad39-d1745755b3a8','34ff5c2e-6625-4d6d-ad39-d1745755b3a8');
insert into t_chemical_exam_cate (uuid, cate_no, parent_id, cate_name, source, source_changed_reason, remark,create_user_id,update_user_id) VALUES (uuid(), 'C0004', '', '电解质分析', 'authority', NULL, '','34ff5c2e-6625-4d6d-ad39-d1745755b3a8','34ff5c2e-6625-4d6d-ad39-d1745755b3a8');
insert into t_chemical_exam_cate (uuid, cate_no, parent_id, cate_name, source, source_changed_reason, remark,create_user_id,update_user_id) VALUES (uuid(), 'C0005', '', '血气分析', 'authority', NULL, '','34ff5c2e-6625-4d6d-ad39-d1745755b3a8','34ff5c2e-6625-4d6d-ad39-d1745755b3a8');
insert into t_chemical_exam_cate (uuid, cate_no, parent_id, cate_name, source, source_changed_reason, remark,create_user_id,update_user_id) VALUES (uuid(), 'C0006', '', '激素分析', 'authority', NULL, '','34ff5c2e-6625-4d6d-ad39-d1745755b3a8','34ff5c2e-6625-4d6d-ad39-d1745755b3a8');
insert into t_chemical_exam_cate (uuid, cate_no, parent_id, cate_name, source, source_changed_reason, remark,create_user_id,update_user_id) VALUES (uuid(), 'C0007', '', '尿检', 'authority', NULL, '','34ff5c2e-6625-4d6d-ad39-d1745755b3a8','34ff5c2e-6625-4d6d-ad39-d1745755b3a8');
insert into t_chemical_exam_cate (uuid, cate_no, parent_id, cate_name, source, source_changed_reason, remark,create_user_id,update_user_id) VALUES (uuid(), 'C0008', '', '粪检', 'authority', NULL, '','34ff5c2e-6625-4d6d-ad39-d1745755b3a8','34ff5c2e-6625-4d6d-ad39-d1745755b3a8');
insert into t_chemical_exam_cate (uuid, cate_no, parent_id, cate_name, source, source_changed_reason, remark,create_user_id,update_user_id) VALUES (uuid(), 'C0009', '', '显微镜检查', 'authority', NULL, '','34ff5c2e-6625-4d6d-ad39-d1745755b3a8','34ff5c2e-6625-4d6d-ad39-d1745755b3a8');
insert into t_chemical_exam_cate (uuid, cate_no, parent_id, cate_name, source, source_changed_reason, remark,create_user_id,update_user_id) VALUES (uuid(), 'C0009001', 'C0009', '便检验', 'authority', NULL, '','34ff5c2e-6625-4d6d-ad39-d1745755b3a8','34ff5c2e-6625-4d6d-ad39-d1745755b3a8');
insert into t_chemical_exam_cate (uuid, cate_no, parent_id, cate_name, source, source_changed_reason, remark,create_user_id,update_user_id) VALUES (uuid(), 'C0009002', 'C0009', '尿检验', 'authority', NULL, '','34ff5c2e-6625-4d6d-ad39-d1745755b3a8','34ff5c2e-6625-4d6d-ad39-d1745755b3a8');
insert into t_chemical_exam_cate (uuid, cate_no, parent_id, cate_name, source, source_changed_reason, remark,create_user_id,update_user_id) VALUES (uuid(), 'C0009003', 'C0009', '皮肤损伤检验', 'authority', NULL, '','34ff5c2e-6625-4d6d-ad39-d1745755b3a8','34ff5c2e-6625-4d6d-ad39-d1745755b3a8');
---t_chemical_exam_cate---